index_id,index_name,symbol,valid_from,valid_to,weightage,source,source_url,notes
217,Nifty 50,JPASSOCIAT,2014-01-01,2014-03-28,,snapshot_floor,,closed by ind_prs27022014.pdf
217,Nifty 50,RANBAXY,2014-01-01,2014-03-28,,snapshot_floor,,closed by ind_prs27022014.pdf
217,Nifty 50,MCDOWELL-N,2014-03-28,2014-09-19,,press_release,https://niftyindices.com/Press_Release/ind_prs27022014.pdf,closed by ind_prs20082014.pdf
217,Nifty 50,DLF,2014-01-01,2015-03-27,,snapshot_floor,,closed by ind_prs20022015.pdf
217,Nifty 50,JINDALSTEL,2014-01-01,2015-03-27,,snapshot_floor,,closed by ind_prs20022015.pdf
217,Nifty 50,NMDC,2014-01-01,2015-09-28,,snapshot_floor,,closed by ind_prs12082015.pdf
217,Nifty 50,BHEL,2014-01-01,2017-03-31,,snapshot_floor,,closed by ind_prs16022017.pdf
217,Nifty 50,IDEA,2015-03-27,2017-03-31,,press_release,https://niftyindices.com/Press_Release/ind_prs20022015.pdf,closed by ind_prs16022017.pdf
217,Nifty 50,GRASIM,2014-01-01,2017-05-26,,snapshot_floor,,closed by ind_prs27042017.pdf
217,Nifty 50,ACC,2014-01-01,2017-09-29,,snapshot_floor,,closed by ind_prs28082017.pdf
217,Nifty 50,BANKBARODA,2014-01-01,2017-09-29,,snapshot_floor,,closed by ind_prs28082017.pdf
217,Nifty 50,TATAPOWER,2014-01-01,2017-09-29,,snapshot_floor,,closed by ind_prs28082017.pdf
217,Nifty 50,AMBUJACEM,2014-01-01,2018-04-02,,snapshot_floor,,closed by ind_prs21022018.pdf
217,Nifty 50,AUROPHARMA,2014-01-01,2018-04-02,,snapshot_floor,,closed by ind_prs21022018.pdf
217,Nifty 50,BOSCHLTD,2014-01-01,2018-04-02,,snapshot_floor,,closed by ind_prs21022018.pdf
217,Nifty 50,LUPIN,2014-01-01,2018-09-28,,snapshot_floor,,closed by ind_prs28082018.pdf
217,Nifty 50,HINDPETRO,2017-09-29,2019-03-29,,press_release,https://niftyindices.com/Press_Release/ind_prs28082017.pdf,closed by ind_prs25022019.pdf
217,Nifty 50,SAMMAANCAP,2017-03-31,2019-09-27,,press_release,https://niftyindices.com/Press_Release/ind_prs16022017.pdf,closed by ind_prs28082019.pdf
217,Nifty 50,YESBANK,2015-03-27,2020-03-27,,press_release,https://niftyindices.com/Press_Release/ind_prs20022015.pdf,closed by ind_prs18022020.pdf
217,Nifty 50,VEDL,2017-05-26,2020-07-31,,press_release,https://niftyindices.com/Press_Release/ind_prs27042017.pdf,closed by ind_prs02072020_1.pdf
217,Nifty 50,INDUSTOWER,2014-01-01,2020-09-25,,snapshot_floor,,closed by ind_prs20082020.pdf
217,Nifty 50,ZEEL,2014-09-19,2020-09-25,,press_release,https://niftyindices.com/Press_Release/ind_prs20082014.pdf,closed by ind_prs20082020.pdf
217,Nifty 50,GAIL,2014-01-01,2021-03-31,,snapshot_floor,,closed by ind_prs23022021.pdf
217,Nifty 50,IOC,2017-03-31,2022-03-31,,press_release,https://niftyindices.com/Press_Release/ind_prs16022017.pdf,closed by ind_prs24022022_1.pdf
217,Nifty 50,SHREECEM,2020-03-27,2022-09-30,,press_release,https://niftyindices.com/Press_Release/ind_prs18022020.pdf,closed by ind_prs01092022.pdf
217,Nifty 50,HDFC,2014-01-01,2023-07-13,,snapshot_floor,,closed by ind_prs04072023.pdf
217,Nifty 50,UPL,2017-09-29,2024-03-28,,press_release,https://niftyindices.com/Press_Release/ind_prs28082017.pdf,closed by ind_prs28022024.pdf
217,Nifty 50,DIVISLAB,2020-09-25,2024-09-30,,press_release,https://niftyindices.com/Press_Release/ind_prs20082020.pdf,closed by ind_prs23082024.pdf
217,Nifty 50,LTM,2023-07-13,2024-09-30,,press_release,https://niftyindices.com/Press_Release/ind_prs04072023.pdf,closed by ind_prs23082024.pdf
217,Nifty 50,BPCL,2014-01-01,2025-03-28,,snapshot_floor,,closed by ind_prs21022025.pdf
217,Nifty 50,BRITANNIA,2019-03-29,2025-03-28,,press_release,https://niftyindices.com/Press_Release/ind_prs25022019.pdf,closed by ind_prs21022025.pdf
217,Nifty 50,HEROMOTOCO,2014-01-01,2025-09-30,,snapshot_floor,,closed by ind_prs22082025.pdf
217,Nifty 50,INDUSINDBK,2014-01-01,2025-09-30,,snapshot_floor,,closed by ind_prs22082025.pdf
217,Nifty 50,AXISBANK,2014-01-01,,,snapshot_floor,,
217,Nifty 50,TMPV,2014-01-01,,,snapshot_floor,,
217,Nifty 50,WIPRO,2014-01-01,,,snapshot_floor,,
217,Nifty 50,HINDALCO,2014-01-01,,,snapshot_floor,,
217,Nifty 50,POWERGRID,2014-01-01,,,snapshot_floor,,
217,Nifty 50,HDFCBANK,2014-01-01,,,snapshot_floor,,
217,Nifty 50,ITC,2014-01-01,,,snapshot_floor,,
217,Nifty 50,SBIN,2014-01-01,,,snapshot_floor,,
217,Nifty 50,INFY,2014-01-01,,,snapshot_floor,,
217,Nifty 50,HINDUNILVR,2014-01-01,,,snapshot_floor,,
217,Nifty 50,BHARTIARTL,2014-01-01,,,snapshot_floor,,
217,Nifty 50,CIPLA,2014-01-01,,,snapshot_floor,,
217,Nifty 50,RELIANCE,2014-01-01,,,snapshot_floor,,
217,Nifty 50,KOTAKBANK,2014-01-01,,,snapshot_floor,,
217,Nifty 50,MARUTI,2014-01-01,,,snapshot_floor,,
217,Nifty 50,EICHERMOT,2014-01-01,,,snapshot_floor,,
217,Nifty 50,ULTRACEMCO,2014-01-01,,,snapshot_floor,,
217,Nifty 50,COALINDIA,2014-01-01,,,snapshot_floor,,
217,Nifty 50,ICICIBANK,2014-01-01,,,snapshot_floor,,
217,Nifty 50,M&M,2014-01-01,,,snapshot_floor,,
217,Nifty 50,LT,2014-01-01,,,snapshot_floor,,
217,Nifty 50,DRREDDY,2014-01-01,,,snapshot_floor,,
217,Nifty 50,TATASTEEL,2014-01-01,,,snapshot_floor,,
217,Nifty 50,ONGC,2014-01-01,,,snapshot_floor,,
217,Nifty 50,NTPC,2014-01-01,,,snapshot_floor,,
217,Nifty 50,BAJAJ-AUTO,2014-01-01,,,snapshot_floor,,
217,Nifty 50,TCS,2014-01-01,,,snapshot_floor,,
217,Nifty 50,SUNPHARMA,2014-01-01,,,snapshot_floor,,
217,Nifty 50,ASIANPAINT,2014-01-01,,,snapshot_floor,,
217,Nifty 50,HCLTECH,2014-01-01,,,snapshot_floor,,
217,Nifty 50,TECHM,2014-03-28,,,press_release,https://niftyindices.com/Press_Release/ind_prs27022014.pdf,
217,Nifty 50,ADANIPORTS,2015-09-28,,,press_release,https://niftyindices.com/Press_Release/ind_prs12082015.pdf,
217,Nifty 50,BAJFINANCE,2017-09-29,,,press_release,https://niftyindices.com/Press_Release/ind_prs28082017.pdf,
217,Nifty 50,BAJAJFINSV,2018-04-02,,,press_release,https://niftyindices.com/Press_Release/ind_prs21022018.pdf,
217,Nifty 50,GRASIM,2018-04-02,,,press_release,https://niftyindices.com/Press_Release/ind_prs21022018.pdf,
217,Nifty 50,TITAN,2018-04-02,,,press_release,https://niftyindices.com/Press_Release/ind_prs21022018.pdf,
217,Nifty 50,JSWSTEEL,2018-09-28,,,press_release,https://niftyindices.com/Press_Release/ind_prs28082018.pdf,
217,Nifty 50,NESTLEIND,2019-09-27,,,press_release,https://niftyindices.com/Press_Release/ind_prs28082019.pdf,
217,Nifty 50,HDFCLIFE,2020-07-31,,,press_release,https://niftyindices.com/Press_Release/ind_prs02072020_1.pdf,
217,Nifty 50,SBILIFE,2020-09-25,,,press_release,https://niftyindices.com/Press_Release/ind_prs20082020.pdf,
217,Nifty 50,TATACONSUM,2021-03-31,,,press_release,https://niftyindices.com/Press_Release/ind_prs23022021.pdf,
217,Nifty 50,APOLLOHOSP,2022-03-31,,,press_release,https://niftyindices.com/Press_Release/ind_prs24022022_1.pdf,
217,Nifty 50,ADANIENT,2022-09-30,,,press_release,https://niftyindices.com/Press_Release/ind_prs01092022.pdf,
217,Nifty 50,SHRIRAMFIN,2024-03-28,,,press_release,https://niftyindices.com/Press_Release/ind_prs28022024.pdf,
217,Nifty 50,BEL,2024-09-30,,,press_release,https://niftyindices.com/Press_Release/ind_prs23082024.pdf,
217,Nifty 50,TRENT,2024-09-30,,,press_release,https://niftyindices.com/Press_Release/ind_prs23082024.pdf,
217,Nifty 50,JIOFIN,2025-03-28,,,press_release,https://niftyindices.com/Press_Release/ind_prs21022025.pdf,
217,Nifty 50,ETERNAL,2025-03-28,,,press_release,https://niftyindices.com/Press_Release/ind_prs21022025.pdf,
217,Nifty 50,INDIGO,2025-09-30,,,press_release,https://niftyindices.com/Press_Release/ind_prs22082025.pdf,
217,Nifty 50,MAXHEALTH,2025-09-30,,,press_release,https://niftyindices.com/Press_Release/ind_prs22082025.pdf,
218,Nifty Next 50,IDBI,2014-01-01,2014-03-28,,snapshot_floor,,closed by ind_prs27022014.pdf
218,Nifty Next 50,TECHM,2014-01-01,2014-03-28,,snapshot_floor,,closed by ind_prs27022014.pdf
218,Nifty Next 50,MCDOWELL-N,2014-01-01,2014-03-28,,snapshot_floor,,closed by ind_prs27022014.pdf
218,Nifty Next 50,MPHASIS,2014-01-01,2014-09-19,,snapshot_floor,,closed by ind_prs20082014.pdf
218,Nifty Next 50,ZEEL,2014-01-01,2014-09-19,,snapshot_floor,,closed by ind_prs20082014.pdf
218,Nifty Next 50,IDEA,2014-01-01,2015-03-27,,snapshot_floor,,closed by ind_prs20022015.pdf
218,Nifty Next 50,YESBANK,2014-01-01,2015-03-27,,snapshot_floor,,closed by ind_prs20022015.pdf
218,Nifty Next 50,ADANIPORTS,2014-01-01,2015-09-28,,snapshot_floor,,closed by ind_prs12082015.pdf
218,Nifty Next 50,RPOWER,2014-01-01,2015-09-28,,snapshot_floor,,closed by ind_prs12082015.pdf
218,Nifty Next 50,UNIONBANK,2014-01-01,2015-09-28,,snapshot_floor,,closed by ind_prs12082015.pdf
218,Nifty Next 50,CROMPGREAV,2014-01-01,2015-09-28,,snapshot_floor,,closed by ind_prs24082015.pdf
218,Nifty Next 50,ABIRLANUVO,2014-01-01,2015-10-19,,snapshot_floor,,closed by ind_prs18092015.pdf
218,Nifty Next 50,APOLLOHOSP,2014-01-01,2017-03-31,,snapshot_floor,,closed by ind_prs16022017.pdf
218,Nifty Next 50,BHARATFORG,2014-01-01,2017-03-31,,snapshot_floor,,closed by ind_prs16022017.pdf
218,Nifty Next 50,CASTROLIND,2014-01-01,2017-03-31,,snapshot_floor,,closed by ind_prs16022017.pdf
218,Nifty Next 50,SAMMAANCAP,2015-03-27,2017-03-31,,press_release,https://niftyindices.com/Press_Release/ind_prs20022015.pdf,closed by ind_prs16022017.pdf
218,Nifty Next 50,IOC,2015-10-19,2017-03-31,,press_release,https://niftyindices.com/Press_Release/ind_prs18092015.pdf,closed by ind_prs16022017.pdf
218,Nifty Next 50,VEDL,2014-01-01,2017-05-26,,snapshot_floor,,closed by ind_prs27042017.pdf
218,Nifty Next 50,BAJFINANCE,2014-01-01,2017-09-29,,snapshot_floor,,closed by ind_prs28082017.pdf
218,Nifty Next 50,DIVISLAB,2014-01-01,2017-09-29,,snapshot_floor,,closed by ind_prs28082017.pdf
218,Nifty Next 50,HINDPETRO,2014-01-01,2017-09-29,,snapshot_floor,,closed by ind_prs28082017.pdf
218,Nifty Next 50,UBL,2014-01-01,2017-09-29,,snapshot_floor,,closed by ind_prs28082017.pdf
218,Nifty Next 50,UPL,2014-01-01,2017-09-29,,snapshot_floor,,closed by ind_prs28082017.pdf
218,Nifty Next 50,BAJAJFINSV,2014-01-01,2018-04-02,,snapshot_floor,,closed by ind_prs21022018.pdf
218,Nifty Next 50,GSKCONS,2014-01-01,2018-04-02,,snapshot_floor,,closed by ind_prs21022018.pdf
218,Nifty Next 50,GLAXO,2014-01-01,2018-04-02,,snapshot_floor,,closed by ind_prs21022018.pdf
218,Nifty Next 50,GLENMARK,2014-01-01,2018-04-02,,snapshot_floor,,closed by ind_prs21022018.pdf
218,Nifty Next 50,TATAPOWER,2017-09-29,2018-04-02,,press_release,https://niftyindices.com/Press_Release/ind_prs28082017.pdf,closed by ind_prs21022018.pdf
218,Nifty Next 50,TITAN,2014-01-01,2018-04-02,,snapshot_floor,,closed by ind_prs21022018.pdf
218,Nifty Next 50,TORNTPHARM,2014-01-01,2018-04-02,,snapshot_floor,,closed by ind_prs21022018.pdf
218,Nifty Next 50,CUMMINSIND,2014-01-01,2018-09-28,,snapshot_floor,,closed by ind_prs28082018.pdf
218,Nifty Next 50,EMAMILTD,2014-01-01,2018-09-28,,snapshot_floor,,closed by ind_prs28082018.pdf
218,Nifty Next 50,JSWSTEEL,2014-01-01,2018-09-28,,snapshot_floor,,closed by ind_prs28082018.pdf
218,Nifty Next 50,PFC,2014-01-01,2018-09-28,,snapshot_floor,,closed by ind_prs28082018.pdf
218,Nifty Next 50,PNB,2014-01-01,2018-09-28,,snapshot_floor,,closed by ind_prs28082018.pdf
218,Nifty Next 50,RECLTD,2017-03-31,2018-09-28,,press_release,https://niftyindices.com/Press_Release/ind_prs16022017.pdf,closed by ind_prs28082018.pdf
218,Nifty Next 50,ABCAPITAL,2018-04-02,2019-03-29,,press_release,https://niftyindices.com/Press_Release/ind_prs21022018.pdf,closed by ind_prs25022019.pdf
218,Nifty Next 50,BEL,2014-01-01,2019-03-29,,snapshot_floor,,closed by ind_prs25022019.pdf
218,Nifty Next 50,BRITANNIA,2014-01-01,2019-03-29,,snapshot_floor,,closed by ind_prs25022019.pdf
218,Nifty Next 50,LICHSGFIN,2014-01-01,2019-03-29,,snapshot_floor,,closed by ind_prs25022019.pdf
218,Nifty Next 50,OIL,2014-01-01,2019-03-29,,snapshot_floor,,closed by ind_prs25022019.pdf
218,Nifty Next 50,SUNTV,2017-05-26,2019-03-29,,press_release,https://niftyindices.com/Press_Release/ind_prs27042017.pdf,closed by ind_prs25022019.pdf
218,Nifty Next 50,BHEL,2017-03-31,2019-09-27,,press_release,https://niftyindices.com/Press_Release/ind_prs16022017.pdf,closed by ind_prs28082019.pdf
218,Nifty Next 50,MRF,2017-09-29,2019-09-27,,press_release,https://niftyindices.com/Press_Release/ind_prs28082017.pdf,closed by ind_prs28082019.pdf
218,Nifty Next 50,SHREECEM,2014-01-01,2020-03-27,,snapshot_floor,,closed by ind_prs18022020.pdf
218,Nifty Next 50,ASHOKLEY,2015-09-28,2020-06-26,,press_release,https://niftyindices.com/Press_Release/ind_prs24082015.pdf,closed by ind_prs10062020.pdf
218,Nifty Next 50,SAMMAANCAP,2019-09-27,2020-06-26,,press_release,https://niftyindices.com/Press_Release/ind_prs28082019.pdf,closed by ind_prs10062020.pdf
218,Nifty Next 50,LTF,2018-04-02,2020-06-26,,press_release,https://niftyindices.com/Press_Release/ind_prs21022018.pdf,closed by ind_prs10062020.pdf
218,Nifty Next 50,NIACL,2018-09-28,2020-06-26,,press_release,https://niftyindices.com/Press_Release/ind_prs28082018.pdf,closed by ind_prs10062020.pdf
218,Nifty Next 50,IDEA,2017-03-31,2020-06-26,,press_release,https://niftyindices.com/Press_Release/ind_prs16022017.pdf,closed by ind_prs10062020.pdf
218,Nifty Next 50,HDFCLIFE,2018-09-28,2020-07-31,,press_release,https://niftyindices.com/Press_Release/ind_prs28082018.pdf,closed by ind_prs02072020_1.pdf
218,Nifty Next 50,DIVISLAB,2019-03-29,2020-09-25,,press_release,https://niftyindices.com/Press_Release/ind_prs25022019.pdf,closed by ind_prs20082020.pdf
218,Nifty Next 50,NHPC,2014-01-01,2020-09-25,,snapshot_floor,,closed by ind_prs20082020.pdf
218,Nifty Next 50,PAGEIND,2019-03-29,2020-09-25,,press_release,https://niftyindices.com/Press_Release/ind_prs25022019.pdf,closed by ind_prs20082020.pdf
218,Nifty Next 50,SBILIFE,2018-04-02,2020-09-25,,press_release,https://niftyindices.com/Press_Release/ind_prs21022018.pdf,closed by ind_prs20082020.pdf
218,Nifty Next 50,SHRIRAMFIN,2014-01-01,2020-09-25,,snapshot_floor,,closed by ind_prs20082020.pdf
218,Nifty Next 50,BANKBARODA,2017-09-29,2021-03-31,,press_release,https://niftyindices.com/Press_Release/ind_prs28082017.pdf,closed by ind_prs23022021.pdf
218,Nifty Next 50,CONCOR,2014-01-01,2021-03-31,,snapshot_floor,,closed by ind_prs23022021.pdf
218,Nifty Next 50,GICRE,2018-04-02,2021-03-31,,press_release,https://niftyindices.com/Press_Release/ind_prs21022018.pdf,closed by ind_prs23022021.pdf
218,Nifty Next 50,HINDZINC,2014-01-01,2021-03-31,,snapshot_floor,,closed by ind_prs23022021.pdf
218,Nifty Next 50,OFSS,2014-01-01,2021-03-31,,snapshot_floor,,closed by ind_prs23022021.pdf
218,Nifty Next 50,PFC,2019-09-27,2021-03-31,,press_release,https://niftyindices.com/Press_Release/ind_prs28082019.pdf,closed by ind_prs23022021.pdf
218,Nifty Next 50,TATACONSUM,2020-09-25,2021-03-31,,press_release,https://niftyindices.com/Press_Release/ind_prs20082020.pdf,closed by ind_prs23022021.pdf
218,Nifty Next 50,MOTHERSON,2014-09-19,2021-06-30,,press_release,https://niftyindices.com/Press_Release/ind_prs20082014.pdf,closed by ind_prs15062021.pdf
218,Nifty Next 50,ABBOTINDIA,2020-06-26,2021-09-30,,press_release,https://niftyindices.com/Press_Release/ind_prs10062020.pdf,closed by ind_prs23082021.pdf
218,Nifty Next 50,ALKEM,2020-09-25,2021-09-30,,press_release,https://niftyindices.com/Press_Release/ind_prs20082020.pdf,closed by ind_prs23082021.pdf
218,Nifty Next 50,PETRONET,2017-03-31,2021-09-30,,press_release,https://niftyindices.com/Press_Release/ind_prs16022017.pdf,closed by ind_prs23082021.pdf
218,Nifty Next 50,APOLLOHOSP,2021-03-31,2022-03-31,,press_release,https://niftyindices.com/Press_Release/ind_prs23022021.pdf,closed by ind_prs24022022_1.pdf
218,Nifty Next 50,AUROPHARMA,2018-04-02,2022-03-31,,press_release,https://niftyindices.com/Press_Release/ind_prs21022018.pdf,closed by ind_prs24022022_1.pdf
218,Nifty Next 50,HINDPETRO,2019-03-29,2022-03-31,,press_release,https://niftyindices.com/Press_Release/ind_prs25022019.pdf,closed by ind_prs24022022_1.pdf
218,Nifty Next 50,IGL,2020-06-26,2022-03-31,,press_release,https://niftyindices.com/Press_Release/ind_prs10062020.pdf,closed by ind_prs24022022_1.pdf
218,Nifty Next 50,JINDALSTEL,2014-01-01,2022-03-31,,snapshot_floor,,closed by ind_prs24022022_1.pdf
218,Nifty Next 50,YESBANK,2021-03-31,2022-03-31,,press_release,https://niftyindices.com/Press_Release/ind_prs23022021.pdf,closed by ind_prs24022022_1.pdf
218,Nifty Next 50,NMDC,2015-09-28,2022-08-08,,press_release,https://niftyindices.com/Press_Release/ind_prs12082015.pdf,closed by ind_prs11072022.pdf
218,Nifty Next 50,PEL,2014-01-01,2022-08-08,,snapshot_floor,,closed by ind_prs11072022.pdf
218,Nifty Next 50,ADANIENT,2021-03-31,2022-09-30,,press_release,https://niftyindices.com/Press_Release/ind_prs23022021.pdf,closed by ind_prs01092022.pdf
218,Nifty Next 50,JUBLFOOD,2021-03-31,2022-09-30,,press_release,https://niftyindices.com/Press_Release/ind_prs23022021.pdf,closed by ind_prs01092022.pdf
218,Nifty Next 50,LUPIN,2018-09-28,2022-09-30,,press_release,https://niftyindices.com/Press_Release/ind_prs28082018.pdf,closed by ind_prs01092022.pdf
218,Nifty Next 50,PNB,2019-09-27,2022-09-30,,press_release,https://niftyindices.com/Press_Release/ind_prs28082019.pdf,closed by ind_prs01092022.pdf
218,Nifty Next 50,SAIL,2014-01-01,2022-09-30,,snapshot_floor,,closed by ind_prs01092022.pdf
218,Nifty Next 50,ZYDUSLIFE,2014-01-01,2022-09-30,,snapshot_floor,,closed by ind_prs01092022.pdf
218,Nifty Next 50,BANDHANBNK,2018-09-28,2023-03-31,,press_release,https://niftyindices.com/Press_Release/ind_prs28082018.pdf,closed by ind_prs17022023_1.pdf
218,Nifty Next 50,BIOCON,2018-09-28,2023-03-31,,press_release,https://niftyindices.com/Press_Release/ind_prs28082018.pdf,closed by ind_prs17022023_1.pdf
218,Nifty Next 50,GLAND,2021-06-30,2023-03-31,,press_release,https://niftyindices.com/Press_Release/ind_prs15062021.pdf,closed by ind_prs17022023_1.pdf
218,Nifty Next 50,MPHASIS,2022-09-30,2023-03-31,,press_release,https://niftyindices.com/Press_Release/ind_prs01092022.pdf,closed by ind_prs17022023_1.pdf
218,Nifty Next 50,PAYTM,2022-03-31,2023-03-31,,press_release,https://niftyindices.com/Press_Release/ind_prs24022022_1.pdf,closed by ind_prs17022023_1.pdf
218,Nifty Next 50,ACC,2017-09-29,2023-09-29,,press_release,https://niftyindices.com/Press_Release/ind_prs28082017.pdf,closed by ind_prs17082023.pdf
218,Nifty Next 50,NYKAA,2022-03-31,2023-09-29,,press_release,https://niftyindices.com/Press_Release/ind_prs24022022_1.pdf,closed by ind_prs17082023.pdf
218,Nifty Next 50,HDFCAMC,2019-03-29,2023-09-29,,press_release,https://niftyindices.com/Press_Release/ind_prs25022019.pdf,closed by ind_prs17082023.pdf
218,Nifty Next 50,INDUSTOWER,2020-09-25,2023-09-29,,press_release,https://niftyindices.com/Press_Release/ind_prs20082020.pdf,closed by ind_prs17082023.pdf
218,Nifty Next 50,PAGEIND,2023-03-31,2023-09-29,,press_release,https://niftyindices.com/Press_Release/ind_prs17022023_1.pdf,closed by ind_prs17082023.pdf
218,Nifty Next 50,AWL,2023-03-31,2024-03-28,,press_release,https://niftyindices.com/Press_Release/ind_prs17022023_1.pdf,closed by ind_prs28022024.pdf
218,Nifty Next 50,MUTHOOTFIN,2020-06-26,2024-03-28,,press_release,https://niftyindices.com/Press_Release/ind_prs10062020.pdf,closed by ind_prs28022024.pdf
218,Nifty Next 50,PIIND,2014-01-01,2024-03-28,,snapshot_floor,,closed by ind_prs28022024.pdf
218,Nifty Next 50,PGHH,2014-01-01,2024-03-28,,snapshot_floor,,closed by ind_prs28022024.pdf
218,Nifty Next 50,SHRIRAMFIN,2023-09-29,2024-03-28,,press_release,https://niftyindices.com/Press_Release/ind_prs17082023.pdf,closed by ind_prs28022024.pdf
218,Nifty Next 50,BERGEPAINT,2019-09-27,2024-09-30,,press_release,https://niftyindices.com/Press_Release/ind_prs28082019.pdf,closed by ind_prs23082024.pdf
218,Nifty Next 50,BEL,2022-09-30,2024-09-30,,press_release,https://niftyindices.com/Press_Release/ind_prs01092022.pdf,closed by ind_prs23082024.pdf
218,Nifty Next 50,COLPAL,2014-01-01,2024-09-30,,snapshot_floor,,closed by ind_prs23082024.pdf
218,Nifty Next 50,MARICO,2015-09-28,2024-09-30,,press_release,https://niftyindices.com/Press_Release/ind_prs12082015.pdf,closed by ind_prs23082024.pdf
218,Nifty Next 50,SBICARD,2020-07-31,2024-09-30,,press_release,https://niftyindices.com/Press_Release/ind_prs02072020_1.pdf,closed by ind_prs23082024.pdf
218,Nifty Next 50,SRF,2022-03-31,2024-09-30,,press_release,https://niftyindices.com/Press_Release/ind_prs24022022_1.pdf,closed by ind_prs23082024.pdf
218,Nifty Next 50,TRENT,2023-09-29,2024-09-30,,press_release,https://niftyindices.com/Press_Release/ind_prs17082023.pdf,closed by ind_prs23082024.pdf
218,Nifty Next 50,ATGL,2022-09-30,2025-03-28,,press_release,https://niftyindices.com/Press_Release/ind_prs01092022.pdf,closed by ind_prs21022025.pdf
218,Nifty Next 50,BHEL,2024-09-30,2025-03-28,,press_release,https://niftyindices.com/Press_Release/ind_prs23082024.pdf,closed by ind_prs21022025.pdf
218,Nifty Next 50,IRCTC,2022-09-30,2025-03-28,,press_release,https://niftyindices.com/Press_Release/ind_prs01092022.pdf,closed by ind_prs21022025.pdf
218,Nifty Next 50,JIOFIN,2024-03-28,2025-03-28,,press_release,https://niftyindices.com/Press_Release/ind_prs28022024.pdf,closed by ind_prs21022025.pdf
218,Nifty Next 50,UNIONBANK,2024-09-30,2025-03-28,,press_release,https://niftyindices.com/Press_Release/ind_prs23082024.pdf,closed by ind_prs21022025.pdf
218,Nifty Next 50,ETERNAL,2022-03-31,2025-03-28,,press_release,https://niftyindices.com/Press_Release/ind_prs24022022_1.pdf,closed by ind_prs21022025.pdf
218,Nifty Next 50,DABUR,2014-01-01,2025-09-30,,snapshot_floor,,closed by ind_prs22082025.pdf
218,Nifty Next 50,ICICIPRULI,2017-03-31,2025-09-30,,press_release,https://niftyindices.com/Press_Release/ind_prs16022017.pdf,closed by ind_prs22082025.pdf
218,Nifty Next 50,INDIGO,2014-01-01,2025-09-30,,snapshot_floor,,closed by ind_prs22082025.pdf
218,Nifty Next 50,SWIGGY,2025-03-28,2025-09-30,,press_release,https://niftyindices.com/Press_Release/ind_prs21022025.pdf,closed by ind_prs22082025.pdf
218,Nifty Next 50,BAJAJHFL,2025-03-28,2026-03-30,,press_release,https://niftyindices.com/Press_Release/ind_prs21022025.pdf,closed by ind_prs23022026.pdf
218,Nifty Next 50,HAVELLS,2014-01-01,2026-03-30,,snapshot_floor,,closed by ind_prs23022026.pdf
218,Nifty Next 50,ICICIGI,2018-09-28,2026-03-30,,press_release,https://niftyindices.com/Press_Release/ind_prs28082018.pdf,closed by ind_prs23022026.pdf
218,Nifty Next 50,NAUKRI,2020-06-26,2026-03-30,,press_release,https://niftyindices.com/Press_Release/ind_prs10062020.pdf,closed by ind_prs23022026.pdf
218,Nifty Next 50,JSWENERGY,2024-09-30,2026-03-30,,press_release,https://niftyindices.com/Press_Release/ind_prs23082024.pdf,closed by ind_prs23022026.pdf
218,Nifty Next 50,LICI,2022-08-08,2026-03-30,,press_release,https://niftyindices.com/Press_Release/ind_prs11072022.pdf,closed by ind_prs23022026.pdf
218,Nifty Next 50,GODREJCP,2014-01-01,,,snapshot_floor,,
218,Nifty Next 50,SIEMENS,2014-01-01,,,snapshot_floor,,
218,Nifty Next 50,CHOLAFIN,2014-01-01,,,snapshot_floor,,
218,Nifty Next 50,PIDILITIND,2014-01-01,,,snapshot_floor,,
218,Nifty Next 50,DLF,2014-01-01,,,snapshot_floor,,
218,Nifty Next 50,UNITDSPR,2014-01-01,,,snapshot_floor,,
218,Nifty Next 50,INGVYSYABK,2014-03-28,2014-03-31,,press_release,https://niftyindices.com/Press_Release/ind_prs27022014.pdf,"inferred-exclude: not in NSE current snapshot, no PR found (closed at next semi-annual review)"
218,Nifty Next 50,RANBAXY,2014-03-28,2014-03-31,,press_release,https://niftyindices.com/Press_Release/ind_prs27022014.pdf,"inferred-exclude: not in NSE current snapshot, no PR found (closed at next semi-annual review)"
218,Nifty Next 50,MCDOWELL-N,2015-03-27,2015-03-31,,press_release,https://niftyindices.com/Press_Release/ind_prs20022015.pdf,"inferred-exclude: not in NSE current snapshot, no PR found (closed at next semi-annual review)"
218,Nifty Next 50,SUNDARMFIN,2015-09-28,2015-09-30,,press_release,https://niftyindices.com/Press_Release/ind_prs12082015.pdf,"inferred-exclude: not in NSE current snapshot, no PR found (closed at next semi-annual review)"
218,Nifty Next 50,DMART,2017-09-29,,,press_release,https://niftyindices.com/Press_Release/ind_prs28082017.pdf,
218,Nifty Next 50,AMBUJACEM,2018-04-02,,,press_release,https://niftyindices.com/Press_Release/ind_prs21022018.pdf,
218,Nifty Next 50,BOSCHLTD,2018-04-02,,,press_release,https://niftyindices.com/Press_Release/ind_prs21022018.pdf,
218,Nifty Next 50,BAJAJHLDNG,2019-03-29,,,press_release,https://niftyindices.com/Press_Release/ind_prs25022019.pdf,
218,Nifty Next 50,UBL,2019-03-29,2019-03-31,,press_release,https://niftyindices.com/Press_Release/ind_prs25022019.pdf,"inferred-exclude: not in NSE current snapshot, no PR found (closed at next semi-annual review)"
218,Nifty Next 50,ADANIENSOL,2020-03-27,,,press_release,https://niftyindices.com/Press_Release/ind_prs18022020.pdf,
218,Nifty Next 50,IDBI,2020-03-27,2020-03-31,,press_release,https://niftyindices.com/Press_Release/ind_prs18022020.pdf,"inferred-exclude: not in NSE current snapshot, no PR found (closed at next semi-annual review)"
218,Nifty Next 50,LTM,2024-09-30,,,press_release,https://niftyindices.com/Press_Release/ind_prs23082024.pdf,
218,Nifty Next 50,TORNTPHARM,2020-06-26,,,press_release,https://niftyindices.com/Press_Release/ind_prs10062020.pdf,
218,Nifty Next 50,ADANIGREEN,2020-09-25,,,press_release,https://niftyindices.com/Press_Release/ind_prs20082020.pdf,
218,Nifty Next 50,GAIL,2021-03-31,,,press_release,https://niftyindices.com/Press_Release/ind_prs23022021.pdf,
218,Nifty Next 50,MRF,2021-03-31,2021-09-30,,press_release,https://niftyindices.com/Press_Release/ind_prs23022021.pdf,"inferred-exclude: not in NSE current snapshot, no PR found (closed at next semi-annual review)"
218,Nifty Next 50,VEDL,2021-03-31,,,press_release,https://niftyindices.com/Press_Release/ind_prs23022021.pdf,
218,Nifty Next 50,PEIND,2021-09-30,2022-03-31,,press_release,https://niftyindices.com/Press_Release/ind_prs23082021.pdf,"inferred-exclude: not in NSE current snapshot, no PR found (closed at next semi-annual review)"
218,Nifty Next 50,IOC,2022-03-31,,,press_release,https://niftyindices.com/Press_Release/ind_prs24022022_1.pdf,
218,Nifty Next 50,TATAPOWER,2022-08-08,,,press_release,https://niftyindices.com/Press_Release/ind_prs11072022.pdf,
218,Nifty Next 50,HAL,2022-09-30,,,press_release,https://niftyindices.com/Press_Release/ind_prs01092022.pdf,
218,Nifty Next 50,MOTHERSON,2022-09-30,,,press_release,https://niftyindices.com/Press_Release/ind_prs01092022.pdf,
218,Nifty Next 50,SHREECEM,2022-09-30,,,press_release,https://niftyindices.com/Press_Release/ind_prs01092022.pdf,
218,Nifty Next 50,ABB,2023-03-31,,,press_release,https://niftyindices.com/Press_Release/ind_prs17022023_1.pdf,
218,Nifty Next 50,CANBK,2023-03-31,,,press_release,https://niftyindices.com/Press_Release/ind_prs17022023_1.pdf,
218,Nifty Next 50,VBL,2023-03-31,,,press_release,https://niftyindices.com/Press_Release/ind_prs17022023_1.pdf,
218,Nifty Next 50,JINDALSTEL,2023-07-13,,,press_release,https://niftyindices.com/Press_Release/ind_prs04072023.pdf,
218,Nifty Next 50,PNB,2023-09-29,,,press_release,https://niftyindices.com/Press_Release/ind_prs17082023.pdf,
218,Nifty Next 50,TVSMOTOR,2023-09-29,,,press_release,https://niftyindices.com/Press_Release/ind_prs17082023.pdf,
218,Nifty Next 50,ZYDUSLIFE,2023-09-29,,,press_release,https://niftyindices.com/Press_Release/ind_prs17082023.pdf,
218,Nifty Next 50,ADANIPOWER,2024-03-28,,,press_release,https://niftyindices.com/Press_Release/ind_prs28022024.pdf,
218,Nifty Next 50,IRFC,2024-03-28,,,press_release,https://niftyindices.com/Press_Release/ind_prs28022024.pdf,
218,Nifty Next 50,PFC,2024-03-28,,,press_release,https://niftyindices.com/Press_Release/ind_prs28022024.pdf,
218,Nifty Next 50,RECLTD,2024-03-28,,,press_release,https://niftyindices.com/Press_Release/ind_prs28022024.pdf,
218,Nifty Next 50,DIVISLAB,2024-09-30,,,press_release,https://niftyindices.com/Press_Release/ind_prs23082024.pdf,
218,Nifty Next 50,LODHA,2024-09-30,,,press_release,https://niftyindices.com/Press_Release/ind_prs23082024.pdf,
218,Nifty Next 50,NHPC,2024-09-30,2025-03-31,,press_release,https://niftyindices.com/Press_Release/ind_prs23082024.pdf,"inferred-exclude: not in NSE current snapshot, no PR found (closed at next semi-annual review)"
218,Nifty Next 50,BPCL,2025-03-28,,,press_release,https://niftyindices.com/Press_Release/ind_prs21022025.pdf,
218,Nifty Next 50,BRITANNIA,2025-03-28,,,press_release,https://niftyindices.com/Press_Release/ind_prs21022025.pdf,
218,Nifty Next 50,CGPOWER,2025-03-28,,,press_release,https://niftyindices.com/Press_Release/ind_prs21022025.pdf,
218,Nifty Next 50,HYUNDAI,2025-03-28,,,press_release,https://niftyindices.com/Press_Release/ind_prs21022025.pdf,
218,Nifty Next 50,INDHOTEL,2025-03-28,,,press_release,https://niftyindices.com/Press_Release/ind_prs21022025.pdf,
218,Nifty Next 50,HINDZINC,2025-09-30,,,press_release,https://niftyindices.com/Press_Release/ind_prs22082025.pdf,
218,Nifty Next 50,MAZDOCK,2025-09-30,,,press_release,https://niftyindices.com/Press_Release/ind_prs22082025.pdf,
218,Nifty Next 50,ENRIN,2025-09-30,,,press_release,https://niftyindices.com/Press_Release/ind_prs22082025.pdf,
218,Nifty Next 50,SOLARINDS,2025-09-30,,,press_release,https://niftyindices.com/Press_Release/ind_prs22082025.pdf,
218,Nifty Next 50,CUMMINSIND,2026-03-30,,,press_release,https://niftyindices.com/Press_Release/ind_prs23022026.pdf,
218,Nifty Next 50,HDFCAMC,2026-03-30,,,press_release,https://niftyindices.com/Press_Release/ind_prs23022026.pdf,
218,Nifty Next 50,MUTHOOTFIN,2026-03-30,,,press_release,https://niftyindices.com/Press_Release/ind_prs23022026.pdf,
218,Nifty Next 50,TATACAP,2026-03-30,,,press_release,https://niftyindices.com/Press_Release/ind_prs23022026.pdf,
218,Nifty Next 50,TMCV,2026-03-30,,,press_release,https://niftyindices.com/Press_Release/ind_prs23022026.pdf,
218,Nifty Next 50,UNIONBANK,2026-03-30,,,press_release,https://niftyindices.com/Press_Release/ind_prs23022026.pdf,
218,Nifty Next 50,BANKBARODA,2026-03-31,,,snapshot,,"inferred-include: in NSE current snapshot, no PR found (opened at most-recent semi-annual review)"
219,Nifty 100,IDBI,2014-01-01,2014-03-28,,snapshot_floor,,closed by ind_prs27022014.pdf
219,Nifty 100,JPASSOCIAT,2014-01-01,2014-03-28,,snapshot_floor,,closed by ind_prs27022014.pdf
219,Nifty 100,MPHASIS,2014-01-01,2014-09-19,,snapshot_floor,,closed by ind_prs20082014.pdf
219,Nifty 100,MCDOWELL-N,2014-01-01,2014-09-19,,snapshot_floor,,closed by ind_prs20082014.pdf
219,Nifty 100,DLF,2014-01-01,2015-03-27,,snapshot_floor,,closed by ind_prs20022015.pdf
219,Nifty 100,JINDALSTEL,2014-01-01,2015-03-27,,snapshot_floor,,closed by ind_prs20022015.pdf
219,Nifty 100,RPOWER,2014-01-01,2015-09-28,,snapshot_floor,,closed by ind_prs12082015.pdf
219,Nifty 100,UNIONBANK,2014-01-01,2015-09-28,,snapshot_floor,,closed by ind_prs12082015.pdf
219,Nifty 100,CROMPGREAV,2014-01-01,2015-09-28,,snapshot_floor,,closed by ind_prs24082015.pdf
219,Nifty 100,ABIRLANUVO,2014-01-01,2015-10-19,,snapshot_floor,,closed by ind_prs18092015.pdf
219,Nifty 100,APOLLOHOSP,2014-01-01,2017-03-31,,snapshot_floor,,closed by ind_prs16022017.pdf
219,Nifty 100,BHARATFORG,2014-01-01,2017-03-31,,snapshot_floor,,closed by ind_prs16022017.pdf
219,Nifty 100,CASTROLIND,2014-01-01,2017-03-31,,snapshot_floor,,closed by ind_prs16022017.pdf
219,Nifty 100,GRASIM,2014-01-01,2017-05-26,,snapshot_floor,,closed by ind_prs27042017.pdf
219,Nifty 100,DIVISLAB,2014-01-01,2017-09-29,,snapshot_floor,,closed by ind_prs28082017.pdf
219,Nifty 100,UBL,2014-01-01,2017-09-29,,snapshot_floor,,closed by ind_prs28082017.pdf
219,Nifty 100,GSKCONS,2014-01-01,2018-04-02,,snapshot_floor,,closed by ind_prs21022018.pdf
219,Nifty 100,GLAXO,2014-01-01,2018-04-02,,snapshot_floor,,closed by ind_prs21022018.pdf
219,Nifty 100,GLENMARK,2014-01-01,2018-04-02,,snapshot_floor,,closed by ind_prs21022018.pdf
219,Nifty 100,TATAPOWER,2014-01-01,2018-04-02,,snapshot_floor,,closed by ind_prs21022018.pdf
219,Nifty 100,TORNTPHARM,2014-01-01,2018-04-02,,snapshot_floor,,closed by ind_prs21022018.pdf
219,Nifty 100,CUMMINSIND,2014-01-01,2018-09-28,,snapshot_floor,,closed by ind_prs28082018.pdf
219,Nifty 100,EMAMILTD,2014-01-01,2018-09-28,,snapshot_floor,,closed by ind_prs28082018.pdf
219,Nifty 100,PFC,2014-01-01,2018-09-28,,snapshot_floor,,closed by ind_prs28082018.pdf
219,Nifty 100,PNB,2014-01-01,2018-09-28,,snapshot_floor,,closed by ind_prs28082018.pdf
219,Nifty 100,RECLTD,2017-03-31,2018-09-28,,press_release,https://niftyindices.com/Press_Release/ind_prs16022017.pdf,closed by ind_prs28082018.pdf
219,Nifty 100,ABCAPITAL,2018-04-02,2019-03-29,,press_release,https://niftyindices.com/Press_Release/ind_prs21022018.pdf,closed by ind_prs25022019.pdf
219,Nifty 100,BEL,2014-01-01,2019-03-29,,snapshot_floor,,closed by ind_prs25022019.pdf
219,Nifty 100,LICHSGFIN,2014-01-01,2019-03-29,,snapshot_floor,,closed by ind_prs25022019.pdf
219,Nifty 100,OIL,2014-01-01,2019-03-29,,snapshot_floor,,closed by ind_prs25022019.pdf
219,Nifty 100,SUNTV,2017-05-26,2019-03-29,,press_release,https://niftyindices.com/Press_Release/ind_prs27042017.pdf,closed by ind_prs25022019.pdf
219,Nifty 100,BHEL,2014-01-01,2019-09-27,,snapshot_floor,,closed by ind_prs28082019.pdf
219,Nifty 100,MRF,2017-09-29,2019-09-27,,press_release,https://niftyindices.com/Press_Release/ind_prs28082017.pdf,closed by ind_prs28082019.pdf
219,Nifty 100,SAIL,2014-01-01,2019-09-27,,snapshot_floor,,closed by ind_prs28082019.pdf
219,Nifty 100,YESBANK,2014-01-01,2020-03-27,,snapshot_floor,,closed by ind_prs18022020.pdf
219,Nifty 100,ASHOKLEY,2015-09-28,2020-06-26,,press_release,https://niftyindices.com/Press_Release/ind_prs24082015.pdf,closed by ind_prs10062020.pdf
219,Nifty 100,SAMMAANCAP,2015-03-27,2020-06-26,,press_release,https://niftyindices.com/Press_Release/ind_prs20022015.pdf,closed by ind_prs10062020.pdf
219,Nifty 100,LTF,2018-04-02,2020-06-26,,press_release,https://niftyindices.com/Press_Release/ind_prs21022018.pdf,closed by ind_prs10062020.pdf
219,Nifty 100,NIACL,2018-09-28,2020-06-26,,press_release,https://niftyindices.com/Press_Release/ind_prs28082018.pdf,closed by ind_prs10062020.pdf
219,Nifty 100,IDEA,2014-01-01,2020-06-26,,snapshot_floor,,closed by ind_prs10062020.pdf
219,Nifty 100,VEDL,2014-01-01,2020-07-31,,snapshot_floor,,closed by ind_prs02072020_1.pdf
219,Nifty 100,NHPC,2014-01-01,2020-09-25,,snapshot_floor,,closed by ind_prs20082020.pdf
219,Nifty 100,PAGEIND,2019-03-29,2020-09-25,,press_release,https://niftyindices.com/Press_Release/ind_prs25022019.pdf,closed by ind_prs20082020.pdf
219,Nifty 100,SHRIRAMFIN,2014-01-01,2020-09-25,,snapshot_floor,,closed by ind_prs20082020.pdf
219,Nifty 100,ZEEL,2014-01-01,2020-09-25,,snapshot_floor,,closed by ind_prs20082020.pdf
219,Nifty 100,BANKBARODA,2014-01-01,2021-03-31,,snapshot_floor,,closed by ind_prs23022021.pdf
219,Nifty 100,CONCOR,2014-01-01,2021-03-31,,snapshot_floor,,closed by ind_prs23022021.pdf
219,Nifty 100,GICRE,2018-04-02,2021-03-31,,press_release,https://niftyindices.com/Press_Release/ind_prs21022018.pdf,closed by ind_prs23022021.pdf
219,Nifty 100,HINDZINC,2014-01-01,2021-03-31,,snapshot_floor,,closed by ind_prs23022021.pdf
219,Nifty 100,OFSS,2014-01-01,2021-03-31,,snapshot_floor,,closed by ind_prs23022021.pdf
219,Nifty 100,PFC,2019-09-27,2021-03-31,,press_release,https://niftyindices.com/Press_Release/ind_prs28082019.pdf,closed by ind_prs23022021.pdf
219,Nifty 100,MOTHERSON,2014-09-19,2021-06-30,,press_release,https://niftyindices.com/Press_Release/ind_prs20082014.pdf,closed by ind_prs15062021.pdf
219,Nifty 100,ABBOTINDIA,2020-06-26,2021-09-30,,press_release,https://niftyindices.com/Press_Release/ind_prs10062020.pdf,closed by ind_prs23082021.pdf
219,Nifty 100,ALKEM,2020-09-25,2021-09-30,,press_release,https://niftyindices.com/Press_Release/ind_prs20082020.pdf,closed by ind_prs23082021.pdf
219,Nifty 100,PETRONET,2017-03-31,2021-09-30,,press_release,https://niftyindices.com/Press_Release/ind_prs16022017.pdf,closed by ind_prs23082021.pdf
219,Nifty 100,AUROPHARMA,2014-09-19,2022-03-31,,press_release,https://niftyindices.com/Press_Release/ind_prs20082014.pdf,closed by ind_prs24022022_1.pdf
219,Nifty 100,HINDPETRO,2014-01-01,2022-03-31,,snapshot_floor,,closed by ind_prs24022022_1.pdf
219,Nifty 100,IGL,2020-06-26,2022-03-31,,press_release,https://niftyindices.com/Press_Release/ind_prs10062020.pdf,closed by ind_prs24022022_1.pdf
219,Nifty 100,JINDALSTEL,2021-09-30,2022-03-31,,press_release,https://niftyindices.com/Press_Release/ind_prs23082021.pdf,closed by ind_prs24022022_1.pdf
219,Nifty 100,YESBANK,2021-03-31,2022-03-31,,press_release,https://niftyindices.com/Press_Release/ind_prs23022021.pdf,closed by ind_prs24022022_1.pdf
219,Nifty 100,NMDC,2014-01-01,2022-08-08,,snapshot_floor,,closed by ind_prs11072022.pdf
219,Nifty 100,PEL,2014-01-01,2022-08-08,,snapshot_floor,,closed by ind_prs11072022.pdf
219,Nifty 100,JUBLFOOD,2021-03-31,2022-09-30,,press_release,https://niftyindices.com/Press_Release/ind_prs23022021.pdf,closed by ind_prs01092022.pdf
219,Nifty 100,LUPIN,2014-01-01,2022-09-30,,snapshot_floor,,closed by ind_prs01092022.pdf
219,Nifty 100,PNB,2019-09-27,2022-09-30,,press_release,https://niftyindices.com/Press_Release/ind_prs28082019.pdf,closed by ind_prs01092022.pdf
219,Nifty 100,SAIL,2021-09-30,2022-09-30,,press_release,https://niftyindices.com/Press_Release/ind_prs23082021.pdf,closed by ind_prs01092022.pdf
219,Nifty 100,ZYDUSLIFE,2014-01-01,2022-09-30,,snapshot_floor,,closed by ind_prs01092022.pdf
219,Nifty 100,BANDHANBNK,2018-09-28,2023-03-31,,press_release,https://niftyindices.com/Press_Release/ind_prs28082018.pdf,closed by ind_prs17022023_1.pdf
219,Nifty 100,BIOCON,2018-09-28,2023-03-31,,press_release,https://niftyindices.com/Press_Release/ind_prs28082018.pdf,closed by ind_prs17022023_1.pdf
219,Nifty 100,GLAND,2021-06-30,2023-03-31,,press_release,https://niftyindices.com/Press_Release/ind_prs15062021.pdf,closed by ind_prs17022023_1.pdf
219,Nifty 100,MPHASIS,2022-09-30,2023-03-31,,press_release,https://niftyindices.com/Press_Release/ind_prs01092022.pdf,closed by ind_prs17022023_1.pdf
219,Nifty 100,PAYTM,2022-03-31,2023-03-31,,press_release,https://niftyindices.com/Press_Release/ind_prs24022022_1.pdf,closed by ind_prs17022023_1.pdf
219,Nifty 100,HDFC,2014-01-01,2023-07-13,,snapshot_floor,,closed by ind_prs04072023.pdf
219,Nifty 100,ACC,2014-01-01,2023-09-29,,snapshot_floor,,closed by ind_prs17082023.pdf
219,Nifty 100,NYKAA,2022-03-31,2023-09-29,,press_release,https://niftyindices.com/Press_Release/ind_prs24022022_1.pdf,closed by ind_prs17082023.pdf
219,Nifty 100,HDFCAMC,2019-03-29,2023-09-29,,press_release,https://niftyindices.com/Press_Release/ind_prs25022019.pdf,closed by ind_prs17082023.pdf
219,Nifty 100,INDUSTOWER,2014-03-28,2023-09-29,,press_release,https://niftyindices.com/Press_Release/ind_prs27022014.pdf,closed by ind_prs17082023.pdf
219,Nifty 100,PAGEIND,2023-03-31,2023-09-29,,press_release,https://niftyindices.com/Press_Release/ind_prs17022023_1.pdf,closed by ind_prs17082023.pdf
219,Nifty 100,AWL,2023-03-31,2024-03-28,,press_release,https://niftyindices.com/Press_Release/ind_prs17022023_1.pdf,closed by ind_prs28022024.pdf
219,Nifty 100,MUTHOOTFIN,2020-06-26,2024-03-28,,press_release,https://niftyindices.com/Press_Release/ind_prs10062020.pdf,closed by ind_prs28022024.pdf
219,Nifty 100,PIIND,2021-09-30,2024-03-28,,press_release,https://niftyindices.com/Press_Release/ind_prs23082021.pdf,closed by ind_prs28022024.pdf
219,Nifty 100,PGHH,2014-01-01,2024-03-28,,snapshot_floor,,closed by ind_prs28022024.pdf
219,Nifty 100,UPL,2014-01-01,2024-03-28,,snapshot_floor,,closed by ind_prs28022024.pdf
219,Nifty 100,BERGEPAINT,2019-09-27,2024-09-30,,press_release,https://niftyindices.com/Press_Release/ind_prs28082019.pdf,closed by ind_prs23082024.pdf
219,Nifty 100,COLPAL,2014-01-01,2024-09-30,,snapshot_floor,,closed by ind_prs23082024.pdf
219,Nifty 100,MARICO,2015-09-28,2024-09-30,,press_release,https://niftyindices.com/Press_Release/ind_prs12082015.pdf,closed by ind_prs23082024.pdf
219,Nifty 100,SBICARD,2020-07-31,2024-09-30,,press_release,https://niftyindices.com/Press_Release/ind_prs02072020_1.pdf,closed by ind_prs23082024.pdf
219,Nifty 100,SRF,2022-03-31,2024-09-30,,press_release,https://niftyindices.com/Press_Release/ind_prs24022022_1.pdf,closed by ind_prs23082024.pdf
219,Nifty 100,ATGL,2022-09-30,2025-03-28,,press_release,https://niftyindices.com/Press_Release/ind_prs01092022.pdf,closed by ind_prs21022025.pdf
219,Nifty 100,BHEL,2024-09-30,2025-03-28,,press_release,https://niftyindices.com/Press_Release/ind_prs23082024.pdf,closed by ind_prs21022025.pdf
219,Nifty 100,IRCTC,2022-09-30,2025-03-28,,press_release,https://niftyindices.com/Press_Release/ind_prs01092022.pdf,closed by ind_prs21022025.pdf
219,Nifty 100,NHPC,2024-09-30,2025-03-28,,press_release,https://niftyindices.com/Press_Release/ind_prs23082024.pdf,closed by ind_prs21022025.pdf
219,Nifty 100,UNIONBANK,2024-09-30,2025-03-28,,press_release,https://niftyindices.com/Press_Release/ind_prs23082024.pdf,closed by ind_prs21022025.pdf
219,Nifty 100,DABUR,2014-01-01,2025-09-30,,snapshot_floor,,closed by ind_prs22082025.pdf
219,Nifty 100,HEROMOTOCO,2014-01-01,2025-09-30,,snapshot_floor,,closed by ind_prs22082025.pdf
219,Nifty 100,ICICIPRULI,2017-03-31,2025-09-30,,press_release,https://niftyindices.com/Press_Release/ind_prs16022017.pdf,closed by ind_prs22082025.pdf
219,Nifty 100,INDUSINDBK,2014-01-01,2025-09-30,,snapshot_floor,,closed by ind_prs22082025.pdf
219,Nifty 100,SWIGGY,2025-03-28,2025-09-30,,press_release,https://niftyindices.com/Press_Release/ind_prs21022025.pdf,closed by ind_prs22082025.pdf
219,Nifty 100,BAJAJHFL,2025-03-28,2026-03-30,,press_release,https://niftyindices.com/Press_Release/ind_prs21022025.pdf,closed by ind_prs23022026.pdf
219,Nifty 100,HAVELLS,2014-01-01,2026-03-30,,snapshot_floor,,closed by ind_prs23022026.pdf
219,Nifty 100,ICICIGI,2018-09-28,2026-03-30,,press_release,https://niftyindices.com/Press_Release/ind_prs28082018.pdf,closed by ind_prs23022026.pdf
219,Nifty 100,NAUKRI,2020-06-26,2026-03-30,,press_release,https://niftyindices.com/Press_Release/ind_prs10062020.pdf,closed by ind_prs23022026.pdf
219,Nifty 100,JSWENERGY,2024-09-30,2026-03-30,,press_release,https://niftyindices.com/Press_Release/ind_prs23082024.pdf,closed by ind_prs23022026.pdf
219,Nifty 100,LICI,2022-08-08,2026-03-30,,press_release,https://niftyindices.com/Press_Release/ind_prs11072022.pdf,closed by ind_prs23022026.pdf
219,Nifty 100,AXISBANK,2014-01-01,,,snapshot_floor,,
219,Nifty 100,HDFCBANK,2014-01-01,,,snapshot_floor,,
219,Nifty 100,AMBUJACEM,2014-01-01,,,snapshot_floor,,
219,Nifty 100,GODREJCP,2014-01-01,,,snapshot_floor,,
219,Nifty 100,SBIN,2014-01-01,,,snapshot_floor,,
219,Nifty 100,INFY,2014-01-01,,,snapshot_floor,,
219,Nifty 100,BHARTIARTL,2014-01-01,,,snapshot_floor,,
219,Nifty 100,TECHM,2014-01-01,,,snapshot_floor,,
219,Nifty 100,INDIGO,2014-01-01,,,snapshot_floor,,
219,Nifty 100,KOTAKBANK,2014-01-01,,,snapshot_floor,,
219,Nifty 100,MARUTI,2014-01-01,,,snapshot_floor,,
219,Nifty 100,GAIL,2014-01-01,,,snapshot_floor,,
219,Nifty 100,ULTRACEMCO,2014-01-01,,,snapshot_floor,,
219,Nifty 100,COALINDIA,2014-01-01,,,snapshot_floor,,
219,Nifty 100,BRITANNIA,2014-01-01,,,snapshot_floor,,
219,Nifty 100,ONGC,2014-01-01,,,snapshot_floor,,
219,Nifty 100,TCS,2014-01-01,,,snapshot_floor,,
219,Nifty 100,SUNPHARMA,2014-01-01,,,snapshot_floor,,
219,Nifty 100,ASIANPAINT,2014-01-01,,,snapshot_floor,,
219,Nifty 100,BAJAJFINSV,2014-01-01,,,snapshot_floor,,
219,Nifty 100,BPCL,2014-01-01,,,snapshot_floor,,
219,Nifty 100,SHREECEM,2014-01-01,,,snapshot_floor,,
219,Nifty 100,TMPV,2014-01-01,,,snapshot_floor,,
219,Nifty 100,WIPRO,2014-01-01,,,snapshot_floor,,
219,Nifty 100,HINDALCO,2014-01-01,,,snapshot_floor,,
219,Nifty 100,POWERGRID,2014-01-01,,,snapshot_floor,,
219,Nifty 100,ADANIPORTS,2014-01-01,,,snapshot_floor,,
219,Nifty 100,ITC,2014-01-01,,,snapshot_floor,,
219,Nifty 100,HINDUNILVR,2014-01-01,,,snapshot_floor,,
219,Nifty 100,SIEMENS,2014-01-01,,,snapshot_floor,,
219,Nifty 100,CIPLA,2014-01-01,,,snapshot_floor,,
219,Nifty 100,BOSCHLTD,2014-01-01,,,snapshot_floor,,
219,Nifty 100,RELIANCE,2014-01-01,,,snapshot_floor,,
219,Nifty 100,EICHERMOT,2014-01-01,,,snapshot_floor,,
219,Nifty 100,ICICIBANK,2014-01-01,,,snapshot_floor,,
219,Nifty 100,PIDILITIND,2014-01-01,,,snapshot_floor,,
219,Nifty 100,M&M,2014-01-01,,,snapshot_floor,,
219,Nifty 100,LT,2014-01-01,,,snapshot_floor,,
219,Nifty 100,DRREDDY,2014-01-01,,,snapshot_floor,,
219,Nifty 100,TATASTEEL,2014-01-01,,,snapshot_floor,,
219,Nifty 100,BAJFINANCE,2014-01-01,,,snapshot_floor,,
219,Nifty 100,NTPC,2014-01-01,,,snapshot_floor,,
219,Nifty 100,TITAN,2014-01-01,,,snapshot_floor,,
219,Nifty 100,BAJAJ-AUTO,2014-01-01,,,snapshot_floor,,
219,Nifty 100,UNITDSPR,2014-01-01,,,snapshot_floor,,
219,Nifty 100,JSWSTEEL,2014-01-01,,,snapshot_floor,,
219,Nifty 100,HCLTECH,2014-01-01,,,snapshot_floor,,
219,Nifty 100,INGVYSYABK,2014-03-28,2014-03-31,,press_release,https://niftyindices.com/Press_Release/ind_prs27022014.pdf,"inferred-exclude: not in NSE current snapshot, no PR found (closed at next semi-annual review)"
219,Nifty 100,MCDOWELL-N,2015-03-27,2015-03-31,,press_release,https://niftyindices.com/Press_Release/ind_prs20022015.pdf,"inferred-exclude: not in NSE current snapshot, no PR found (closed at next semi-annual review)"
219,Nifty 100,SUNDARMFIN,2015-09-28,2015-09-30,,press_release,https://niftyindices.com/Press_Release/ind_prs12082015.pdf,"inferred-exclude: not in NSE current snapshot, no PR found (closed at next semi-annual review)"
219,Nifty 100,IOC,2015-10-19,,,press_release,https://niftyindices.com/Press_Release/ind_prs18092015.pdf,
219,Nifty 100,DMART,2017-09-29,,,press_release,https://niftyindices.com/Press_Release/ind_prs28082017.pdf,
219,Nifty 100,GRASIM,2018-04-02,,,press_release,https://niftyindices.com/Press_Release/ind_prs21022018.pdf,
219,Nifty 100,SBILIFE,2018-04-02,,,press_release,https://niftyindices.com/Press_Release/ind_prs21022018.pdf,
219,Nifty 100,HDFCLIFE,2018-09-28,,,press_release,https://niftyindices.com/Press_Release/ind_prs28082018.pdf,
219,Nifty 100,BAJAJHLDNG,2019-03-29,,,press_release,https://niftyindices.com/Press_Release/ind_prs25022019.pdf,
219,Nifty 100,DIVISLAB,2019-03-29,,,press_release,https://niftyindices.com/Press_Release/ind_prs25022019.pdf,
219,Nifty 100,UBL,2019-03-29,2019-03-31,,press_release,https://niftyindices.com/Press_Release/ind_prs25022019.pdf,"inferred-exclude: not in NSE current snapshot, no PR found (closed at next semi-annual review)"
219,Nifty 100,NESTLEIND,2019-09-27,,,press_release,https://niftyindices.com/Press_Release/ind_prs28082019.pdf,
219,Nifty 100,ADANIENSOL,2020-03-27,,,press_release,https://niftyindices.com/Press_Release/ind_prs18022020.pdf,
219,Nifty 100,IDBI,2020-03-27,2020-03-31,,press_release,https://niftyindices.com/Press_Release/ind_prs18022020.pdf,"inferred-exclude: not in NSE current snapshot, no PR found (closed at next semi-annual review)"
219,Nifty 100,LTM,2022-11-14,,,merger,https://www.nseindia.com/companies-listing/corporate-filings-actions,
219,Nifty 100,TORNTPHARM,2020-06-26,,,press_release,https://niftyindices.com/Press_Release/ind_prs10062020.pdf,
219,Nifty 100,ADANIGREEN,2020-09-25,,,press_release,https://niftyindices.com/Press_Release/ind_prs20082020.pdf,
219,Nifty 100,TATACONSUM,2020-09-25,,,press_release,https://niftyindices.com/Press_Release/ind_prs20082020.pdf,
219,Nifty 100,ADANIENT,2021-03-31,,,press_release,https://niftyindices.com/Press_Release/ind_prs23022021.pdf,
219,Nifty 100,APOLLOHOSP,2021-03-31,,,press_release,https://niftyindices.com/Press_Release/ind_prs23022021.pdf,
219,Nifty 100,MRF,2021-03-31,2021-09-30,,press_release,https://niftyindices.com/Press_Release/ind_prs23022021.pdf,"inferred-exclude: not in NSE current snapshot, no PR found (closed at next semi-annual review)"
219,Nifty 100,VEDL,2021-03-31,,,press_release,https://niftyindices.com/Press_Release/ind_prs23022021.pdf,
219,Nifty 100,BANKBARODA,2021-09-30,,,press_release,https://niftyindices.com/Press_Release/ind_prs23082021.pdf,
219,Nifty 100,CHOLAFIN,2021-09-30,,,press_release,https://niftyindices.com/Press_Release/ind_prs23082021.pdf,
219,Nifty 100,ETERNAL,2022-03-31,,,press_release,https://niftyindices.com/Press_Release/ind_prs24022022_1.pdf,
219,Nifty 100,TATAPOWER,2022-08-08,,,press_release,https://niftyindices.com/Press_Release/ind_prs11072022.pdf,
219,Nifty 100,BEL,2022-09-30,,,press_release,https://niftyindices.com/Press_Release/ind_prs01092022.pdf,
219,Nifty 100,HAL,2022-09-30,,,press_release,https://niftyindices.com/Press_Release/ind_prs01092022.pdf,
219,Nifty 100,MOTHERSON,2022-09-30,,,press_release,https://niftyindices.com/Press_Release/ind_prs01092022.pdf,
219,Nifty 100,ABB,2023-03-31,,,press_release,https://niftyindices.com/Press_Release/ind_prs17022023_1.pdf,
219,Nifty 100,CANBK,2023-03-31,,,press_release,https://niftyindices.com/Press_Release/ind_prs17022023_1.pdf,
219,Nifty 100,VBL,2023-03-31,,,press_release,https://niftyindices.com/Press_Release/ind_prs17022023_1.pdf,
219,Nifty 100,JINDALSTEL,2023-07-13,,,press_release,https://niftyindices.com/Press_Release/ind_prs04072023.pdf,
219,Nifty 100,PNB,2023-09-29,,,press_release,https://niftyindices.com/Press_Release/ind_prs17082023.pdf,
219,Nifty 100,SHRIRAMFIN,2023-09-29,,,press_release,https://niftyindices.com/Press_Release/ind_prs17082023.pdf,
219,Nifty 100,TRENT,2023-09-29,,,press_release,https://niftyindices.com/Press_Release/ind_prs17082023.pdf,
219,Nifty 100,TVSMOTOR,2023-09-29,,,press_release,https://niftyindices.com/Press_Release/ind_prs17082023.pdf,
219,Nifty 100,ZYDUSLIFE,2023-09-29,,,press_release,https://niftyindices.com/Press_Release/ind_prs17082023.pdf,
219,Nifty 100,ADANIPOWER,2024-03-28,,,press_release,https://niftyindices.com/Press_Release/ind_prs28022024.pdf,
219,Nifty 100,IRFC,2024-03-28,,,press_release,https://niftyindices.com/Press_Release/ind_prs28022024.pdf,
219,Nifty 100,JIOFIN,2024-03-28,,,press_release,https://niftyindices.com/Press_Release/ind_prs28022024.pdf,
219,Nifty 100,PFC,2024-03-28,,,press_release,https://niftyindices.com/Press_Release/ind_prs28022024.pdf,
219,Nifty 100,RECLTD,2024-03-28,,,press_release,https://niftyindices.com/Press_Release/ind_prs28022024.pdf,
219,Nifty 100,LODHA,2024-09-30,,,press_release,https://niftyindices.com/Press_Release/ind_prs23082024.pdf,
219,Nifty 100,CGPOWER,2025-03-28,,,press_release,https://niftyindices.com/Press_Release/ind_prs21022025.pdf,
219,Nifty 100,HYUNDAI,2025-03-28,,,press_release,https://niftyindices.com/Press_Release/ind_prs21022025.pdf,
219,Nifty 100,INDHOTEL,2025-03-28,,,press_release,https://niftyindices.com/Press_Release/ind_prs21022025.pdf,
219,Nifty 100,HINDZINC,2025-09-30,,,press_release,https://niftyindices.com/Press_Release/ind_prs22082025.pdf,
219,Nifty 100,MAXHEALTH,2025-09-30,,,press_release,https://niftyindices.com/Press_Release/ind_prs22082025.pdf,
219,Nifty 100,MAZDOCK,2025-09-30,,,press_release,https://niftyindices.com/Press_Release/ind_prs22082025.pdf,
219,Nifty 100,ENRIN,2025-09-30,,,press_release,https://niftyindices.com/Press_Release/ind_prs22082025.pdf,
219,Nifty 100,SOLARINDS,2025-09-30,,,press_release,https://niftyindices.com/Press_Release/ind_prs22082025.pdf,
219,Nifty 100,CUMMINSIND,2026-03-30,,,press_release,https://niftyindices.com/Press_Release/ind_prs23022026.pdf,
219,Nifty 100,HDFCAMC,2026-03-30,,,press_release,https://niftyindices.com/Press_Release/ind_prs23022026.pdf,
219,Nifty 100,MUTHOOTFIN,2026-03-30,,,press_release,https://niftyindices.com/Press_Release/ind_prs23022026.pdf,
219,Nifty 100,TATACAP,2026-03-30,,,press_release,https://niftyindices.com/Press_Release/ind_prs23022026.pdf,
219,Nifty 100,TMCV,2026-03-30,,,press_release,https://niftyindices.com/Press_Release/ind_prs23022026.pdf,
219,Nifty 100,UNIONBANK,2026-03-30,,,press_release,https://niftyindices.com/Press_Release/ind_prs23022026.pdf,
219,Nifty 100,DLF,2026-03-31,,,snapshot,,"inferred-include: in NSE current snapshot, no PR found (opened at most-recent semi-annual review)"
221,Nifty 500,CASTROL,2014-01-01,2014-02-28,,snapshot_floor,,closed by ind_prs21022014.pdf
221,Nifty 500,DRDATSONS,2014-01-01,2014-03-28,,snapshot_floor,,closed by ind_prs27022014.pdf
221,Nifty 500,ESSAROIL,2014-01-01,2014-03-28,,snapshot_floor,,closed by ind_prs27022014.pdf
221,Nifty 500,INNOIND,2014-01-01,2014-03-28,,snapshot_floor,,closed by ind_prs27022014.pdf
221,Nifty 500,KGL,2014-01-01,2014-03-28,,snapshot_floor,,closed by ind_prs27022014.pdf
221,Nifty 500,NDTV,2014-01-01,2014-03-28,,snapshot_floor,,closed by ind_prs27022014.pdf
221,Nifty 500,PSL,2014-01-01,2014-03-28,,snapshot_floor,,closed by ind_prs27022014.pdf
221,Nifty 500,SHREEASHTA,2014-01-01,2014-03-28,,snapshot_floor,,closed by ind_prs27022014.pdf
221,Nifty 500,TULIP,2014-01-01,2014-03-28,,snapshot_floor,,closed by ind_prs27022014.pdf
221,Nifty 500,UBHOLDINGS,2014-01-01,2014-03-28,,snapshot_floor,,closed by ind_prs27022014.pdf
221,Nifty 500,ZODIACLOTH,2014-01-01,2014-03-28,,snapshot_floor,,closed by ind_prs27022014.pdf
221,Nifty 500,ADANIPOWER,2014-01-01,2014-09-19,,snapshot_floor,,closed by ind_prs20082014.pdf
221,Nifty 500,APTECHT,2014-01-01,2014-09-19,,snapshot_floor,,closed by ind_prs20082014.pdf
221,Nifty 500,COREEDUTEC,2014-01-01,2014-09-19,,snapshot_floor,,closed by ind_prs20082014.pdf
221,Nifty 500,ERAINFRA,2014-01-01,2014-09-19,,snapshot_floor,,closed by ind_prs20082014.pdf
221,Nifty 500,GTOFFSHORE,2014-01-01,2014-09-19,,snapshot_floor,,closed by ind_prs20082014.pdf
221,Nifty 500,INDIAGLYCO,2014-01-01,2014-09-19,,snapshot_floor,,closed by ind_prs20082014.pdf
221,Nifty 500,INDRAMEDCO,2014-01-01,2014-09-19,,snapshot_floor,,closed by ind_prs20082014.pdf
221,Nifty 500,INFINITE,2014-01-01,2014-09-19,,snapshot_floor,,closed by ind_prs20082014.pdf
221,Nifty 500,MANINFRA,2014-01-01,2014-09-19,,snapshot_floor,,closed by ind_prs20082014.pdf
221,Nifty 500,ORBITCORP,2014-01-01,2014-09-19,,snapshot_floor,,closed by ind_prs20082014.pdf
221,Nifty 500,SKUMARSYNF,2014-01-01,2014-09-19,,snapshot_floor,,closed by ind_prs20082014.pdf
221,Nifty 500,TINPLATE,2014-01-01,2014-09-19,,snapshot_floor,,closed by ind_prs20082014.pdf
221,Nifty 500,MCDOWELL-N,2014-01-01,2014-09-19,,snapshot_floor,,closed by ind_prs20082014.pdf
221,Nifty 500,WSTCSTPAPR,2014-01-01,2014-09-19,,snapshot_floor,,closed by ind_prs20082014.pdf
221,Nifty 500,CMC,2014-01-01,2015-03-24,,snapshot_floor,,closed by ind_prs18032015_2.pdf
221,Nifty 500,MASTEK,2014-01-01,2015-03-24,,snapshot_floor,,closed by ind_prs18032015_2.pdf
221,Nifty 500,SHASUNPHAR,2014-01-01,2015-03-24,,snapshot_floor,,closed by ind_prs18032015_2.pdf
221,Nifty 500,DCW,2014-01-01,2015-03-27,,snapshot_floor,,closed by ind_prs20022015.pdf
221,Nifty 500,EDUCOMP,2014-01-01,2015-03-27,,snapshot_floor,,closed by ind_prs20022015.pdf
221,Nifty 500,ELDERPHARM,2014-01-01,2015-03-27,,snapshot_floor,,closed by ind_prs20022015.pdf
221,Nifty 500,HUBTOWN,2014-01-01,2015-03-27,,snapshot_floor,,closed by ind_prs20022015.pdf
221,Nifty 500,IL&FSENGG,2014-01-01,2015-03-27,,snapshot_floor,,closed by ind_prs20022015.pdf
221,Nifty 500,IMFA,2014-01-01,2015-03-27,,snapshot_floor,,closed by ind_prs20022015.pdf
221,Nifty 500,LOVABLE,2014-01-01,2015-03-27,,snapshot_floor,,closed by ind_prs20022015.pdf
221,Nifty 500,PFOCUS,2014-01-01,2015-03-27,,snapshot_floor,,closed by ind_prs20022015.pdf
221,Nifty 500,RAJTV,2014-01-01,2015-03-27,,snapshot_floor,,closed by ind_prs20022015.pdf
221,Nifty 500,REIAGROLTD,2014-01-01,2015-03-27,,snapshot_floor,,closed by ind_prs20022015.pdf
221,Nifty 500,TI,2014-01-01,2015-03-27,,snapshot_floor,,closed by ind_prs20022015.pdf
221,Nifty 500,VENKEYS,2014-01-01,2015-03-27,,snapshot_floor,,closed by ind_prs20022015.pdf
221,Nifty 500,ANSALAPI,2014-01-01,2015-09-28,,snapshot_floor,,closed by ind_prs12082015.pdf
221,Nifty 500,GAMMONIND,2014-01-01,2015-09-28,,snapshot_floor,,closed by ind_prs12082015.pdf
221,Nifty 500,GUJNRECOKE,2014-01-01,2015-09-28,,snapshot_floor,,closed by ind_prs12082015.pdf
221,Nifty 500,HINDOILEXP,2014-01-01,2015-09-28,,snapshot_floor,,closed by ind_prs12082015.pdf
221,Nifty 500,HOTELEELA,2014-01-01,2015-09-28,,snapshot_floor,,closed by ind_prs12082015.pdf
221,Nifty 500,IFBIND,2015-03-27,2015-09-28,,press_release,https://niftyindices.com/Press_Release/ind_prs20022015.pdf,closed by ind_prs12082015.pdf
221,Nifty 500,MANGCHEFER,2014-01-01,2015-09-28,,snapshot_floor,,closed by ind_prs12082015.pdf
221,Nifty 500,MONNETISPA,2014-01-01,2015-09-28,,snapshot_floor,,closed by ind_prs12082015.pdf
221,Nifty 500,ORCHIDCHEM,2014-01-01,2015-09-28,,snapshot_floor,,closed by ind_prs12082015.pdf
221,Nifty 500,RAMCOIND,2014-01-01,2015-09-28,,snapshot_floor,,closed by ind_prs12082015.pdf
221,Nifty 500,RASOYPR,2014-01-01,2015-09-28,,snapshot_floor,,closed by ind_prs12082015.pdf
221,Nifty 500,CROMPGREAV,2014-01-01,2015-09-28,,snapshot_floor,,closed by ind_prs24082015.pdf
221,Nifty 500,MAX,2014-01-01,2015-09-28,,snapshot_floor,,closed by ind_prs24082015.pdf
221,Nifty 500,FRL,2014-01-01,2015-12-14,,snapshot_floor,,closed by ind_prs07122015.pdf
221,Nifty 500,MANDHANA,2014-01-01,2015-12-14,,snapshot_floor,,closed by ind_prs07122015.pdf
221,Nifty 500,STRTECH,2014-01-01,2016-01-18,,snapshot_floor,,closed by ind_prs11012016.pdf
221,Nifty 500,ADVANTA,2014-01-01,2016-04-29,,snapshot_floor,,closed by ind_prs22042016.pdf
221,Nifty 500,JINDALSAW,2014-01-01,2016-04-29,,snapshot_floor,,closed by ind_prs22042016.pdf
221,Nifty 500,TCI,2014-01-01,2016-04-29,,snapshot_floor,,closed by ind_prs22042016.pdf
221,Nifty 500,DISHMAN,2014-01-01,2017-01-23,,snapshot_floor,,closed by ind_prs16012017.pdf
221,Nifty 500,MFSL,2014-01-01,2017-01-23,,snapshot_floor,,closed by ind_prs16012017.pdf
221,Nifty 500,OCL,2014-01-01,2017-01-23,,snapshot_floor,,closed by ind_prs16012017.pdf
221,Nifty 500,SFCL,2014-01-01,2017-01-23,,snapshot_floor,,closed by ind_prs16012017.pdf
221,Nifty 500,ALOKTEXT,2014-01-01,2017-03-31,,snapshot_floor,,closed by ind_prs16022017.pdf
221,Nifty 500,BRFL,2014-01-01,2017-03-31,,snapshot_floor,,closed by ind_prs16022017.pdf
221,Nifty 500,BRIGADE,2014-01-01,2017-03-31,,snapshot_floor,,closed by ind_prs16022017.pdf
221,Nifty 500,DYNAMATECH,2014-01-01,2017-03-31,,snapshot_floor,,closed by ind_prs16022017.pdf
221,Nifty 500,FLFL,2015-09-28,2017-03-31,,press_release,https://niftyindices.com/Press_Release/ind_prs12082015.pdf,closed by ind_prs16022017.pdf
221,Nifty 500,INGERRAND,2014-01-01,2017-03-31,,snapshot_floor,,closed by ind_prs16022017.pdf
221,Nifty 500,IPAPPM,2014-01-01,2017-03-31,,snapshot_floor,,closed by ind_prs16022017.pdf
221,Nifty 500,JPPOWER,2014-01-01,2017-03-31,,snapshot_floor,,closed by ind_prs16022017.pdf
221,Nifty 500,JPINFRATEC,2014-01-01,2017-03-31,,snapshot_floor,,closed by ind_prs16022017.pdf
221,Nifty 500,JSWHL,2014-01-01,2017-03-31,,snapshot_floor,,closed by ind_prs16022017.pdf
221,Nifty 500,KSBPUMPS,2014-01-01,2017-03-31,,snapshot_floor,,closed by ind_prs16022017.pdf
221,Nifty 500,LAOPALA,2014-01-01,2017-03-31,,snapshot_floor,,closed by ind_prs16022017.pdf
221,Nifty 500,LITL,2014-01-01,2017-03-31,,snapshot_floor,,closed by ind_prs16022017.pdf
221,Nifty 500,LINDEINDIA,2014-01-01,2017-03-31,,snapshot_floor,,closed by ind_prs16022017.pdf
221,Nifty 500,MAHLIFE,2014-01-01,2017-03-31,,snapshot_floor,,closed by ind_prs16022017.pdf
221,Nifty 500,MAYURUNIQ,2015-03-24,2017-03-31,,press_release,https://niftyindices.com/Press_Release/ind_prs18032015_2.pdf,closed by ind_prs16022017.pdf
221,Nifty 500,SEQUENT,2014-01-01,2017-03-31,,snapshot_floor,,closed by ind_prs16022017.pdf
221,Nifty 500,SHOPERSTOP,2014-01-01,2017-03-31,,snapshot_floor,,closed by ind_prs16022017.pdf
221,Nifty 500,SIMPLEXINF,2014-01-01,2017-03-31,,snapshot_floor,,closed by ind_prs16022017.pdf
221,Nifty 500,SINTEX,2014-01-01,2017-03-31,,snapshot_floor,,closed by ind_prs16022017.pdf
221,Nifty 500,SITINET,2014-01-01,2017-03-31,,snapshot_floor,,closed by ind_prs16022017.pdf
221,Nifty 500,SUPRAJIT,2014-01-01,2017-03-31,,snapshot_floor,,closed by ind_prs16022017.pdf
221,Nifty 500,ABIRLANUVO,2014-01-01,2017-05-26,,snapshot_floor,,closed by ind_prs27042017.pdf
221,Nifty 500,GRASIM,2014-01-01,2017-05-26,,snapshot_floor,,closed by ind_prs27042017.pdf
221,Nifty 500,TUBEINVEST,2014-01-01,2017-05-26,,snapshot_floor,,closed by ind_prs27042017.pdf
221,Nifty 500,IIFL,2014-01-01,2017-06-23,,snapshot_floor,,closed by ind_prs15062017.pdf
221,Nifty 500,AMTEKAUTO,2014-01-01,2017-09-29,,snapshot_floor,,closed by ind_prs28082017.pdf
221,Nifty 500,ANANTRAJ,2014-01-01,2017-09-29,,snapshot_floor,,closed by ind_prs28082017.pdf
221,Nifty 500,ASAHIINDIA,2017-01-23,2017-09-29,,press_release,https://niftyindices.com/Press_Release/ind_prs16012017.pdf,closed by ind_prs28082017.pdf
221,Nifty 500,FDC,2014-01-01,2017-09-29,,snapshot_floor,,closed by ind_prs28082017.pdf
221,Nifty 500,FMGOETZE,2017-03-31,2017-09-29,,press_release,https://niftyindices.com/Press_Release/ind_prs16022017.pdf,closed by ind_prs28082017.pdf
221,Nifty 500,GRINDWELL,2014-01-01,2017-09-29,,snapshot_floor,,closed by ind_prs28082017.pdf
221,Nifty 500,HMVL,2014-01-01,2017-09-29,,snapshot_floor,,closed by ind_prs28082017.pdf
221,Nifty 500,HONAUT,2014-01-01,2017-09-29,,snapshot_floor,,closed by ind_prs28082017.pdf
221,Nifty 500,JMTAUTOLTD,2014-01-01,2017-09-29,,snapshot_floor,,closed by ind_prs28082017.pdf
221,Nifty 500,KNRCON,2017-03-31,2017-09-29,,press_release,https://niftyindices.com/Press_Release/ind_prs16022017.pdf,closed by ind_prs28082017.pdf
221,Nifty 500,NITINFIRE,2014-09-19,2017-09-29,,press_release,https://niftyindices.com/Press_Release/ind_prs20082014.pdf,closed by ind_prs28082017.pdf
221,Nifty 500,ORISSAMINE,2014-01-01,2017-09-29,,snapshot_floor,,closed by ind_prs28082017.pdf
221,Nifty 500,PUNJLLOYD,2014-01-01,2017-09-29,,snapshot_floor,,closed by ind_prs28082017.pdf
221,Nifty 500,RATNAMANI,2017-03-31,2017-09-29,,press_release,https://niftyindices.com/Press_Release/ind_prs16022017.pdf,closed by ind_prs28082017.pdf
221,Nifty 500,RELAXO,2014-01-01,2017-09-29,,snapshot_floor,,closed by ind_prs28082017.pdf
221,Nifty 500,RIIL,2014-01-01,2017-09-29,,snapshot_floor,,closed by ind_prs28082017.pdf
221,Nifty 500,ROLTA,2014-01-01,2017-09-29,,snapshot_floor,,closed by ind_prs28082017.pdf
221,Nifty 500,RUCHISOYA,2014-01-01,2017-09-29,,snapshot_floor,,closed by ind_prs28082017.pdf
221,Nifty 500,STCINDIA,2014-01-01,2017-09-29,,snapshot_floor,,closed by ind_prs28082017.pdf
221,Nifty 500,TIDEWATER,2014-01-01,2017-09-29,,snapshot_floor,,closed by ind_prs28082017.pdf
221,Nifty 500,TRITURBINE,2014-01-01,2017-09-29,,snapshot_floor,,closed by ind_prs28082017.pdf
221,Nifty 500,VSTIND,2014-01-01,2017-09-29,,snapshot_floor,,closed by ind_prs28082017.pdf
221,Nifty 500,WONDERLA,2014-01-01,2017-09-29,,snapshot_floor,,closed by ind_prs28082017.pdf
221,Nifty 500,ZYDUSWELL,2014-01-01,2017-09-29,,snapshot_floor,,closed by ind_prs28082017.pdf
221,Nifty 500,FRETAIL,2017-03-31,2017-10-30,,press_release,https://niftyindices.com/Press_Release/ind_prs16022017.pdf,closed by ind_prs16102017.pdf
221,Nifty 500,SUNDARMFIN,2014-01-01,2017-11-13,,snapshot_floor,,closed by ind_prs03112017.pdf
221,Nifty 500,SHILPI,2017-03-31,2017-11-13,,press_release,https://niftyindices.com/Press_Release/ind_prs16022017.pdf,closed by ind_prs03112017.pdf
221,Nifty 500,GAYAPROJ,2015-12-14,2017-11-20,,press_release,https://niftyindices.com/Press_Release/ind_prs07122015.pdf,closed by ind_prs10112017.pdf
221,Nifty 500,CESC,2014-01-01,2018-02-05,,snapshot_floor,,closed by ind_prs08012018.pdf
221,Nifty 500,FORTIS,2014-01-01,2018-02-05,,snapshot_floor,,closed by ind_prs08012018.pdf
221,Nifty 500,POLARIS,2014-01-01,2018-02-05,,snapshot_floor,,closed by ind_prs08012018.pdf
221,Nifty 500,STAR,2014-01-01,2018-02-05,,snapshot_floor,,closed by ind_prs08012018.pdf
221,Nifty 500,ADANIENT,2014-01-01,2018-04-02,,snapshot_floor,,closed by ind_prs21022018.pdf
221,Nifty 500,AHLUCONT,2014-01-01,2018-04-02,,snapshot_floor,,closed by ind_prs21022018.pdf
221,Nifty 500,APARINDS,2014-09-19,2018-04-02,,press_release,https://niftyindices.com/Press_Release/ind_prs20082014.pdf,closed by ind_prs21022018.pdf
221,Nifty 500,ASTRAZEN,2014-01-01,2018-04-02,,snapshot_floor,,closed by ind_prs21022018.pdf
221,Nifty 500,CORPBANK,2014-01-01,2018-04-02,,snapshot_floor,,closed by ind_prs21022018.pdf
221,Nifty 500,DALBHARAT,2014-01-01,2018-04-02,,snapshot_floor,,closed by ind_prs21022018.pdf
221,Nifty 500,DHANUKA,2014-01-01,2018-04-02,,snapshot_floor,,closed by ind_prs21022018.pdf
221,Nifty 500,EPL,2014-01-01,2018-04-02,,snapshot_floor,,closed by ind_prs21022018.pdf
221,Nifty 500,ICRA,2014-01-01,2018-04-02,,snapshot_floor,,closed by ind_prs21022018.pdf
221,Nifty 500,IGARASHI,2014-01-01,2018-04-02,,snapshot_floor,,closed by ind_prs21022018.pdf
221,Nifty 500,INGERRAND,2017-09-29,2018-04-02,,press_release,https://niftyindices.com/Press_Release/ind_prs28082017.pdf,closed by ind_prs21022018.pdf
221,Nifty 500,LINDEINDIA,2017-09-29,2018-04-02,,press_release,https://niftyindices.com/Press_Release/ind_prs28082017.pdf,closed by ind_prs21022018.pdf
221,Nifty 500,MONSANTO,2014-01-01,2018-04-02,,snapshot_floor,,closed by ind_prs21022018.pdf
221,Nifty 500,NAVNETEDUL,2017-03-31,2018-04-02,,press_release,https://niftyindices.com/Press_Release/ind_prs16022017.pdf,closed by ind_prs21022018.pdf
221,Nifty 500,SCHNEIDER,2016-01-18,2018-04-02,,press_release,https://niftyindices.com/Press_Release/ind_prs11012016.pdf,closed by ind_prs21022018.pdf
221,Nifty 500,SHARDACROP,2014-01-01,2018-04-02,,snapshot_floor,,closed by ind_prs21022018.pdf
221,Nifty 500,SHILPAMED,2014-01-01,2018-04-02,,snapshot_floor,,closed by ind_prs21022018.pdf
221,Nifty 500,SNOWMAN,2014-01-01,2018-04-02,,snapshot_floor,,closed by ind_prs21022018.pdf
221,Nifty 500,SOMANYCERA,2014-01-01,2018-04-02,,snapshot_floor,,closed by ind_prs21022018.pdf
221,Nifty 500,SUPRAJIT,2017-09-29,2018-04-02,,press_release,https://niftyindices.com/Press_Release/ind_prs28082017.pdf,closed by ind_prs21022018.pdf
221,Nifty 500,SUPPETRO,2017-09-29,2018-04-02,,press_release,https://niftyindices.com/Press_Release/ind_prs28082017.pdf,closed by ind_prs21022018.pdf
221,Nifty 500,UNITEDBNK,2017-09-29,2018-04-02,,press_release,https://niftyindices.com/Press_Release/ind_prs28082017.pdf,closed by ind_prs21022018.pdf
221,Nifty 500,VESUVIUS,2017-09-29,2018-04-02,,press_release,https://niftyindices.com/Press_Release/ind_prs28082017.pdf,closed by ind_prs21022018.pdf
221,Nifty 500,ZENSARTECH,2014-01-01,2018-04-02,,snapshot_floor,,closed by ind_prs21022018.pdf
221,Nifty 500,HTMEDIA,2014-01-01,2018-06-29,,snapshot_floor,,closed by ind_prs20062018.pdf
221,Nifty 500,ARVIND,2015-12-14,2018-06-29,,press_release,https://niftyindices.com/Press_Release/ind_prs07122015.pdf,closed by ind_prs24052018.pdf
221,Nifty 500,COX&KINGS,2014-01-01,2018-06-29,,snapshot_floor,,closed by ind_prs24052018.pdf
221,Nifty 500,TATACOMM,2014-01-01,2018-06-29,,snapshot_floor,,closed by ind_prs24052018.pdf
221,Nifty 500,TECHNO,2014-01-01,2018-08-08,,snapshot_floor,,closed by ind_prs01082018.pdf
221,Nifty 500,ABAN,2014-01-01,2018-09-28,,snapshot_floor,,closed by ind_prs28082018.pdf
221,Nifty 500,ASAHIINDIA,2018-04-02,2018-09-28,,press_release,https://niftyindices.com/Press_Release/ind_prs21022018.pdf,closed by ind_prs28082018.pdf
221,Nifty 500,BAJAJHIND,2014-01-01,2018-09-28,,snapshot_floor,,closed by ind_prs28082018.pdf
221,Nifty 500,BALLARPUR,2014-01-01,2018-09-28,,snapshot_floor,,closed by ind_prs28082018.pdf
221,Nifty 500,BFUTILITIE,2014-01-01,2018-09-28,,snapshot_floor,,closed by ind_prs28082018.pdf
221,Nifty 500,BGRENERGY,2014-01-01,2018-09-28,,snapshot_floor,,closed by ind_prs28082018.pdf
221,Nifty 500,BHUSANSTL,2014-01-01,2018-09-28,,snapshot_floor,,closed by ind_prs28082018.pdf
221,Nifty 500,BRFL,2017-09-29,2018-09-28,,press_release,https://niftyindices.com/Press_Release/ind_prs28082017.pdf,closed by ind_prs28082018.pdf
221,Nifty 500,DBREALTY,2014-01-01,2018-09-28,,snapshot_floor,,closed by ind_prs28082018.pdf
221,Nifty 500,GATI,2014-01-01,2018-09-28,,snapshot_floor,,closed by ind_prs28082018.pdf
221,Nifty 500,HDIL,2014-01-01,2018-09-28,,snapshot_floor,,closed by ind_prs28082018.pdf
221,Nifty 500,JBFIND,2014-01-01,2018-09-28,,snapshot_floor,,closed by ind_prs28082018.pdf
221,Nifty 500,JINDALPOLY,2014-01-01,2018-09-28,,snapshot_floor,,closed by ind_prs28082018.pdf
221,Nifty 500,KESORAMIND,2014-01-01,2018-09-28,,snapshot_floor,,closed by ind_prs28082018.pdf
221,Nifty 500,KITEX,2014-09-19,2018-09-28,,press_release,https://niftyindices.com/Press_Release/ind_prs20082014.pdf,closed by ind_prs28082018.pdf
221,Nifty 500,KWALITY,2014-01-01,2018-09-28,,snapshot_floor,,closed by ind_prs28082018.pdf
221,Nifty 500,MTNL,2014-01-01,2018-09-28,,snapshot_floor,,closed by ind_prs28082018.pdf
221,Nifty 500,MARKSANS,2015-03-27,2018-09-28,,press_release,https://niftyindices.com/Press_Release/ind_prs20022015.pdf,closed by ind_prs28082018.pdf
221,Nifty 500,RAMCOSYS,2014-01-01,2018-09-28,,snapshot_floor,,closed by ind_prs28082018.pdf
221,Nifty 500,RTNPOWER,2014-01-01,2018-09-28,,snapshot_floor,,closed by ind_prs28082018.pdf
221,Nifty 500,RELIGARE,2014-01-01,2018-09-28,,snapshot_floor,,closed by ind_prs28082018.pdf
221,Nifty 500,SFL,2017-06-23,2018-09-28,,press_release,https://niftyindices.com/Press_Release/ind_prs15062017.pdf,closed by ind_prs28082018.pdf
221,Nifty 500,SMLISUZU,2014-01-01,2018-09-28,,snapshot_floor,,closed by ind_prs28082018.pdf
221,Nifty 500,UNITECH,2014-01-01,2018-09-28,,snapshot_floor,,closed by ind_prs28082018.pdf
221,Nifty 500,ZEELEARN,2014-01-01,2018-09-28,,snapshot_floor,,closed by ind_prs28082018.pdf
221,Nifty 500,KPIT,2014-01-01,2018-09-28,,snapshot_floor,,closed by ind_prs31082018.pdf
221,Nifty 500,BHARATFIN,2014-01-01,2018-12-28,,snapshot_floor,,closed by ind_prs14122018.pdf
221,Nifty 500,CAPF,2014-01-01,2018-12-28,,snapshot_floor,,closed by ind_prs14122018.pdf
221,Nifty 500,CENTURYTEX,2014-01-01,2018-12-28,,snapshot_floor,,closed by ind_prs14122018.pdf
221,Nifty 500,HSIL,2014-01-01,2018-12-28,,snapshot_floor,,closed by ind_prs14122018.pdf
221,Nifty 500,IIFL,2018-04-02,2018-12-28,,press_release,https://niftyindices.com/Press_Release/ind_prs21022018.pdf,closed by ind_prs14122018.pdf
221,Nifty 500,DENABANK,2014-01-01,2019-01-28,,snapshot_floor,,closed by ind_prs21012019.pdf
221,Nifty 500,VIJAYABANK,2014-01-01,2019-01-28,,snapshot_floor,,closed by ind_prs21012019.pdf
221,Nifty 500,AARTIIND,2014-01-01,2019-03-29,,snapshot_floor,,closed by ind_prs25022019.pdf
221,Nifty 500,DEN,2014-01-01,2019-03-29,,snapshot_floor,,closed by ind_prs25022019.pdf
221,Nifty 500,DREDGECORP,2014-01-01,2019-03-29,,snapshot_floor,,closed by ind_prs25022019.pdf
221,Nifty 500,EROSMEDIA,2014-01-01,2019-03-29,,snapshot_floor,,closed by ind_prs25022019.pdf
221,Nifty 500,EVEREADY,2015-09-28,2019-03-29,,press_release,https://niftyindices.com/Press_Release/ind_prs24082015.pdf,closed by ind_prs25022019.pdf
221,Nifty 500,GREENPLY,2014-01-01,2019-03-29,,snapshot_floor,,closed by ind_prs25022019.pdf
221,Nifty 500,GVKPIL,2014-01-01,2019-03-29,,snapshot_floor,,closed by ind_prs25022019.pdf
221,Nifty 500,HCL-INSYS,2014-01-01,2019-03-29,,snapshot_floor,,closed by ind_prs25022019.pdf
221,Nifty 500,HCC,2014-01-01,2019-03-29,,snapshot_floor,,closed by ind_prs25022019.pdf
221,Nifty 500,IL&FSTRANS,2014-01-01,2019-03-29,,snapshot_floor,,closed by ind_prs25022019.pdf
221,Nifty 500,ICIL,2014-01-01,2019-03-29,,snapshot_floor,,closed by ind_prs25022019.pdf
221,Nifty 500,JKIL,2014-01-01,2019-03-29,,snapshot_floor,,closed by ind_prs25022019.pdf
221,Nifty 500,JPPOWER,2017-09-29,2019-03-29,,press_release,https://niftyindices.com/Press_Release/ind_prs28082017.pdf,closed by ind_prs25022019.pdf
221,Nifty 500,JCHAC,2014-01-01,2019-03-29,,snapshot_floor,,closed by ind_prs25022019.pdf
221,Nifty 500,MANPASAND,2014-01-01,2019-03-29,,snapshot_floor,,closed by ind_prs25022019.pdf
221,Nifty 500,MCLEODRUSS,2014-01-01,2019-03-29,,snapshot_floor,,closed by ind_prs25022019.pdf
221,Nifty 500,NAVKARCORP,2014-01-01,2019-03-29,,snapshot_floor,,closed by ind_prs25022019.pdf
221,Nifty 500,PFS,2014-03-28,2019-03-29,,press_release,https://niftyindices.com/Press_Release/ind_prs27022014.pdf,closed by ind_prs25022019.pdf
221,Nifty 500,RNAVAL,2014-01-01,2019-03-29,,snapshot_floor,,closed by ind_prs25022019.pdf
221,Nifty 500,SADBHIN,2018-04-02,2019-03-29,,press_release,https://niftyindices.com/Press_Release/ind_prs21022018.pdf,closed by ind_prs25022019.pdf
221,Nifty 500,TATASPONGE,2014-01-01,2019-03-29,,snapshot_floor,,closed by ind_prs25022019.pdf
221,Nifty 500,TEXRAIL,2014-01-01,2019-03-29,,snapshot_floor,,closed by ind_prs25022019.pdf
221,Nifty 500,TVSSRICHAK,2014-01-01,2019-03-29,,snapshot_floor,,closed by ind_prs25022019.pdf
221,Nifty 500,UNICHEMLAB,2014-01-01,2019-03-29,,snapshot_floor,,closed by ind_prs25022019.pdf
221,Nifty 500,EXCELCROP,2018-09-28,2019-04-15,,press_release,https://niftyindices.com/Press_Release/ind_prs28082018.pdf,closed by ind_prs08042019.pdf
221,Nifty 500,GUJFLUORO,2014-01-01,2019-06-28,,snapshot_floor,,closed by ind_prs13062019.pdf
221,Nifty 500,MONSANTO,2018-09-28,2019-06-28,,press_release,https://niftyindices.com/Press_Release/ind_prs28082018.pdf,closed by ind_prs13062019.pdf
221,Nifty 500,JETAIRWAYS,2014-01-01,2019-09-24,,snapshot_floor,,closed by ind_prs17092019_1.pdf
221,Nifty 500,THOMASCOOK,2014-01-01,2019-09-27,,snapshot_floor,,closed by ind_prs17092019.pdf
221,Nifty 500,DEEPAKFERT,2014-01-01,2019-09-27,,snapshot_floor,,closed by ind_prs28082019.pdf
221,Nifty 500,GDL,2014-01-01,2019-09-27,,snapshot_floor,,closed by ind_prs28082019.pdf
221,Nifty 500,INDOCO,2014-01-01,2019-09-27,,snapshot_floor,,closed by ind_prs28082019.pdf
221,Nifty 500,INOXWIND,2015-09-28,2019-09-27,,press_release,https://niftyindices.com/Press_Release/ind_prs12082015.pdf,closed by ind_prs28082019.pdf
221,Nifty 500,JPASSOCIAT,2014-01-01,2019-09-27,,snapshot_floor,,closed by ind_prs28082019.pdf
221,Nifty 500,KIOCL,2018-06-29,2019-09-27,,press_release,https://niftyindices.com/Press_Release/ind_prs24052018.pdf,closed by ind_prs28082019.pdf
221,Nifty 500,RKFORGE,2014-01-01,2019-09-27,,snapshot_floor,,closed by ind_prs28082019.pdf
221,Nifty 500,RCOM,2014-01-01,2019-09-27,,snapshot_floor,,closed by ind_prs28082019.pdf
221,Nifty 500,RHFL,2018-04-02,2019-09-27,,press_release,https://niftyindices.com/Press_Release/ind_prs21022018.pdf,closed by ind_prs28082019.pdf
221,Nifty 500,RUPA,2017-09-29,2019-09-27,,press_release,https://niftyindices.com/Press_Release/ind_prs28082017.pdf,closed by ind_prs28082019.pdf
221,Nifty 500,SHANKARA,2018-04-02,2019-09-27,,press_release,https://niftyindices.com/Press_Release/ind_prs21022018.pdf,closed by ind_prs28082019.pdf
221,Nifty 500,SHARDACROP,2019-03-29,2019-09-27,,press_release,https://niftyindices.com/Press_Release/ind_prs25022019.pdf,closed by ind_prs28082019.pdf
221,Nifty 500,SCI,2014-01-01,2019-09-27,,snapshot_floor,,closed by ind_prs28082019.pdf
221,Nifty 500,SPTL,2018-04-02,2019-09-27,,press_release,https://niftyindices.com/Press_Release/ind_prs21022018.pdf,closed by ind_prs28082019.pdf
221,Nifty 500,SREINFRA,2014-01-01,2019-09-27,,snapshot_floor,,closed by ind_prs28082019.pdf
221,Nifty 500,TNPL,2014-01-01,2019-09-27,,snapshot_floor,,closed by ind_prs28082019.pdf
221,Nifty 500,TATACOFFEE,2014-01-01,2019-09-27,,snapshot_floor,,closed by ind_prs28082019.pdf
221,Nifty 500,TRITURBINE,2019-03-29,2019-09-27,,press_release,https://niftyindices.com/Press_Release/ind_prs25022019.pdf,closed by ind_prs28082019.pdf
221,Nifty 500,CGPOWER,2014-01-01,2019-12-26,,snapshot_floor,,closed by ind_prs18122019.pdf
221,Nifty 500,COFFEEDAY,2014-01-01,2019-12-26,,snapshot_floor,,closed by ind_prs18122019.pdf
221,Nifty 500,COX&KINGS,2019-03-29,2019-12-26,,press_release,https://niftyindices.com/Press_Release/ind_prs25022019.pdf,closed by ind_prs18122019.pdf
221,Nifty 500,ALBK,2014-01-01,2019-12-27,,snapshot_floor,,closed by ind_prs16122019.pdf
221,Nifty 500,ANDHRABANK,2014-01-01,2019-12-27,,snapshot_floor,,closed by ind_prs16122019.pdf
221,Nifty 500,CORPBANK,2019-01-28,2019-12-27,,press_release,https://niftyindices.com/Press_Release/ind_prs21012019.pdf,closed by ind_prs16122019.pdf
221,Nifty 500,MAXINDIA,2017-03-31,2019-12-27,,press_release,https://niftyindices.com/Press_Release/ind_prs16022017.pdf,closed by ind_prs16122019.pdf
221,Nifty 500,ORIENTBANK,2014-01-01,2019-12-27,,snapshot_floor,,closed by ind_prs16122019.pdf
221,Nifty 500,SYNDIBANK,2014-01-01,2019-12-27,,snapshot_floor,,closed by ind_prs16122019.pdf
221,Nifty 500,TATACHEM,2014-01-01,2019-12-27,,snapshot_floor,,closed by ind_prs16122019.pdf
221,Nifty 500,DEN,2019-09-27,2019-12-27,,press_release,https://niftyindices.com/Press_Release/ind_prs28082019.pdf,closed by ind_prs19122019.pdf
221,Nifty 500,HATHWAY,2014-01-01,2019-12-27,,snapshot_floor,,closed by ind_prs19122019.pdf
221,Nifty 500,SUVEN,2015-03-24,2020-01-16,,press_release,https://niftyindices.com/Press_Release/ind_prs18032015_2.pdf,closed by ind_prs09012020.pdf
221,Nifty 500,YESBANK,2014-01-01,2020-03-19,,snapshot_floor,,closed by ind_prs16032020.pdf
221,Nifty 500,CHALET,2019-06-28,2020-06-26,,press_release,https://niftyindices.com/Press_Release/ind_prs13062019.pdf,closed by ind_prs10062020.pdf
221,Nifty 500,DHFL,2014-01-01,2020-06-26,,snapshot_floor,,closed by ind_prs10062020.pdf
221,Nifty 500,FMGOETZE,2019-09-27,2020-06-26,,press_release,https://niftyindices.com/Press_Release/ind_prs28082019.pdf,closed by ind_prs10062020.pdf
221,Nifty 500,FLFL,2017-09-29,2020-06-26,,press_release,https://niftyindices.com/Press_Release/ind_prs28082017.pdf,closed by ind_prs10062020.pdf
221,Nifty 500,GAYAPROJ,2018-09-28,2020-06-26,,press_release,https://niftyindices.com/Press_Release/ind_prs28082018.pdf,closed by ind_prs10062020.pdf
221,Nifty 500,IBULISL,2019-03-29,2020-06-26,,press_release,https://niftyindices.com/Press_Release/ind_prs25022019.pdf,closed by ind_prs10062020.pdf
221,Nifty 500,ITDCEM,2014-01-01,2020-06-26,,snapshot_floor,,closed by ind_prs10062020.pdf
221,Nifty 500,JISLJALEQS,2014-01-01,2020-06-26,,snapshot_floor,,closed by ind_prs10062020.pdf
221,Nifty 500,KENNAMET,2019-12-27,2020-06-26,,press_release,https://niftyindices.com/Press_Release/ind_prs19122019.pdf,closed by ind_prs10062020.pdf
221,Nifty 500,KIRLOSENG,2019-03-29,2020-06-26,,press_release,https://niftyindices.com/Press_Release/ind_prs25022019.pdf,closed by ind_prs10062020.pdf
221,Nifty 500,LAKSHVILAS,2014-01-01,2020-06-26,,snapshot_floor,,closed by ind_prs10062020.pdf
221,Nifty 500,MAGMA,2014-01-01,2020-06-26,,snapshot_floor,,closed by ind_prs10062020.pdf
221,Nifty 500,NETWORK18,2014-01-01,2020-06-26,,snapshot_floor,,closed by ind_prs10062020.pdf
221,Nifty 500,PARAGMILK,2017-03-31,2020-06-26,,press_release,https://niftyindices.com/Press_Release/ind_prs16022017.pdf,closed by ind_prs10062020.pdf
221,Nifty 500,PCJEWELLER,2014-01-01,2020-06-26,,snapshot_floor,,closed by ind_prs10062020.pdf
221,Nifty 500,RELCAPITAL,2018-02-05,2020-06-26,,press_release,https://niftyindices.com/Press_Release/ind_prs08012018.pdf,closed by ind_prs10062020.pdf
221,Nifty 500,RELINFRA,2014-01-01,2020-06-26,,snapshot_floor,,closed by ind_prs10062020.pdf
221,Nifty 500,RPOWER,2014-01-01,2020-06-26,,snapshot_floor,,closed by ind_prs10062020.pdf
221,Nifty 500,RESPONIND,2019-12-26,2020-06-26,,press_release,https://niftyindices.com/Press_Release/ind_prs18122019.pdf,closed by ind_prs10062020.pdf
221,Nifty 500,SHK,2016-04-29,2020-06-26,,press_release,https://niftyindices.com/Press_Release/ind_prs22042016.pdf,closed by ind_prs10062020.pdf
221,Nifty 500,SHILPAMED,2018-09-28,2020-06-26,,press_release,https://niftyindices.com/Press_Release/ind_prs31082018.pdf,closed by ind_prs10062020.pdf
221,Nifty 500,SUNCLAYLTD,2019-04-15,2020-06-26,,press_release,https://niftyindices.com/Press_Release/ind_prs08042019.pdf,closed by ind_prs10062020.pdf
221,Nifty 500,TECHNOE,2019-09-27,2020-06-26,,press_release,https://niftyindices.com/Press_Release/ind_prs28082019.pdf,closed by ind_prs10062020.pdf
221,Nifty 500,TRITURBINE,2019-12-27,2020-06-26,,press_release,https://niftyindices.com/Press_Release/ind_prs16122019.pdf,closed by ind_prs10062020.pdf
221,Nifty 500,WABAG,2014-09-19,2020-06-26,,press_release,https://niftyindices.com/Press_Release/ind_prs20082014.pdf,closed by ind_prs10062020.pdf
221,Nifty 500,VEDL,2014-01-01,2020-07-31,,snapshot_floor,,closed by ind_prs02072020_1.pdf
221,Nifty 500,ASAHIINDIA,2019-12-27,2020-09-14,,press_release,https://niftyindices.com/Press_Release/ind_prs16122019.pdf,closed by ind_prs07092020.pdf
221,Nifty 500,ARVINDFASN,2019-09-27,2020-09-14,,press_release,https://niftyindices.com/Press_Release/ind_prs28082019.pdf,closed by ind_prs07092020.pdf
221,Nifty 500,KPITTECH,2019-09-27,2020-09-14,,press_release,https://niftyindices.com/Press_Release/ind_prs28082019.pdf,closed by ind_prs07092020.pdf
221,Nifty 500,REPCOHOME,2014-09-19,2020-09-14,,press_release,https://niftyindices.com/Press_Release/ind_prs20082014.pdf,closed by ind_prs07092020.pdf
221,Nifty 500,SPANDANA,2019-12-27,2020-09-14,,press_release,https://niftyindices.com/Press_Release/ind_prs16122019.pdf,closed by ind_prs07092020.pdf
221,Nifty 500,GET&D,2014-01-01,2020-09-25,,snapshot_floor,,closed by ind_prs20082020.pdf
221,Nifty 500,HIMATSEIDE,2014-01-01,2020-09-25,,snapshot_floor,,closed by ind_prs20082020.pdf
221,Nifty 500,IFCI,2014-01-01,2020-09-25,,snapshot_floor,,closed by ind_prs20082020.pdf
221,Nifty 500,ITDC,2017-09-29,2020-09-25,,press_release,https://niftyindices.com/Press_Release/ind_prs28082017.pdf,closed by ind_prs20082020.pdf
221,Nifty 500,INDOSTAR,2019-03-29,2020-09-25,,press_release,https://niftyindices.com/Press_Release/ind_prs25022019.pdf,closed by ind_prs20082020.pdf
221,Nifty 500,INTELLECT,2014-01-01,2020-09-25,,snapshot_floor,,closed by ind_prs20082020.pdf
221,Nifty 500,KPRMILL,2015-03-27,2020-09-25,,press_release,https://niftyindices.com/Press_Release/ind_prs20022015.pdf,closed by ind_prs20082020.pdf
221,Nifty 500,MAHINDCIE,2014-01-01,2020-09-25,,snapshot_floor,,closed by ind_prs20082020.pdf
221,Nifty 500,NBVENTURES,2017-03-31,2020-09-25,,press_release,https://niftyindices.com/Press_Release/ind_prs16022017.pdf,closed by ind_prs20082020.pdf
221,Nifty 500,SADBHAV,2014-01-01,2020-09-25,,snapshot_floor,,closed by ind_prs20082020.pdf
221,Nifty 500,RENUKA,2014-01-01,2020-09-25,,snapshot_floor,,closed by ind_prs20082020.pdf
221,Nifty 500,TAKE,2014-01-01,2020-09-25,,snapshot_floor,,closed by ind_prs20082020.pdf
221,Nifty 500,TIMETECHNO,2017-09-29,2020-09-25,,press_release,https://niftyindices.com/Press_Release/ind_prs28082017.pdf,closed by ind_prs20082020.pdf
221,Nifty 500,VESUVIUS,2020-06-26,2020-09-25,,press_release,https://niftyindices.com/Press_Release/ind_prs10062020.pdf,closed by ind_prs20082020.pdf
221,Nifty 500,ALLCARGO,2014-01-01,2020-11-02,,snapshot_floor,,closed by ind_prs26102020.pdf
221,Nifty 500,INFIBEAM,2014-01-01,2020-11-25,,snapshot_floor,,closed by ind_prs18112020.pdf
221,Nifty 500,BOMDYEING,2014-01-01,2021-03-31,,snapshot_floor,,closed by ind_prs23022021.pdf
221,Nifty 500,CARERATING,2014-03-28,2021-03-31,,press_release,https://niftyindices.com/Press_Release/ind_prs27022014.pdf,closed by ind_prs23022021.pdf
221,Nifty 500,CHENNPETRO,2014-01-01,2021-03-31,,snapshot_floor,,closed by ind_prs23022021.pdf
221,Nifty 500,DBCORP,2014-01-01,2021-03-31,,snapshot_floor,,closed by ind_prs23022021.pdf
221,Nifty 500,ESABINDIA,2020-06-26,2021-03-31,,press_release,https://niftyindices.com/Press_Release/ind_prs10062020.pdf,closed by ind_prs23022021.pdf
221,Nifty 500,GMDCLTD,2014-01-01,2021-03-31,,snapshot_floor,,closed by ind_prs23022021.pdf
221,Nifty 500,HATHWAY,2020-06-26,2021-03-31,,press_release,https://niftyindices.com/Press_Release/ind_prs10062020.pdf,closed by ind_prs23022021.pdf
221,Nifty 500,HERITGFOOD,2017-09-29,2021-03-31,,press_release,https://niftyindices.com/Press_Release/ind_prs28082017.pdf,closed by ind_prs23022021.pdf
221,Nifty 500,ICRA,2019-03-29,2021-03-31,,press_release,https://niftyindices.com/Press_Release/ind_prs25022019.pdf,closed by ind_prs23022021.pdf
221,Nifty 500,JAGRAN,2014-01-01,2021-03-31,,snapshot_floor,,closed by ind_prs23022021.pdf
221,Nifty 500,JAICORPLTD,2014-01-01,2021-03-31,,snapshot_floor,,closed by ind_prs23022021.pdf
221,Nifty 500,J&KBANK,2014-01-01,2021-03-31,,snapshot_floor,,closed by ind_prs23022021.pdf
221,Nifty 500,KTKBANK,2014-01-01,2021-03-31,,snapshot_floor,,closed by ind_prs23022021.pdf
221,Nifty 500,KOLTEPATIL,2014-01-01,2021-03-31,,snapshot_floor,,closed by ind_prs23022021.pdf
221,Nifty 500,NAVNETEDUL,2020-09-25,2021-03-31,,press_release,https://niftyindices.com/Press_Release/ind_prs20082020.pdf,closed by ind_prs23022021.pdf
221,Nifty 500,OMAXE,2014-01-01,2021-03-31,,snapshot_floor,,closed by ind_prs23022021.pdf
221,Nifty 500,ORIENTCEM,2015-09-28,2021-03-31,,press_release,https://niftyindices.com/Press_Release/ind_prs12082015.pdf,closed by ind_prs23022021.pdf
221,Nifty 500,PRAJIND,2014-01-01,2021-03-31,,snapshot_floor,,closed by ind_prs23022021.pdf
221,Nifty 500,PSPPROJECT,2020-09-14,2021-03-31,,press_release,https://niftyindices.com/Press_Release/ind_prs07092020.pdf,closed by ind_prs23022021.pdf
221,Nifty 500,PTC,2014-01-01,2021-03-31,,snapshot_floor,,closed by ind_prs23022021.pdf
221,Nifty 500,SOUTHBANK,2014-01-01,2021-03-31,,snapshot_floor,,closed by ind_prs23022021.pdf
221,Nifty 500,SWARAJENG,2020-09-14,2021-03-31,,press_release,https://niftyindices.com/Press_Release/ind_prs07092020.pdf,closed by ind_prs23022021.pdf
221,Nifty 500,TVTODAY,2016-04-29,2021-03-31,,press_release,https://niftyindices.com/Press_Release/ind_prs22042016.pdf,closed by ind_prs23022021.pdf
221,Nifty 500,VRLLOG,2015-09-28,2021-03-31,,press_release,https://niftyindices.com/Press_Release/ind_prs12082015.pdf,closed by ind_prs23022021.pdf
221,Nifty 500,GHCL,2017-03-31,2021-04-29,,press_release,https://niftyindices.com/Press_Release/ind_prs16022017.pdf,closed by ind_prs22042021.pdf
221,Nifty 500,TATASTLBSL,2020-01-16,2021-04-29,,press_release,https://niftyindices.com/Press_Release/ind_prs09012020.pdf,closed by ind_prs22042021.pdf
221,Nifty 500,MOTHERSON,2014-01-01,2021-06-30,,snapshot_floor,,closed by ind_prs15062021.pdf
221,Nifty 500,AKZOINDIA,2014-01-01,2021-09-30,,snapshot_floor,,closed by ind_prs15092021.pdf
221,Nifty 500,BALMLAWRIE,2014-01-01,2021-09-30,,snapshot_floor,,closed by ind_prs15092021.pdf
221,Nifty 500,BLISSGVS,2014-01-01,2021-09-30,,snapshot_floor,,closed by ind_prs15092021.pdf
221,Nifty 500,DISHTV,2014-01-01,2021-09-30,,snapshot_floor,,closed by ind_prs15092021.pdf
221,Nifty 500,DCAL,2018-04-02,2021-09-30,,press_release,https://niftyindices.com/Press_Release/ind_prs21022018.pdf,closed by ind_prs15092021.pdf
221,Nifty 500,GRSE,2020-06-26,2021-09-30,,press_release,https://niftyindices.com/Press_Release/ind_prs10062020.pdf,closed by ind_prs15092021.pdf
221,Nifty 500,GEPIL,2014-01-01,2021-09-30,,snapshot_floor,,closed by ind_prs15092021.pdf
221,Nifty 500,GULFOILLUB,2016-04-29,2021-09-30,,press_release,https://niftyindices.com/Press_Release/ind_prs22042016.pdf,closed by ind_prs15092021.pdf
221,Nifty 500,HSCL,2018-04-02,2021-09-30,,press_release,https://niftyindices.com/Press_Release/ind_prs21022018.pdf,closed by ind_prs15092021.pdf
221,Nifty 500,HUHTAMAKI,2014-01-01,2021-09-30,,snapshot_floor,,closed by ind_prs15092021.pdf
221,Nifty 500,JTEKTINDIA,2020-09-14,2021-09-30,,press_release,https://niftyindices.com/Press_Release/ind_prs07092020.pdf,closed by ind_prs15092021.pdf
221,Nifty 500,MAHSCOOTER,2019-03-29,2021-09-30,,press_release,https://niftyindices.com/Press_Release/ind_prs25022019.pdf,closed by ind_prs15092021.pdf
221,Nifty 500,MAHSEAMLES,2019-03-29,2021-09-30,,press_release,https://niftyindices.com/Press_Release/ind_prs25022019.pdf,closed by ind_prs15092021.pdf
221,Nifty 500,MASFIN,2018-04-02,2021-09-30,,press_release,https://niftyindices.com/Press_Release/ind_prs21022018.pdf,closed by ind_prs15092021.pdf
221,Nifty 500,RAYMOND,2014-01-01,2021-09-30,,snapshot_floor,,closed by ind_prs15092021.pdf
221,Nifty 500,RESPONIND,2021-03-31,2021-09-30,,press_release,https://niftyindices.com/Press_Release/ind_prs23022021.pdf,closed by ind_prs15092021.pdf
221,Nifty 500,SHOPERSTOP,2017-09-29,2021-09-30,,press_release,https://niftyindices.com/Press_Release/ind_prs28082017.pdf,closed by ind_prs15092021.pdf
221,Nifty 500,SUNCLAYLTD,2021-03-31,2021-09-30,,press_release,https://niftyindices.com/Press_Release/ind_prs23022021.pdf,closed by ind_prs15092021.pdf
221,Nifty 500,SWANENERGY,2014-01-01,2021-09-30,,snapshot_floor,,closed by ind_prs15092021.pdf
221,Nifty 500,TATAINVEST,2017-03-31,2021-09-30,,press_release,https://niftyindices.com/Press_Release/ind_prs16022017.pdf,closed by ind_prs15092021.pdf
221,Nifty 500,VSTIND,2019-03-29,2021-09-30,,press_release,https://niftyindices.com/Press_Release/ind_prs25022019.pdf,closed by ind_prs15092021.pdf
221,Nifty 500,SHTV,2014-01-01,2021-09-30,,snapshot_floor,,closed by ind_prs23082021.pdf
221,Nifty 500,SGPC,2014-01-01,2021-09-30,,snapshot_floor,,closed by ind_prs23082021.pdf
221,Nifty 500,GMRAIRPORT,2014-01-01,2021-10-29,,snapshot_floor,,closed by ind_prs22102021.pdf
221,Nifty 500,ALEMBICLTD,2020-09-25,2022-03-31,,press_release,https://niftyindices.com/Press_Release/ind_prs20082020.pdf,closed by ind_prs24022022_1.pdf
221,Nifty 500,ASHOKA,2014-09-19,2022-03-31,,press_release,https://niftyindices.com/Press_Release/ind_prs20082014.pdf,closed by ind_prs24022022_1.pdf
221,Nifty 500,BAJAJCON,2014-03-28,2022-03-31,,press_release,https://niftyindices.com/Press_Release/ind_prs27022014.pdf,closed by ind_prs24022022_1.pdf
221,Nifty 500,BHARATRAS,2020-06-26,2022-03-31,,press_release,https://niftyindices.com/Press_Release/ind_prs10062020.pdf,closed by ind_prs24022022_1.pdf
221,Nifty 500,CGCL,2019-09-27,2022-03-31,,press_release,https://niftyindices.com/Press_Release/ind_prs28082019.pdf,closed by ind_prs24022022_1.pdf
221,Nifty 500,DCBBANK,2014-01-01,2022-03-31,,snapshot_floor,,closed by ind_prs24022022_1.pdf
221,Nifty 500,DHANUKA,2020-06-26,2022-03-31,,press_release,https://niftyindices.com/Press_Release/ind_prs10062020.pdf,closed by ind_prs24022022_1.pdf
221,Nifty 500,FRETAIL,2018-06-29,2022-03-31,,press_release,https://niftyindices.com/Press_Release/ind_prs24052018.pdf,closed by ind_prs24022022_1.pdf
221,Nifty 500,GILLETTE,2014-01-01,2022-03-31,,snapshot_floor,,closed by ind_prs24022022_1.pdf
221,Nifty 500,GREAVESCOT,2014-01-01,2022-03-31,,snapshot_floor,,closed by ind_prs24022022_1.pdf
221,Nifty 500,HEIDELBERG,2014-01-01,2022-03-31,,snapshot_floor,,closed by ind_prs24022022_1.pdf
221,Nifty 500,INGERRAND,2020-06-26,2022-03-31,,press_release,https://niftyindices.com/Press_Release/ind_prs10062020.pdf,closed by ind_prs24022022_1.pdf
221,Nifty 500,IOLCP,2020-09-25,2022-03-31,,press_release,https://niftyindices.com/Press_Release/ind_prs20082020.pdf,closed by ind_prs24022022_1.pdf
221,Nifty 500,JINDALSAW,2017-09-29,2022-03-31,,press_release,https://niftyindices.com/Press_Release/ind_prs28082017.pdf,closed by ind_prs24022022_1.pdf
221,Nifty 500,JKTYRE,2014-01-01,2022-03-31,,snapshot_floor,,closed by ind_prs24022022_1.pdf
221,Nifty 500,KSCL,2014-01-01,2022-03-31,,snapshot_floor,,closed by ind_prs24022022_1.pdf
221,Nifty 500,KSB,2020-06-26,2022-03-31,,press_release,https://niftyindices.com/Press_Release/ind_prs10062020.pdf,closed by ind_prs24022022_1.pdf
221,Nifty 500,LAOPALA,2020-06-26,2022-03-31,,press_release,https://niftyindices.com/Press_Release/ind_prs10062020.pdf,closed by ind_prs24022022_1.pdf
221,Nifty 500,LEMONTREE,2018-09-28,2022-03-31,,press_release,https://niftyindices.com/Press_Release/ind_prs28082018.pdf,closed by ind_prs24022022_1.pdf
221,Nifty 500,MINDACORP,2017-03-31,2022-03-31,,press_release,https://niftyindices.com/Press_Release/ind_prs16022017.pdf,closed by ind_prs24022022_1.pdf
221,Nifty 500,MIDHANI,2019-12-26,2022-03-31,,press_release,https://niftyindices.com/Press_Release/ind_prs18122019.pdf,closed by ind_prs24022022_1.pdf
221,Nifty 500,NFL,2017-09-29,2022-03-31,,press_release,https://niftyindices.com/Press_Release/ind_prs28082017.pdf,closed by ind_prs24022022_1.pdf
221,Nifty 500,NILKAMAL,2014-01-01,2022-03-31,,snapshot_floor,,closed by ind_prs24022022_1.pdf
221,Nifty 500,SCHNEIDER,2020-06-26,2022-03-31,,press_release,https://niftyindices.com/Press_Release/ind_prs10062020.pdf,closed by ind_prs24022022_1.pdf
221,Nifty 500,SHARDACROP,2021-03-31,2022-03-31,,press_release,https://niftyindices.com/Press_Release/ind_prs23022021.pdf,closed by ind_prs24022022_1.pdf
221,Nifty 500,SPANDANA,2021-03-31,2022-03-31,,press_release,https://niftyindices.com/Press_Release/ind_prs23022021.pdf,closed by ind_prs24022022_1.pdf
221,Nifty 500,STARCEMENT,2017-11-20,2022-03-31,,press_release,https://niftyindices.com/Press_Release/ind_prs10112017.pdf,closed by ind_prs24022022_1.pdf
221,Nifty 500,TASTYBITE,2019-12-27,2022-03-31,,press_release,https://niftyindices.com/Press_Release/ind_prs19122019.pdf,closed by ind_prs24022022_1.pdf
221,Nifty 500,UJJIVAN,2017-01-23,2022-03-31,,press_release,https://niftyindices.com/Press_Release/ind_prs16012017.pdf,closed by ind_prs24022022_1.pdf
221,Nifty 500,UJJIVANSFB,2020-06-26,2022-03-31,,press_release,https://niftyindices.com/Press_Release/ind_prs10062020.pdf,closed by ind_prs24022022_1.pdf
221,Nifty 500,VALIANTORG,2021-03-31,2022-03-31,,press_release,https://niftyindices.com/Press_Release/ind_prs23022021.pdf,closed by ind_prs24022022_1.pdf
221,Nifty 500,SUPPETRO,2020-09-25,2022-04-07,,press_release,https://niftyindices.com/Press_Release/ind_prs20082020.pdf,closed by ind_prs06042022.pdf
221,Nifty 500,BEML,2014-01-01,2022-04-12,,snapshot_floor,,closed by ind_prs05042022_1.pdf
221,Nifty 500,AARTIIND,2019-12-27,2022-05-04,,press_release,https://niftyindices.com/Press_Release/ind_prs16122019.pdf,closed by ind_prs05042022.pdf
221,Nifty 500,JSLHISAR,2017-09-29,2022-05-31,,press_release,https://niftyindices.com/Press_Release/ind_prs28082017.pdf,closed by ind_prs24052022.pdf
221,Nifty 500,NMDC,2014-01-01,2022-08-08,,snapshot_floor,,closed by ind_prs11072022.pdf
221,Nifty 500,PEL,2014-01-01,2022-08-08,,snapshot_floor,,closed by ind_prs11072022.pdf
221,Nifty 500,SHRIRAMCIT,2014-01-01,2022-08-08,,snapshot_floor,,closed by ind_prs11072022.pdf
221,Nifty 500,ADVENZYMES,2017-01-23,2022-09-30,,press_release,https://niftyindices.com/Press_Release/ind_prs16012017.pdf,closed by ind_prs01092022.pdf
221,Nifty 500,ERIS,2018-04-02,2022-09-30,,press_release,https://niftyindices.com/Press_Release/ind_prs21022018.pdf,closed by ind_prs01092022.pdf
221,Nifty 500,GLS,2022-03-31,2022-09-30,,press_release,https://niftyindices.com/Press_Release/ind_prs24022022_1.pdf,closed by ind_prs01092022.pdf
221,Nifty 500,HATHWAY,2021-09-30,2022-09-30,,press_release,https://niftyindices.com/Press_Release/ind_prs15092021.pdf,closed by ind_prs01092022.pdf
221,Nifty 500,HEMIPROP,2021-03-31,2022-09-30,,press_release,https://niftyindices.com/Press_Release/ind_prs23022021.pdf,closed by ind_prs01092022.pdf
221,Nifty 500,ICIL,2021-03-31,2022-09-30,,press_release,https://niftyindices.com/Press_Release/ind_prs23022021.pdf,closed by ind_prs01092022.pdf
221,Nifty 500,IRCON,2019-03-29,2022-09-30,,press_release,https://niftyindices.com/Press_Release/ind_prs25022019.pdf,closed by ind_prs01092022.pdf
221,Nifty 500,NESCO,2018-04-02,2022-09-30,,press_release,https://niftyindices.com/Press_Release/ind_prs21022018.pdf,closed by ind_prs01092022.pdf
221,Nifty 500,RAILTEL,2021-09-30,2022-09-30,,press_release,https://niftyindices.com/Press_Release/ind_prs15092021.pdf,closed by ind_prs01092022.pdf
221,Nifty 500,SEQUENT,2020-06-26,2022-09-30,,press_release,https://niftyindices.com/Press_Release/ind_prs10062020.pdf,closed by ind_prs01092022.pdf
221,Nifty 500,SOLARA,2020-09-25,2022-09-30,,press_release,https://niftyindices.com/Press_Release/ind_prs20082020.pdf,closed by ind_prs01092022.pdf
221,Nifty 500,SPICEJET,2019-12-27,2022-09-30,,press_release,https://niftyindices.com/Press_Release/ind_prs16122019.pdf,closed by ind_prs01092022.pdf
221,Nifty 500,STAR,2018-09-28,2022-09-30,,press_release,https://niftyindices.com/Press_Release/ind_prs28082018.pdf,closed by ind_prs01092022.pdf
221,Nifty 500,TATASTLLP,2021-09-30,2022-09-30,,press_release,https://niftyindices.com/Press_Release/ind_prs15092021.pdf,closed by ind_prs01092022.pdf
221,Nifty 500,UCOBANK,2014-01-01,2022-09-30,,snapshot_floor,,closed by ind_prs01092022.pdf
221,Nifty 500,VAKRANGEE,2014-01-01,2022-09-30,,snapshot_floor,,closed by ind_prs01092022.pdf
221,Nifty 500,VENKEYS,2018-09-28,2022-09-30,,press_release,https://niftyindices.com/Press_Release/ind_prs28082018.pdf,closed by ind_prs01092022.pdf
221,Nifty 500,EQUITAS,2014-01-01,2022-09-30,,snapshot_floor,,closed by ind_prs16092022.pdf
221,Nifty 500,ALLCARGO,2022-03-31,2022-12-30,,press_release,https://niftyindices.com/Press_Release/ind_prs24022022_1.pdf,closed by ind_prs06122022.pdf
221,Nifty 500,NIITLTD,2022-09-30,2022-12-30,,press_release,https://niftyindices.com/Press_Release/ind_prs01092022.pdf,closed by ind_prs06122022.pdf
221,Nifty 500,SCI,2020-06-26,2022-12-30,,press_release,https://niftyindices.com/Press_Release/ind_prs10062020.pdf,closed by ind_prs06122022.pdf
221,Nifty 500,SAREGAMA,2022-03-31,2022-12-30,,press_release,https://niftyindices.com/Press_Release/ind_prs24022022_1.pdf,closed by ind_prs22122022.pdf
221,Nifty 500,INOXLEISUR,2014-03-28,2023-02-17,,press_release,https://niftyindices.com/Press_Release/ind_prs27022014.pdf,closed by ind_prs09022023_1.pdf
221,Nifty 500,ABSLAMC,2022-03-31,2023-03-31,,press_release,https://niftyindices.com/Press_Release/ind_prs24022022_1.pdf,closed by ind_prs17022023_1.pdf
221,Nifty 500,ALOKINDS,2020-09-25,2023-03-31,,press_release,https://niftyindices.com/Press_Release/ind_prs20082020.pdf,closed by ind_prs17022023_1.pdf
221,Nifty 500,ASTRAZEN,2019-03-29,2023-03-31,,press_release,https://niftyindices.com/Press_Release/ind_prs25022019.pdf,closed by ind_prs17022023_1.pdf
221,Nifty 500,BHARATRAS,2022-09-30,2023-03-31,,press_release,https://niftyindices.com/Press_Release/ind_prs01092022.pdf,closed by ind_prs17022023_1.pdf
221,Nifty 500,CAPLIPOINT,2014-01-01,2023-03-31,,snapshot_floor,,closed by ind_prs17022023_1.pdf
221,Nifty 500,DHANI,2017-09-29,2023-03-31,,press_release,https://niftyindices.com/Press_Release/ind_prs28082017.pdf,closed by ind_prs17022023_1.pdf
221,Nifty 500,DBL,2017-03-31,2023-03-31,,press_release,https://niftyindices.com/Press_Release/ind_prs16022017.pdf,closed by ind_prs17022023_1.pdf
221,Nifty 500,HATSUN,2018-02-05,2023-03-31,,press_release,https://niftyindices.com/Press_Release/ind_prs08012018.pdf,closed by ind_prs17022023_1.pdf
221,Nifty 500,INDOCO,2020-06-26,2023-03-31,,press_release,https://niftyindices.com/Press_Release/ind_prs10062020.pdf,closed by ind_prs17022023_1.pdf
221,Nifty 500,MOIL,2014-01-01,2023-03-31,,snapshot_floor,,closed by ind_prs17022023_1.pdf
221,Nifty 500,PRIVISCL,2022-03-31,2023-03-31,,press_release,https://niftyindices.com/Press_Release/ind_prs24022022_1.pdf,closed by ind_prs17022023_1.pdf
221,Nifty 500,PGHL,2014-01-01,2023-03-31,,snapshot_floor,,closed by ind_prs17022023_1.pdf
221,Nifty 500,SFL,2018-12-28,2023-03-31,,press_release,https://niftyindices.com/Press_Release/ind_prs14122018.pdf,closed by ind_prs17022023_1.pdf
221,Nifty 500,SHILPAMED,2020-09-25,2023-03-31,,press_release,https://niftyindices.com/Press_Release/ind_prs20082020.pdf,closed by ind_prs17022023_1.pdf
221,Nifty 500,SIS,2018-04-02,2023-03-31,,press_release,https://niftyindices.com/Press_Release/ind_prs21022018.pdf,closed by ind_prs17022023_1.pdf
221,Nifty 500,SUDARSCHEM,2017-03-31,2023-03-31,,press_release,https://niftyindices.com/Press_Release/ind_prs16022017.pdf,closed by ind_prs17022023_1.pdf
221,Nifty 500,SYMPHONY,2015-09-28,2023-03-31,,press_release,https://niftyindices.com/Press_Release/ind_prs12082015.pdf,closed by ind_prs17022023_1.pdf
221,Nifty 500,THYROCARE,2017-03-31,2023-03-31,,press_release,https://niftyindices.com/Press_Release/ind_prs16022017.pdf,closed by ind_prs17022023_1.pdf
221,Nifty 500,WOCKPHARMA,2014-01-01,2023-03-31,,snapshot_floor,,closed by ind_prs17022023_1.pdf
221,Nifty 500,BAJAJELEC,2014-01-01,2023-04-28,,snapshot_floor,,closed by ind_prs19042023_1.pdf
221,Nifty 500,EDELWEISS,2014-01-01,2023-04-28,,snapshot_floor,,closed by ind_prs19042023_1.pdf
221,Nifty 500,HDFC,2014-01-01,2023-07-13,,snapshot_floor,,closed by ind_prs04072023.pdf
221,Nifty 500,BASF,2014-01-01,2023-09-29,,snapshot_floor,,closed by ind_prs17082023.pdf
221,Nifty 500,GARFIBRES,2019-09-27,2023-09-29,,press_release,https://niftyindices.com/Press_Release/ind_prs28082019.pdf,closed by ind_prs17082023.pdf
221,Nifty 500,GODREJAGRO,2018-04-02,2023-09-29,,press_release,https://niftyindices.com/Press_Release/ind_prs21022018.pdf,closed by ind_prs17082023.pdf
221,Nifty 500,GREENPANEL,2022-09-30,2023-09-29,,press_release,https://niftyindices.com/Press_Release/ind_prs01092022.pdf,closed by ind_prs17082023.pdf
221,Nifty 500,HIKAL,2021-09-30,2023-09-29,,press_release,https://niftyindices.com/Press_Release/ind_prs15092021.pdf,closed by ind_prs17082023.pdf
221,Nifty 500,HGS,2021-09-30,2023-09-29,,press_release,https://niftyindices.com/Press_Release/ind_prs15092021.pdf,closed by ind_prs17082023.pdf
221,Nifty 500,IFBIND,2017-09-29,2023-09-29,,press_release,https://niftyindices.com/Press_Release/ind_prs28082017.pdf,closed by ind_prs17082023.pdf
221,Nifty 500,IBREALEST,2014-01-01,2023-09-29,,snapshot_floor,,closed by ind_prs17082023.pdf
221,Nifty 500,JINDWORLD,2023-03-31,2023-09-29,,press_release,https://niftyindices.com/Press_Release/ind_prs17022023_1.pdf,closed by ind_prs17082023.pdf
221,Nifty 500,KENNAMET,2023-03-31,2023-09-29,,press_release,https://niftyindices.com/Press_Release/ind_prs17022023_1.pdf,closed by ind_prs17082023.pdf
221,Nifty 500,RUSTOMJEE,2023-03-31,2023-09-29,,press_release,https://niftyindices.com/Press_Release/ind_prs17022023_1.pdf,closed by ind_prs17082023.pdf
221,Nifty 500,MAHLOG,2018-09-28,2023-09-29,,press_release,https://niftyindices.com/Press_Release/ind_prs28082018.pdf,closed by ind_prs17082023.pdf
221,Nifty 500,NOCIL,2020-09-14,2023-09-29,,press_release,https://niftyindices.com/Press_Release/ind_prs07092020.pdf,closed by ind_prs17082023.pdf
221,Nifty 500,TMB,2023-03-31,2023-09-29,,press_release,https://niftyindices.com/Press_Release/ind_prs17022023_1.pdf,closed by ind_prs17082023.pdf
221,Nifty 500,TCIEXP,2019-09-27,2023-09-29,,press_release,https://niftyindices.com/Press_Release/ind_prs28082019.pdf,closed by ind_prs17082023.pdf
221,Nifty 500,TCNSBRANDS,2019-03-29,2023-09-29,,press_release,https://niftyindices.com/Press_Release/ind_prs25022019.pdf,closed by ind_prs17082023.pdf
221,Nifty 500,TCI,2022-09-30,2023-09-29,,press_release,https://niftyindices.com/Press_Release/ind_prs01092022.pdf,closed by ind_prs17082023.pdf
221,Nifty 500,UFLEX,2014-01-01,2023-09-29,,snapshot_floor,,closed by ind_prs17082023.pdf
221,Nifty 500,KIRLFER,2023-09-29,2023-10-26,,press_release,https://niftyindices.com/Press_Release/ind_prs17082023.pdf,closed by ind_prs17102023.pdf
221,Nifty 500,AARTIDRUGS,2020-09-25,2024-03-28,,press_release,https://niftyindices.com/Press_Release/ind_prs20082020.pdf,closed by ind_prs28022024.pdf
221,Nifty 500,BCG,2022-03-31,2024-03-28,,press_release,https://niftyindices.com/Press_Release/ind_prs24022022_1.pdf,closed by ind_prs28022024.pdf
221,Nifty 500,DELTACORP,2014-01-01,2024-03-28,,snapshot_floor,,closed by ind_prs28022024.pdf
221,Nifty 500,EPIGRAL,2014-01-01,2024-03-28,,snapshot_floor,,closed by ind_prs28022024.pdf
221,Nifty 500,GRINFRA,2022-03-31,2024-03-28,,press_release,https://niftyindices.com/Press_Release/ind_prs24022022_1.pdf,closed by ind_prs28022024.pdf
221,Nifty 500,GALAXYSURF,2018-09-28,2024-03-28,,press_release,https://niftyindices.com/Press_Release/ind_prs28082018.pdf,closed by ind_prs28022024.pdf
221,Nifty 500,GOCOLORS,2022-03-31,2024-03-28,,press_release,https://niftyindices.com/Press_Release/ind_prs24022022_1.pdf,closed by ind_prs28022024.pdf
221,Nifty 500,GUJALKALI,2017-03-31,2024-03-28,,press_release,https://niftyindices.com/Press_Release/ind_prs16022017.pdf,closed by ind_prs28022024.pdf
221,Nifty 500,HLEGLAS,2022-03-31,2024-03-28,,press_release,https://niftyindices.com/Press_Release/ind_prs24022022_1.pdf,closed by ind_prs28022024.pdf
221,Nifty 500,INFIBEAM,2021-04-29,2024-03-28,,press_release,https://niftyindices.com/Press_Release/ind_prs22042021.pdf,closed by ind_prs28022024.pdf
221,Nifty 500,INGERRAND,2023-03-31,2024-03-28,,press_release,https://niftyindices.com/Press_Release/ind_prs17022023_1.pdf,closed by ind_prs28022024.pdf
221,Nifty 500,JAMNAAUTO,2019-03-29,2024-03-28,,press_release,https://niftyindices.com/Press_Release/ind_prs25022019.pdf,closed by ind_prs28022024.pdf
221,Nifty 500,LAXMIMACH,2014-01-01,2024-03-28,,snapshot_floor,,closed by ind_prs28022024.pdf
221,Nifty 500,LUXIND,2018-09-28,2024-03-28,,press_release,https://niftyindices.com/Press_Release/ind_prs28082018.pdf,closed by ind_prs28022024.pdf
221,Nifty 500,NAZARA,2021-09-30,2024-03-28,,press_release,https://niftyindices.com/Press_Release/ind_prs15092021.pdf,closed by ind_prs28022024.pdf
221,Nifty 500,ORIENTELEC,2019-03-29,2024-03-28,,press_release,https://niftyindices.com/Press_Release/ind_prs25022019.pdf,closed by ind_prs28022024.pdf
221,Nifty 500,PFIZER,2014-01-01,2024-03-28,,snapshot_floor,,closed by ind_prs28022024.pdf
221,Nifty 500,POLYPLEX,2020-09-25,2024-03-28,,press_release,https://niftyindices.com/Press_Release/ind_prs20082020.pdf,closed by ind_prs28022024.pdf
221,Nifty 500,PGHL,2023-09-29,2024-03-28,,press_release,https://niftyindices.com/Press_Release/ind_prs17082023.pdf,closed by ind_prs28022024.pdf
221,Nifty 500,RAIN,2014-01-01,2024-03-28,,snapshot_floor,,closed by ind_prs28022024.pdf
221,Nifty 500,RALLIS,2014-01-01,2024-03-28,,snapshot_floor,,closed by ind_prs28022024.pdf
221,Nifty 500,RELAXO,2017-11-13,2024-03-28,,press_release,https://niftyindices.com/Press_Release/ind_prs03112017.pdf,closed by ind_prs28022024.pdf
221,Nifty 500,ROSSARI,2021-03-31,2024-03-28,,press_release,https://niftyindices.com/Press_Release/ind_prs23022021.pdf,closed by ind_prs28022024.pdf
221,Nifty 500,SHARDACROP,2022-09-30,2024-03-28,,press_release,https://niftyindices.com/Press_Release/ind_prs01092022.pdf,closed by ind_prs28022024.pdf
221,Nifty 500,SFL,2023-09-29,2024-03-28,,press_release,https://niftyindices.com/Press_Release/ind_prs17082023.pdf,closed by ind_prs28022024.pdf
221,Nifty 500,SHOPERSTOP,2022-09-30,2024-03-28,,press_release,https://niftyindices.com/Press_Release/ind_prs16092022.pdf,closed by ind_prs28022024.pdf
221,Nifty 500,SUPRAJIT,2019-03-29,2024-03-28,,press_release,https://niftyindices.com/Press_Release/ind_prs25022019.pdf,closed by ind_prs28022024.pdf
221,Nifty 500,SYMPHONY,2023-09-29,2024-03-28,,press_release,https://niftyindices.com/Press_Release/ind_prs17082023.pdf,closed by ind_prs28022024.pdf
221,Nifty 500,TEAMLEASE,2018-09-28,2024-03-28,,press_release,https://niftyindices.com/Press_Release/ind_prs28082018.pdf,closed by ind_prs28022024.pdf
221,Nifty 500,TTKPRESTIG,2014-01-01,2024-03-28,,snapshot_floor,,closed by ind_prs28022024.pdf
221,Nifty 500,VINATIORGA,2015-03-27,2024-03-28,,press_release,https://niftyindices.com/Press_Release/ind_prs20022015.pdf,closed by ind_prs28022024.pdf
221,Nifty 500,VMART,2018-09-28,2024-03-28,,press_release,https://niftyindices.com/Press_Release/ind_prs28082018.pdf,closed by ind_prs28022024.pdf
221,Nifty 500,ZYDUSWELL,2018-09-28,2024-03-28,,press_release,https://niftyindices.com/Press_Release/ind_prs28082018.pdf,closed by ind_prs28022024.pdf
221,Nifty 500,AETHER,2022-09-30,2024-09-30,,press_release,https://niftyindices.com/Press_Release/ind_prs01092022.pdf,closed by ind_prs23082024.pdf
221,Nifty 500,ALLCARGO,2023-09-29,2024-09-30,,press_release,https://niftyindices.com/Press_Release/ind_prs17082023.pdf,closed by ind_prs23082024.pdf
221,Nifty 500,ANURAS,2021-09-30,2024-09-30,,press_release,https://niftyindices.com/Press_Release/ind_prs15092021.pdf,closed by ind_prs23082024.pdf
221,Nifty 500,BORORENEW,2022-03-31,2024-09-30,,press_release,https://niftyindices.com/Press_Release/ind_prs24022022_1.pdf,closed by ind_prs23082024.pdf
221,Nifty 500,CSBBANK,2020-06-26,2024-09-30,,press_release,https://niftyindices.com/Press_Release/ind_prs10062020.pdf,closed by ind_prs23082024.pdf
221,Nifty 500,DCMSHRIRAM,2014-01-01,2024-09-30,,snapshot_floor,,closed by ind_prs23082024.pdf
221,Nifty 500,EPL,2019-03-29,2024-09-30,,press_release,https://niftyindices.com/Press_Release/ind_prs25022019.pdf,closed by ind_prs23082024.pdf
221,Nifty 500,FDC,2018-09-28,2024-09-30,,press_release,https://niftyindices.com/Press_Release/ind_prs28082018.pdf,closed by ind_prs23082024.pdf
221,Nifty 500,GLS,2023-09-29,2024-09-30,,press_release,https://niftyindices.com/Press_Release/ind_prs17082023.pdf,closed by ind_prs23082024.pdf
221,Nifty 500,GMMPFAUDLR,2020-06-26,2024-09-30,,press_release,https://niftyindices.com/Press_Release/ind_prs10062020.pdf,closed by ind_prs23082024.pdf
221,Nifty 500,HAPPYFORGE,2024-03-28,2024-09-30,,press_release,https://niftyindices.com/Press_Release/ind_prs28022024.pdf,closed by ind_prs23082024.pdf
221,Nifty 500,INDIGOPNTS,2021-09-30,2024-09-30,,press_release,https://niftyindices.com/Press_Release/ind_prs15092021.pdf,closed by ind_prs23082024.pdf
221,Nifty 500,JAIBALAJI,2024-03-28,2024-09-30,,press_release,https://niftyindices.com/Press_Release/ind_prs28022024.pdf,closed by ind_prs23082024.pdf
221,Nifty 500,JKPAPER,2019-03-29,2024-09-30,,press_release,https://niftyindices.com/Press_Release/ind_prs25022019.pdf,closed by ind_prs23082024.pdf
221,Nifty 500,KRBL,2015-09-28,2024-09-30,,press_release,https://niftyindices.com/Press_Release/ind_prs12082015.pdf,closed by ind_prs23082024.pdf
221,Nifty 500,LXCHEM,2021-09-30,2024-09-30,,press_release,https://niftyindices.com/Press_Release/ind_prs15092021.pdf,closed by ind_prs23082024.pdf
221,Nifty 500,MHRIL,2014-01-01,2024-09-30,,snapshot_floor,,closed by ind_prs23082024.pdf
221,Nifty 500,MEDPLUS,2022-03-31,2024-09-30,,press_release,https://niftyindices.com/Press_Release/ind_prs24022022_1.pdf,closed by ind_prs23082024.pdf
221,Nifty 500,MTARTECH,2022-04-07,2024-09-30,,press_release,https://niftyindices.com/Press_Release/ind_prs06042022.pdf,closed by ind_prs23082024.pdf
221,Nifty 500,PRINCEPIPE,2021-03-31,2024-09-30,,press_release,https://niftyindices.com/Press_Release/ind_prs23022021.pdf,closed by ind_prs23082024.pdf
221,Nifty 500,RBA,2021-04-29,2024-09-30,,press_release,https://niftyindices.com/Press_Release/ind_prs22042021.pdf,closed by ind_prs23082024.pdf
221,Nifty 500,SAFARI,2023-09-29,2024-09-30,,press_release,https://niftyindices.com/Press_Release/ind_prs17082023.pdf,closed by ind_prs23082024.pdf
221,Nifty 500,STLTECH,2014-01-01,2024-09-30,,snapshot_floor,,closed by ind_prs23082024.pdf
221,Nifty 500,SUNTECK,2014-01-01,2024-09-30,,snapshot_floor,,closed by ind_prs23082024.pdf
221,Nifty 500,TMB,2024-03-28,2024-09-30,,press_release,https://niftyindices.com/Press_Release/ind_prs28022024.pdf,closed by ind_prs23082024.pdf
221,Nifty 500,VAIBHAVGBL,2019-09-24,2024-09-30,,press_release,https://niftyindices.com/Press_Release/ind_prs17092019_1.pdf,closed by ind_prs23082024.pdf
221,Nifty 500,IDEA,2014-01-01,2024-09-30,,snapshot_floor,,closed by ind_prs23082024.pdf
221,Nifty 500,IDFC,2014-01-01,2024-10-10,,snapshot_floor,,closed by ind_prs04102024.pdf
221,Nifty 500,TV18BRDCST,2014-01-01,2024-10-16,,snapshot_floor,,closed by ind_prs10102024.pdf
221,Nifty 500,ISEC,2018-09-28,2025-03-21,,press_release,https://niftyindices.com/Press_Release/ind_prs28082018.pdf,closed by ind_prs17032025.pdf
221,Nifty 500,ACI,2023-03-31,2025-03-28,,press_release,https://niftyindices.com/Press_Release/ind_prs17022023_1.pdf,closed by ind_prs21022025.pdf
221,Nifty 500,AVANTIFEED,2014-01-01,2025-03-28,,snapshot_floor,,closed by ind_prs21022025.pdf
221,Nifty 500,BALAMINES,2021-03-31,2025-03-28,,press_release,https://niftyindices.com/Press_Release/ind_prs23022021.pdf,closed by ind_prs21022025.pdf
221,Nifty 500,BIRLACORPN,2014-01-01,2025-03-28,,snapshot_floor,,closed by ind_prs21022025.pdf
221,Nifty 500,CELLO,2024-03-28,2025-03-28,,press_release,https://niftyindices.com/Press_Release/ind_prs28022024.pdf,closed by ind_prs21022025.pdf
221,Nifty 500,CHEMPLASTS,2022-03-31,2025-03-28,,press_release,https://niftyindices.com/Press_Release/ind_prs24022022_1.pdf,closed by ind_prs21022025.pdf
221,Nifty 500,CIEINDIA,2014-01-01,2025-03-28,,snapshot_floor,,closed by ind_prs21022025.pdf
221,Nifty 500,EASEMYTRIP,2022-03-31,2025-03-28,,press_release,https://niftyindices.com/Press_Release/ind_prs24022022_1.pdf,closed by ind_prs21022025.pdf
221,Nifty 500,EQUITASBNK,2021-09-30,2025-03-28,,press_release,https://niftyindices.com/Press_Release/ind_prs15092021.pdf,closed by ind_prs21022025.pdf
221,Nifty 500,FINEORG,2019-03-29,2025-03-28,,press_release,https://niftyindices.com/Press_Release/ind_prs25022019.pdf,closed by ind_prs21022025.pdf
221,Nifty 500,GRINFRA,2024-09-30,2025-03-28,,press_release,https://niftyindices.com/Press_Release/ind_prs23082024.pdf,closed by ind_prs21022025.pdf
221,Nifty 500,GRINDWELL,2018-09-28,2025-03-28,,press_release,https://niftyindices.com/Press_Release/ind_prs28082018.pdf,closed by ind_prs21022025.pdf
221,Nifty 500,GAEL,2020-09-25,2025-03-28,,press_release,https://niftyindices.com/Press_Release/ind_prs20082020.pdf,closed by ind_prs21022025.pdf
221,Nifty 500,GSFC,2014-01-01,2025-03-28,,snapshot_floor,,closed by ind_prs21022025.pdf
221,Nifty 500,JKLAKSHMI,2014-01-01,2025-03-28,,snapshot_floor,,closed by ind_prs21022025.pdf
221,Nifty 500,KSB,2023-03-31,2025-03-28,,press_release,https://niftyindices.com/Press_Release/ind_prs17022023_1.pdf,closed by ind_prs21022025.pdf
221,Nifty 500,MAHLIFE,2022-09-30,2025-03-28,,press_release,https://niftyindices.com/Press_Release/ind_prs01092022.pdf,closed by ind_prs21022025.pdf
221,Nifty 500,METROBRAND,2022-03-31,2025-03-28,,press_release,https://niftyindices.com/Press_Release/ind_prs24022022_1.pdf,closed by ind_prs21022025.pdf
221,Nifty 500,NUVOCO,2022-03-31,2025-03-28,,press_release,https://niftyindices.com/Press_Release/ind_prs24022022_1.pdf,closed by ind_prs21022025.pdf
221,Nifty 500,PGHH,2014-01-01,2025-03-28,,snapshot_floor,,closed by ind_prs21022025.pdf
221,Nifty 500,RAJESHEXPO,2014-01-01,2025-03-28,,snapshot_floor,,closed by ind_prs21022025.pdf
221,Nifty 500,RATNAMANI,2019-09-27,2025-03-28,,press_release,https://niftyindices.com/Press_Release/ind_prs28082019.pdf,closed by ind_prs21022025.pdf
221,Nifty 500,SANOFI,2014-01-01,2025-03-28,,snapshot_floor,,closed by ind_prs21022025.pdf
221,Nifty 500,SPARC,2014-03-28,2025-03-28,,press_release,https://niftyindices.com/Press_Release/ind_prs27022014.pdf,closed by ind_prs21022025.pdf
221,Nifty 500,SUNDRMFAST,2014-01-01,2025-03-28,,snapshot_floor,,closed by ind_prs21022025.pdf
221,Nifty 500,TVSSCS,2024-03-28,2025-03-28,,press_release,https://niftyindices.com/Press_Release/ind_prs28022024.pdf,closed by ind_prs21022025.pdf
221,Nifty 500,UJJIVANSFB,2023-09-29,2025-03-28,,press_release,https://niftyindices.com/Press_Release/ind_prs17082023.pdf,closed by ind_prs21022025.pdf
221,Nifty 500,VIPIND,2014-01-01,2025-03-28,,snapshot_floor,,closed by ind_prs21022025.pdf
221,Nifty 500,VARROC,2018-12-28,2025-03-28,,press_release,https://niftyindices.com/Press_Release/ind_prs14122018.pdf,closed by ind_prs21022025.pdf
221,Nifty 500,VINATIORGA,2024-09-30,2025-03-28,,press_release,https://niftyindices.com/Press_Release/ind_prs23082024.pdf,closed by ind_prs21022025.pdf
221,Nifty 500,QUESS,2017-03-31,2025-04-11,,press_release,https://niftyindices.com/Press_Release/ind_prs16022017.pdf,closed by ind_prs04042025_2.pdf
221,Nifty 500,PEL,2023-03-31,2025-09-23,,press_release,https://niftyindices.com/Press_Release/ind_prs17022023_1.pdf,closed by ind_prs15092025_1.pdf
221,Nifty 500,ALIVUS,2025-03-28,2025-09-30,,press_release,https://niftyindices.com/Press_Release/ind_prs21022025.pdf,closed by ind_prs22082025.pdf
221,Nifty 500,GNFC,2017-03-31,2025-09-30,,press_release,https://niftyindices.com/Press_Release/ind_prs16022017.pdf,closed by ind_prs22082025.pdf
221,Nifty 500,GPPL,2014-01-01,2025-09-30,,snapshot_floor,,closed by ind_prs22082025.pdf
221,Nifty 500,JSWHL,2025-03-28,2025-09-30,,press_release,https://niftyindices.com/Press_Release/ind_prs21022025.pdf,closed by ind_prs22082025.pdf
221,Nifty 500,JUSTDIAL,2014-03-28,2025-09-30,,press_release,https://niftyindices.com/Press_Release/ind_prs27022014.pdf,closed by ind_prs22082025.pdf
221,Nifty 500,KANSAINER,2014-01-01,2025-09-30,,snapshot_floor,,closed by ind_prs22082025.pdf
221,Nifty 500,KNRCON,2018-04-02,2025-09-30,,press_release,https://niftyindices.com/Press_Release/ind_prs21022018.pdf,closed by ind_prs22082025.pdf
221,Nifty 500,MASTEK,2021-09-30,2025-09-30,,press_release,https://niftyindices.com/Press_Release/ind_prs15092021.pdf,closed by ind_prs22082025.pdf
221,Nifty 500,NETWORK18,2020-11-02,2025-09-30,,press_release,https://niftyindices.com/Press_Release/ind_prs26102020.pdf,closed by ind_prs22082025.pdf
221,Nifty 500,PNCINFRA,2015-10-19,2025-09-30,,press_release,https://niftyindices.com/Press_Release/ind_prs18092015.pdf,closed by ind_prs22082025.pdf
221,Nifty 500,RTNINDIA,2022-03-31,2025-09-30,,press_release,https://niftyindices.com/Press_Release/ind_prs24022022_1.pdf,closed by ind_prs22082025.pdf
221,Nifty 500,RAYMONDLSL,2025-03-21,2025-09-30,,press_release,https://niftyindices.com/Press_Release/ind_prs17032025.pdf,closed by ind_prs22082025.pdf
221,Nifty 500,RAYMOND,2022-09-30,2025-09-30,,press_release,https://niftyindices.com/Press_Release/ind_prs01092022.pdf,closed by ind_prs22082025.pdf
221,Nifty 500,ROUTE,2021-03-31,2025-09-30,,press_release,https://niftyindices.com/Press_Release/ind_prs23022021.pdf,closed by ind_prs22082025.pdf
221,Nifty 500,RENUKA,2022-03-31,2025-09-30,,press_release,https://niftyindices.com/Press_Release/ind_prs24022022_1.pdf,closed by ind_prs22082025.pdf
221,Nifty 500,SWSOLAR,2020-03-27,2025-09-30,,press_release,https://niftyindices.com/Press_Release/ind_prs18022020.pdf,closed by ind_prs22082025.pdf
221,Nifty 500,TANLA,2021-03-31,2025-09-30,,press_release,https://niftyindices.com/Press_Release/ind_prs23022021.pdf,closed by ind_prs22082025.pdf
221,Nifty 500,WESTLIFE,2019-12-27,2025-09-30,,press_release,https://niftyindices.com/Press_Release/ind_prs16122019.pdf,closed by ind_prs22082025.pdf
221,Nifty 500,SKFINDIA,2014-01-01,2025-12-31,,snapshot_floor,,closed by ind_prs11122025.pdf
221,Nifty 500,AKUMS,2024-10-16,2026-03-30,,press_release,https://niftyindices.com/Press_Release/ind_prs10102024.pdf,closed by ind_prs23022026.pdf
221,Nifty 500,APLLTD,2014-09-19,2026-03-30,,press_release,https://niftyindices.com/Press_Release/ind_prs20082014.pdf,closed by ind_prs23022026.pdf
221,Nifty 500,ALKYLAMINE,2020-06-26,2026-03-30,,press_release,https://niftyindices.com/Press_Release/ind_prs10062020.pdf,closed by ind_prs23022026.pdf
221,Nifty 500,ALOKINDS,2023-09-29,2026-03-30,,press_release,https://niftyindices.com/Press_Release/ind_prs17082023.pdf,closed by ind_prs23022026.pdf
221,Nifty 500,ASTRAZEN,2024-03-28,2026-03-30,,press_release,https://niftyindices.com/Press_Release/ind_prs28022024.pdf,closed by ind_prs23022026.pdf
221,Nifty 500,BASF,2024-09-30,2026-03-30,,press_release,https://niftyindices.com/Press_Release/ind_prs23082024.pdf,closed by ind_prs23022026.pdf
221,Nifty 500,CAMPUS,2022-08-08,2026-03-30,,press_release,https://niftyindices.com/Press_Release/ind_prs11072022.pdf,closed by ind_prs23022026.pdf
221,Nifty 500,CENTURYPLY,2014-09-19,2026-03-30,,press_release,https://niftyindices.com/Press_Release/ind_prs20082014.pdf,closed by ind_prs23022026.pdf
221,Nifty 500,CERA,2014-01-01,2026-03-30,,snapshot_floor,,closed by ind_prs23022026.pdf
221,Nifty 500,AGARWALEYE,2025-09-30,2026-03-30,,press_release,https://niftyindices.com/Press_Release/ind_prs22082025.pdf,closed by ind_prs23022026.pdf
221,Nifty 500,FINPIPE,2014-01-01,2026-03-30,,snapshot_floor,,closed by ind_prs23022026.pdf
221,Nifty 500,GODREJAGRO,2024-09-30,2026-03-30,,press_release,https://niftyindices.com/Press_Release/ind_prs23082024.pdf,closed by ind_prs23022026.pdf
221,Nifty 500,GUJGASLTD,2014-01-01,2026-03-30,,snapshot_floor,,closed by ind_prs23022026.pdf
221,Nifty 500,HAPPSTMNDS,2021-03-31,2026-03-30,,press_release,https://niftyindices.com/Press_Release/ind_prs23022021.pdf,closed by ind_prs23022026.pdf
221,Nifty 500,INOXINDIA,2024-09-30,2026-03-30,,press_release,https://niftyindices.com/Press_Release/ind_prs23082024.pdf,closed by ind_prs23022026.pdf
221,Nifty 500,JYOTHYLAB,2014-02-28,2026-03-30,,press_release,https://niftyindices.com/Press_Release/ind_prs21022014.pdf,closed by ind_prs23022026.pdf
221,Nifty 500,KIRLOSBROS,2024-09-30,2026-03-30,,press_release,https://niftyindices.com/Press_Release/ind_prs23082024.pdf,closed by ind_prs23022026.pdf
221,Nifty 500,KSB,2025-09-30,2026-03-30,,press_release,https://niftyindices.com/Press_Release/ind_prs22082025.pdf,closed by ind_prs23022026.pdf
221,Nifty 500,MAHSCOOTER,2025-09-30,2026-03-30,,press_release,https://niftyindices.com/Press_Release/ind_prs22082025.pdf,closed by ind_prs23022026.pdf
221,Nifty 500,MAHSEAMLES,2024-03-28,2026-03-30,,press_release,https://niftyindices.com/Press_Release/ind_prs28022024.pdf,closed by ind_prs23022026.pdf
221,Nifty 500,METROPOLIS,2019-09-27,2026-03-30,,press_release,https://niftyindices.com/Press_Release/ind_prs28082019.pdf,closed by ind_prs23022026.pdf
221,Nifty 500,PRAJIND,2021-09-30,2026-03-30,,press_release,https://niftyindices.com/Press_Release/ind_prs15092021.pdf,closed by ind_prs23022026.pdf
221,Nifty 500,PGHH,2025-09-30,2026-03-30,,press_release,https://niftyindices.com/Press_Release/ind_prs22082025.pdf,closed by ind_prs23022026.pdf
221,Nifty 500,RCF,2014-01-01,2026-03-30,,snapshot_floor,,closed by ind_prs23022026.pdf
221,Nifty 500,RELINFRA,2025-09-23,2026-03-30,,press_release,https://niftyindices.com/Press_Release/ind_prs15092025_1.pdf,closed by ind_prs23022026.pdf
221,Nifty 500,SUNDRMFAST,2025-04-11,2026-03-30,,press_release,https://niftyindices.com/Press_Release/ind_prs04042025_2.pdf,closed by ind_prs23022026.pdf
221,Nifty 500,TRIVENI,2022-05-31,2026-03-30,,press_release,https://niftyindices.com/Press_Release/ind_prs24052022.pdf,closed by ind_prs23022026.pdf
221,Nifty 500,DBREALTY,2024-09-30,2026-03-30,,press_release,https://niftyindices.com/Press_Release/ind_prs23082024.pdf,closed by ind_prs23022026.pdf
221,Nifty 500,MANYAVAR,2022-09-30,2026-03-30,,press_release,https://niftyindices.com/Press_Release/ind_prs01092022.pdf,closed by ind_prs23022026.pdf
221,Nifty 500,VENTIVE,2025-09-30,2026-03-30,,press_release,https://niftyindices.com/Press_Release/ind_prs22082025.pdf,closed by ind_prs23022026.pdf
221,Nifty 500,VGUARD,2014-01-01,2026-03-30,,snapshot_floor,,closed by ind_prs23022026.pdf
221,Nifty 500,GSPL,2014-01-01,2026-05-12,,snapshot_floor,,closed by ind_prs04052026.pdf
221,Nifty 500,ATUL,2014-01-01,,,snapshot_floor,,
221,Nifty 500,ECLERX,2014-01-01,,,snapshot_floor,,
221,Nifty 500,AMBUJACEM,2014-01-01,,,snapshot_floor,,
221,Nifty 500,ZFCVINDIA,2014-01-01,,,snapshot_floor,,
221,Nifty 500,INFY,2014-01-01,,,snapshot_floor,,
221,Nifty 500,M&MFIN,2014-01-01,,,snapshot_floor,,
221,Nifty 500,SOLARINDS,2014-01-01,,,snapshot_floor,,
221,Nifty 500,TECHM,2014-01-01,,,snapshot_floor,,
221,Nifty 500,INDIGO,2014-01-01,,,snapshot_floor,,
221,Nifty 500,BLUEDART,2014-01-01,,,snapshot_floor,,
221,Nifty 500,BHARATFORG,2014-01-01,,,snapshot_floor,,
221,Nifty 500,ULTRACEMCO,2014-01-01,,,snapshot_floor,,
221,Nifty 500,COALINDIA,2014-01-01,,,snapshot_floor,,
221,Nifty 500,MARICO,2014-01-01,,,snapshot_floor,,
221,Nifty 500,CHAMBLFERT,2014-01-01,,,snapshot_floor,,
221,Nifty 500,LTF,2014-01-01,,,snapshot_floor,,
221,Nifty 500,ANGELONE,2014-01-01,,,snapshot_floor,,
221,Nifty 500,CYIENT,2014-01-01,,,snapshot_floor,,
221,Nifty 500,TORNTPHARM,2014-01-01,,,snapshot_floor,,
221,Nifty 500,BRITANNIA,2014-01-01,,,snapshot_floor,,
221,Nifty 500,CANBK,2014-01-01,,,snapshot_floor,,
221,Nifty 500,EMAMILTD,2014-01-01,,,snapshot_floor,,
221,Nifty 500,TCS,2014-01-01,,,snapshot_floor,,
221,Nifty 500,GESHIP,2014-01-01,,,snapshot_floor,,
221,Nifty 500,HINDPETRO,2014-01-01,,,snapshot_floor,,
221,Nifty 500,BAJAJFINSV,2014-01-01,,,snapshot_floor,,
221,Nifty 500,SHREECEM,2014-01-01,,,snapshot_floor,,
221,Nifty 500,SONATSOFTW,2014-01-01,,,snapshot_floor,,
221,Nifty 500,TMPV,2014-01-01,,,snapshot_floor,,
221,Nifty 500,CROMPTON,2014-01-01,,,snapshot_floor,,
221,Nifty 500,ENGINERSIN,2014-01-01,,,snapshot_floor,,
221,Nifty 500,HINDALCO,2014-01-01,,,snapshot_floor,,
221,Nifty 500,MOTILALOFS,2014-01-01,,,snapshot_floor,,
221,Nifty 500,BAJAJHLDNG,2014-01-01,,,snapshot_floor,,
221,Nifty 500,ADANIPORTS,2014-01-01,,,snapshot_floor,,
221,Nifty 500,MRPL,2014-01-01,,,snapshot_floor,,
221,Nifty 500,DABUR,2014-01-01,,,snapshot_floor,,
221,Nifty 500,JSWDULUX,2014-01-01,,,snapshot_floor,,
221,Nifty 500,KARURVYSYA,2014-01-01,,,snapshot_floor,,
221,Nifty 500,CANFINHOME,2014-01-01,,,snapshot_floor,,
221,Nifty 500,IDBI,2014-01-01,,,snapshot_floor,,
221,Nifty 500,BOSCHLTD,2014-01-01,,,snapshot_floor,,
221,Nifty 500,IRB,2014-01-01,,,snapshot_floor,,
221,Nifty 500,CHOLAFIN,2014-01-01,,,snapshot_floor,,
221,Nifty 500,BANKBARODA,2014-01-01,,,snapshot_floor,,
221,Nifty 500,RAMCOCEM,2014-01-01,,,snapshot_floor,,
221,Nifty 500,ZEEL,2014-01-01,,,snapshot_floor,,
221,Nifty 500,BLUESTARCO,2014-01-01,,,snapshot_floor,,
221,Nifty 500,TRENT,2014-01-01,,,snapshot_floor,,
221,Nifty 500,OBEROIRLTY,2014-01-01,,,snapshot_floor,,
221,Nifty 500,VTL,2014-01-01,,,snapshot_floor,,
221,Nifty 500,TORNTPOWER,2014-01-01,,,snapshot_floor,,
221,Nifty 500,GRANULES,2014-01-01,,,snapshot_floor,,
221,Nifty 500,TATASTEEL,2014-01-01,,,snapshot_floor,,
221,Nifty 500,PERSISTENT,2014-01-01,,,snapshot_floor,,
221,Nifty 500,RADICO,2014-01-01,,,snapshot_floor,,
221,Nifty 500,SRF,2014-01-01,,,snapshot_floor,,
221,Nifty 500,INDIANB,2014-01-01,,,snapshot_floor,,
221,Nifty 500,TVSMOTOR,2014-01-01,,,snapshot_floor,,
221,Nifty 500,CASTROLIND,2014-01-01,,,snapshot_floor,,
221,Nifty 500,EIDPARRY,2014-01-01,,,snapshot_floor,,
221,Nifty 500,UNITDSPR,2014-01-01,,,snapshot_floor,,
221,Nifty 500,ABFRL,2014-01-01,,,snapshot_floor,,
221,Nifty 500,ABREL,2014-01-01,,,snapshot_floor,,
221,Nifty 500,HINDZINC,2014-01-01,,,snapshot_floor,,
221,Nifty 500,AXISBANK,2014-01-01,,,snapshot_floor,,
221,Nifty 500,IOB,2014-01-01,,,snapshot_floor,,
221,Nifty 500,SWANCORP,2014-01-01,,,snapshot_floor,,
221,Nifty 500,360ONE,2014-01-01,,,snapshot_floor,,
221,Nifty 500,THERMAX,2014-01-01,,,snapshot_floor,,
221,Nifty 500,FSL,2014-01-01,,,snapshot_floor,,
221,Nifty 500,CUB,2014-01-01,,,snapshot_floor,,
221,Nifty 500,COROMANDEL,2014-01-01,,,snapshot_floor,,
221,Nifty 500,UBL,2014-01-01,,,snapshot_floor,,
221,Nifty 500,WELSPUNLIV,2014-01-01,,,snapshot_floor,,
221,Nifty 500,MARUTI,2014-01-01,,,snapshot_floor,,
221,Nifty 500,EIHOTEL,2014-01-01,,,snapshot_floor,,
221,Nifty 500,DIVISLAB,2014-01-01,,,snapshot_floor,,
221,Nifty 500,UNIONBANK,2014-01-01,,,snapshot_floor,,
221,Nifty 500,APOLLOTYRE,2014-01-01,,,snapshot_floor,,
221,Nifty 500,CHOLAHLDNG,2014-01-01,,,snapshot_floor,,
221,Nifty 500,ZYDUSLIFE,2014-01-01,,,snapshot_floor,,
221,Nifty 500,ADANIENSOL,2014-01-01,,,snapshot_floor,,
221,Nifty 500,CRISIL,2014-01-01,,,snapshot_floor,,
221,Nifty 500,WHIRLPOOL,2014-01-01,,,snapshot_floor,,
221,Nifty 500,HINDCOPPER,2014-01-01,,,snapshot_floor,,
221,Nifty 500,APLAPOLLO,2014-01-01,,,snapshot_floor,,
221,Nifty 500,RECLTD,2014-01-01,,,snapshot_floor,,
221,Nifty 500,SUNPHARMA,2014-01-01,,,snapshot_floor,,
221,Nifty 500,BALRAMCHIN,2014-01-01,,,snapshot_floor,,
221,Nifty 500,CARBORUNIV,2014-01-01,,,snapshot_floor,,
221,Nifty 500,BIOCON,2014-01-01,,,snapshot_floor,,
221,Nifty 500,MUTHOOTFIN,2014-01-01,,,snapshot_floor,,
221,Nifty 500,APOLLOHOSP,2014-01-01,,,snapshot_floor,,
221,Nifty 500,TATAELXSI,2014-01-01,,,snapshot_floor,,
221,Nifty 500,MRF,2014-01-01,,,snapshot_floor,,
221,Nifty 500,TATAPOWER,2014-01-01,,,snapshot_floor,,
221,Nifty 500,NHPC,2014-01-01,,,snapshot_floor,,
221,Nifty 500,ITC,2014-01-01,,,snapshot_floor,,
221,Nifty 500,GODFRYPHLP,2014-01-01,,,snapshot_floor,,
221,Nifty 500,LUPIN,2014-01-01,,,snapshot_floor,,
221,Nifty 500,INDUSTOWER,2014-01-01,,,snapshot_floor,,
221,Nifty 500,CEATLTD,2014-01-01,,,snapshot_floor,,
221,Nifty 500,IDFCFIRSTB,2014-01-01,,,snapshot_floor,,
221,Nifty 500,ARE&M,2014-01-01,,,snapshot_floor,,
221,Nifty 500,CUMMINSIND,2014-01-01,,,snapshot_floor,,
221,Nifty 500,ICICIBANK,2014-01-01,,,snapshot_floor,,
221,Nifty 500,SAIL,2014-01-01,,,snapshot_floor,,
221,Nifty 500,PRESTIGE,2014-01-01,,,snapshot_floor,,
221,Nifty 500,ASHOKLEY,2014-01-01,,,snapshot_floor,,
221,Nifty 500,LT,2014-01-01,,,snapshot_floor,,
221,Nifty 500,COFORGE,2014-01-01,,,snapshot_floor,,
221,Nifty 500,NATCOPHARM,2014-01-01,,,snapshot_floor,,
221,Nifty 500,TITAN,2014-01-01,,,snapshot_floor,,
221,Nifty 500,JMFINANCIL,2014-01-01,,,snapshot_floor,,
221,Nifty 500,LALPATHLAB,2014-01-01,,,snapshot_floor,,
221,Nifty 500,JSWSTEEL,2014-01-01,,,snapshot_floor,,
221,Nifty 500,SUPREMEIND,2014-01-01,,,snapshot_floor,,
221,Nifty 500,HDFCBANK,2014-01-01,,,snapshot_floor,,
221,Nifty 500,GODREJCP,2014-01-01,,,snapshot_floor,,
221,Nifty 500,AUROPHARMA,2014-01-01,,,snapshot_floor,,
221,Nifty 500,KAJARIACER,2014-01-01,,,snapshot_floor,,
221,Nifty 500,BEL,2014-01-01,,,snapshot_floor,,
221,Nifty 500,IPCALAB,2014-01-01,,,snapshot_floor,,
221,Nifty 500,SCHAEFFLER,2014-01-01,,,snapshot_floor,,
221,Nifty 500,GAIL,2014-01-01,,,snapshot_floor,,
221,Nifty 500,IGL,2014-01-01,,,snapshot_floor,,
221,Nifty 500,CENTRALBK,2014-01-01,,,snapshot_floor,,
221,Nifty 500,GODREJIND,2014-01-01,,,snapshot_floor,,
221,Nifty 500,ONGC,2014-01-01,,,snapshot_floor,,
221,Nifty 500,UPL,2014-01-01,,,snapshot_floor,,
221,Nifty 500,HEROMOTOCO,2014-01-01,,,snapshot_floor,,
221,Nifty 500,HFCL,2014-01-01,,,snapshot_floor,,
221,Nifty 500,AEGISLOG,2014-01-01,,,snapshot_floor,,
221,Nifty 500,PNB,2014-01-01,,,snapshot_floor,,
221,Nifty 500,SUZLON,2014-01-01,,,snapshot_floor,,
221,Nifty 500,GLAXO,2014-01-01,,,snapshot_floor,,
221,Nifty 500,MPHASIS,2014-01-01,,,snapshot_floor,,
221,Nifty 500,FEDERALBNK,2014-01-01,,,snapshot_floor,,
221,Nifty 500,BPCL,2014-01-01,,,snapshot_floor,,
221,Nifty 500,FINCABLES,2014-01-01,,,snapshot_floor,,
221,Nifty 500,HAVELLS,2014-01-01,,,snapshot_floor,,
221,Nifty 500,ESCORTS,2014-01-01,,,snapshot_floor,,
221,Nifty 500,JINDALSTEL,2014-01-01,,,snapshot_floor,,
221,Nifty 500,SIEMENS,2014-01-01,,,snapshot_floor,,
221,Nifty 500,VOLTAS,2014-01-01,,,snapshot_floor,,
221,Nifty 500,INDUSINDBK,2014-01-01,,,snapshot_floor,,
221,Nifty 500,KPIL,2014-01-01,,,snapshot_floor,,
221,Nifty 500,SHRIRAMFIN,2014-01-01,,,snapshot_floor,,
221,Nifty 500,AIAENG,2014-01-01,,,snapshot_floor,,
221,Nifty 500,RELIANCE,2014-01-01,,,snapshot_floor,,
221,Nifty 500,IOC,2014-01-01,,,snapshot_floor,,
221,Nifty 500,CONCOR,2014-01-01,,,snapshot_floor,,
221,Nifty 500,SUNTV,2014-01-01,,,snapshot_floor,,
221,Nifty 500,DRREDDY,2014-01-01,,,snapshot_floor,,
221,Nifty 500,MMTC,2014-01-01,,,snapshot_floor,,
221,Nifty 500,EXIDEIND,2014-01-01,,,snapshot_floor,,
221,Nifty 500,NTPC,2014-01-01,,,snapshot_floor,,
221,Nifty 500,DLF,2014-01-01,,,snapshot_floor,,
221,Nifty 500,PFC,2014-01-01,,,snapshot_floor,,
221,Nifty 500,ACC,2014-01-01,,,snapshot_floor,,
221,Nifty 500,PCBL,2014-01-01,,,snapshot_floor,,
221,Nifty 500,COLPAL,2014-01-01,,,snapshot_floor,,
221,Nifty 500,REDINGTON,2014-01-01,,,snapshot_floor,,
221,Nifty 500,NCC,2014-01-01,,,snapshot_floor,,
221,Nifty 500,SBIN,2014-01-01,,,snapshot_floor,,
221,Nifty 500,BHARTIARTL,2014-01-01,,,snapshot_floor,,
221,Nifty 500,JBCHEPHARM,2014-01-01,,,snapshot_floor,,
221,Nifty 500,KOTAKBANK,2014-01-01,,,snapshot_floor,,
221,Nifty 500,GVT&D,2014-01-01,,,snapshot_floor,,
221,Nifty 500,GODREJPROP,2014-01-01,,,snapshot_floor,,
221,Nifty 500,BHEL,2014-01-01,,,snapshot_floor,,
221,Nifty 500,COHANCE,2014-01-01,,,snapshot_floor,,
221,Nifty 500,RHIM,2014-01-01,,,snapshot_floor,,
221,Nifty 500,HBLENGINE,2014-01-01,,,snapshot_floor,,
221,Nifty 500,LICHSGFIN,2014-01-01,,,snapshot_floor,,
221,Nifty 500,PHOENIXLTD,2014-01-01,,,snapshot_floor,,
221,Nifty 500,SJVN,2014-01-01,,,snapshot_floor,,
221,Nifty 500,INDIACEM,2014-01-01,,,snapshot_floor,,
221,Nifty 500,ALKEM,2014-01-01,,,snapshot_floor,,
221,Nifty 500,PAGEIND,2014-01-01,,,snapshot_floor,,
221,Nifty 500,GLENMARK,2014-01-01,,,snapshot_floor,,
221,Nifty 500,ASIANPAINT,2014-01-01,,,snapshot_floor,,
221,Nifty 500,NH,2014-01-01,,,snapshot_floor,,
221,Nifty 500,OIL,2014-01-01,,,snapshot_floor,,
221,Nifty 500,BBTC,2014-01-01,,,snapshot_floor,,
221,Nifty 500,WIPRO,2014-01-01,,,snapshot_floor,,
221,Nifty 500,POWERGRID,2014-01-01,,,snapshot_floor,,
221,Nifty 500,SYNGENE,2014-01-01,,,snapshot_floor,,
221,Nifty 500,CCL,2014-01-01,,,snapshot_floor,,
221,Nifty 500,HINDUNILVR,2014-01-01,,,snapshot_floor,,
221,Nifty 500,NAVINFLUOR,2014-01-01,,,snapshot_floor,,
221,Nifty 500,BANKINDIA,2014-01-01,,,snapshot_floor,,
221,Nifty 500,CIPLA,2014-01-01,,,snapshot_floor,,
221,Nifty 500,SOBHA,2014-01-01,,,snapshot_floor,,
221,Nifty 500,MANAPPURAM,2014-01-01,,,snapshot_floor,,
221,Nifty 500,NATIONALUM,2014-01-01,,,snapshot_floor,,
221,Nifty 500,EICHERMOT,2014-01-01,,,snapshot_floor,,
221,Nifty 500,NAUKRI,2014-01-01,,,snapshot_floor,,
221,Nifty 500,TATACONSUM,2014-01-01,,,snapshot_floor,,
221,Nifty 500,TIMKEN,2014-01-01,,,snapshot_floor,,
221,Nifty 500,3MINDIA,2014-01-01,,,snapshot_floor,,
221,Nifty 500,BERGEPAINT,2014-01-01,,,snapshot_floor,,
221,Nifty 500,KEC,2014-01-01,,,snapshot_floor,,
221,Nifty 500,NLCINDIA,2014-01-01,,,snapshot_floor,,
221,Nifty 500,PIDILITIND,2014-01-01,,,snapshot_floor,,
221,Nifty 500,M&M,2014-01-01,,,snapshot_floor,,
221,Nifty 500,OFSS,2014-01-01,,,snapshot_floor,,
221,Nifty 500,JSWENERGY,2014-01-01,,,snapshot_floor,,
221,Nifty 500,BAJFINANCE,2014-01-01,,,snapshot_floor,,
221,Nifty 500,INDHOTEL,2014-01-01,,,snapshot_floor,,
221,Nifty 500,PETRONET,2014-01-01,,,snapshot_floor,,
221,Nifty 500,BAJAJ-AUTO,2014-01-01,,,snapshot_floor,,
221,Nifty 500,JUBLFOOD,2014-01-01,,,snapshot_floor,,
221,Nifty 500,BATAINDIA,2014-01-01,,,snapshot_floor,,
221,Nifty 500,HCLTECH,2014-01-01,,,snapshot_floor,,
221,Nifty 500,SAMMAANCAP,2014-03-28,,,press_release,https://niftyindices.com/Press_Release/ind_prs27022014.pdf,
221,Nifty 500,MAHINDUGIN,2014-03-28,2014-03-31,,press_release,https://niftyindices.com/Press_Release/ind_prs27022014.pdf,"inferred-exclude: not in NSE current snapshot, no PR found (closed at next semi-annual review)"
221,Nifty 500,NBCC,2014-03-28,,,press_release,https://niftyindices.com/Press_Release/ind_prs27022014.pdf,
221,Nifty 500,PIIND,2014-03-28,,,press_release,https://niftyindices.com/Press_Release/ind_prs27022014.pdf,
221,Nifty 500,SONASTEER,2014-03-28,2014-03-31,,press_release,https://niftyindices.com/Press_Release/ind_prs27022014.pdf,"inferred-exclude: not in NSE current snapshot, no PR found (closed at next semi-annual review)"
221,Nifty 500,TRIDENT,2014-03-28,,,press_release,https://niftyindices.com/Press_Release/ind_prs27022014.pdf,
221,Nifty 500,AJANTPHARM,2014-09-19,,,press_release,https://niftyindices.com/Press_Release/ind_prs20082014.pdf,
221,Nifty 500,ASTRAL,2014-09-19,,,press_release,https://niftyindices.com/Press_Release/ind_prs20082014.pdf,
221,Nifty 500,WELCORP,2014-09-19,,,press_release,https://niftyindices.com/Press_Release/ind_prs20082014.pdf,
221,Nifty 500,WHEELS,2014-09-19,2014-09-30,,press_release,https://niftyindices.com/Press_Release/ind_prs20082014.pdf,"inferred-exclude: not in NSE current snapshot, no PR found (closed at next semi-annual review)"
221,Nifty 500,MUNJALSHOW,2015-03-24,2015-03-31,,press_release,https://niftyindices.com/Press_Release/ind_prs18032015_2.pdf,"inferred-exclude: not in NSE current snapshot, no PR found (closed at next semi-annual review)"
221,Nifty 500,FCEL,2015-03-27,2015-03-31,,press_release,https://niftyindices.com/Press_Release/ind_prs20022015.pdf,"inferred-exclude: not in NSE current snapshot, no PR found (closed at next semi-annual review)"
221,Nifty 500,JKCEMENT,2015-03-27,,,press_release,https://niftyindices.com/Press_Release/ind_prs20022015.pdf,
221,Nifty 500,LGBBROSLTD,2015-03-27,2015-03-31,,press_release,https://niftyindices.com/Press_Release/ind_prs20022015.pdf,"inferred-exclude: not in NSE current snapshot, no PR found (closed at next semi-annual review)"
221,Nifty 500,NDTV,2015-03-27,2015-03-31,,press_release,https://niftyindices.com/Press_Release/ind_prs20022015.pdf,"inferred-exclude: not in NSE current snapshot, no PR found (closed at next semi-annual review)"
221,Nifty 500,PENIND,2015-03-27,2015-03-31,,press_release,https://niftyindices.com/Press_Release/ind_prs20022015.pdf,"inferred-exclude: not in NSE current snapshot, no PR found (closed at next semi-annual review)"
221,Nifty 500,MCDOWELL-N,2015-03-27,2015-03-31,,press_release,https://niftyindices.com/Press_Release/ind_prs20022015.pdf,"inferred-exclude: not in NSE current snapshot, no PR found (closed at next semi-annual review)"
221,Nifty 500,ADANIPOWER,2023-03-31,,,press_release,https://niftyindices.com/Press_Release/ind_prs17022023_1.pdf,
221,Nifty 500,BALKRISIND,2015-09-28,,,press_release,https://niftyindices.com/Press_Release/ind_prs12082015.pdf,
221,Nifty 500,CAMLINFINE,2015-09-28,2015-09-30,,press_release,https://niftyindices.com/Press_Release/ind_prs12082015.pdf,"inferred-exclude: not in NSE current snapshot, no PR found (closed at next semi-annual review)"
221,Nifty 500,IL&FSENGG,2015-09-28,2015-09-30,,press_release,https://niftyindices.com/Press_Release/ind_prs12082015.pdf,"inferred-exclude: not in NSE current snapshot, no PR found (closed at next semi-annual review)"
221,Nifty 500,METALFORGE,2015-09-28,2015-09-30,,press_release,https://niftyindices.com/Press_Release/ind_prs12082015.pdf,"inferred-exclude: not in NSE current snapshot, no PR found (closed at next semi-annual review)"
221,Nifty 500,RICOAUTO,2015-09-28,2015-09-30,,press_release,https://niftyindices.com/Press_Release/ind_prs12082015.pdf,"inferred-exclude: not in NSE current snapshot, no PR found (closed at next semi-annual review)"
221,Nifty 500,SITICABLE,2015-09-28,2015-09-30,,press_release,https://niftyindices.com/Press_Release/ind_prs12082015.pdf,"inferred-exclude: not in NSE current snapshot, no PR found (closed at next semi-annual review)"
221,Nifty 500,SRIPIPES,2015-09-28,2015-09-30,,press_release,https://niftyindices.com/Press_Release/ind_prs12082015.pdf,"inferred-exclude: not in NSE current snapshot, no PR found (closed at next semi-annual review)"
221,Nifty 500,ADLABS,2015-09-28,2015-09-30,,press_release,https://niftyindices.com/Press_Release/ind_prs24082015.pdf,"inferred-exclude: not in NSE current snapshot, no PR found (closed at next semi-annual review)"
221,Nifty 500,RBLBANK,2017-01-23,,,press_release,https://niftyindices.com/Press_Release/ind_prs16012017.pdf,
221,Nifty 500,MGL,2017-03-31,,,press_release,https://niftyindices.com/Press_Release/ind_prs16022017.pdf,
221,Nifty 500,ENDURANCE,2017-03-31,,,press_release,https://niftyindices.com/Press_Release/ind_prs16022017.pdf,
221,Nifty 500,ICICIPRULI,2017-03-31,,,press_release,https://niftyindices.com/Press_Release/ind_prs16022017.pdf,
221,Nifty 500,LTM,2022-11-14,,,merger,https://www.nseindia.com/companies-listing/corporate-filings-actions,
221,Nifty 500,LTTS,2017-03-31,,,press_release,https://niftyindices.com/Press_Release/ind_prs16022017.pdf,
221,Nifty 500,UNOMINDA,2017-03-31,,,press_release,https://niftyindices.com/Press_Release/ind_prs16022017.pdf,
221,Nifty 500,STRTECH,2017-03-31,2017-09-30,,press_release,https://niftyindices.com/Press_Release/ind_prs16022017.pdf,"inferred-exclude: not in NSE current snapshot, no PR found (closed at next semi-annual review)"
221,Nifty 500,LAURUSLABS,2017-05-26,,,press_release,https://niftyindices.com/Press_Release/ind_prs27042017.pdf,
221,Nifty 500,PNBHOUSING,2017-05-26,,,press_release,https://niftyindices.com/Press_Release/ind_prs27042017.pdf,
221,Nifty 500,VBL,2017-05-26,,,press_release,https://niftyindices.com/Press_Release/ind_prs27042017.pdf,
221,Nifty 500,DMART,2017-09-29,,,press_release,https://niftyindices.com/Press_Release/ind_prs28082017.pdf,
221,Nifty 500,BRIGADE,2017-09-29,,,press_release,https://niftyindices.com/Press_Release/ind_prs28082017.pdf,
221,Nifty 500,BSE,2017-09-29,,,press_release,https://niftyindices.com/Press_Release/ind_prs28082017.pdf,
221,Nifty 500,ITI,2017-09-29,,,press_release,https://niftyindices.com/Press_Release/ind_prs28082017.pdf,
221,Nifty 500,JSL,2017-09-29,,,press_release,https://niftyindices.com/Press_Release/ind_prs28082017.pdf,
221,Nifty 500,MFSL,2017-09-29,,,press_release,https://niftyindices.com/Press_Release/ind_prs29082017.pdf,
221,Nifty 500,HUDCO,2017-10-30,,,press_release,https://niftyindices.com/Press_Release/ind_prs16102017.pdf,
221,Nifty 500,AUBANK,2017-11-13,,,press_release,https://niftyindices.com/Press_Release/ind_prs03112017.pdf,
221,Nifty 500,COCHINSHIP,2018-02-05,,,press_release,https://niftyindices.com/Press_Release/ind_prs08012018.pdf,
221,Nifty 500,TIFIN,2018-02-05,2018-03-31,,press_release,https://niftyindices.com/Press_Release/ind_prs08012018.pdf,"inferred-exclude: not in NSE current snapshot, no PR found (closed at next semi-annual review)"
221,Nifty 500,ABCAPITAL,2018-04-02,,,press_release,https://niftyindices.com/Press_Release/ind_prs21022018.pdf,
221,Nifty 500,CDSL,2018-04-02,,,press_release,https://niftyindices.com/Press_Release/ind_prs21022018.pdf,
221,Nifty 500,DIXON,2018-04-02,,,press_release,https://niftyindices.com/Press_Release/ind_prs21022018.pdf,
221,Nifty 500,GICRE,2018-04-02,,,press_release,https://niftyindices.com/Press_Release/ind_prs21022018.pdf,
221,Nifty 500,GRAPHITE,2018-04-02,,,press_release,https://niftyindices.com/Press_Release/ind_prs21022018.pdf,
221,Nifty 500,GRASIM,2018-04-02,,,press_release,https://niftyindices.com/Press_Release/ind_prs21022018.pdf,
221,Nifty 500,HEG,2018-04-02,,,press_release,https://niftyindices.com/Press_Release/ind_prs21022018.pdf,
221,Nifty 500,HONAUT,2018-04-02,,,press_release,https://niftyindices.com/Press_Release/ind_prs21022018.pdf,
221,Nifty 500,ICICIGI,2018-04-02,,,press_release,https://niftyindices.com/Press_Release/ind_prs21022018.pdf,
221,Nifty 500,IEX,2018-04-02,,,press_release,https://niftyindices.com/Press_Release/ind_prs21022018.pdf,
221,Nifty 500,SBILIFE,2018-04-02,,,press_release,https://niftyindices.com/Press_Release/ind_prs21022018.pdf,
221,Nifty 500,ASTERDM,2018-06-29,,,press_release,https://niftyindices.com/Press_Release/ind_prs20062018.pdf,
221,Nifty 500,TIINDIA,2018-06-29,,,press_release,https://niftyindices.com/Press_Release/ind_prs24052018.pdf,
221,Nifty 500,BDL,2018-08-08,,,press_release,https://niftyindices.com/Press_Release/ind_prs01082018.pdf,
221,Nifty 500,BANDHANBNK,2018-09-28,,,press_release,https://niftyindices.com/Press_Release/ind_prs28082018.pdf,
221,Nifty 500,ELGIEQUIP,2018-09-28,,,press_release,https://niftyindices.com/Press_Release/ind_prs28082018.pdf,
221,Nifty 500,HDFCLIFE,2018-09-28,,,press_release,https://niftyindices.com/Press_Release/ind_prs28082018.pdf,
221,Nifty 500,HAL,2018-09-28,,,press_release,https://niftyindices.com/Press_Release/ind_prs28082018.pdf,
221,Nifty 500,LINDEINDIA,2018-09-28,,,press_release,https://niftyindices.com/Press_Release/ind_prs28082018.pdf,
221,Nifty 500,PHILIPCARB,2018-09-28,2018-09-30,,press_release,https://niftyindices.com/Press_Release/ind_prs28082018.pdf,"inferred-exclude: not in NSE current snapshot, no PR found (closed at next semi-annual review)"
221,Nifty 500,NAM-INDIA,2018-09-28,,,press_release,https://niftyindices.com/Press_Release/ind_prs28082018.pdf,
221,Nifty 500,SUNDARMFIN,2018-09-28,,,press_release,https://niftyindices.com/Press_Release/ind_prs28082018.pdf,
221,Nifty 500,NIACL,2018-09-28,,,press_release,https://niftyindices.com/Press_Release/ind_prs28082018.pdf,
221,Nifty 500,ZENSARTECH,2018-09-28,,,press_release,https://niftyindices.com/Press_Release/ind_prs28082018.pdf,
221,Nifty 500,ADANIGREEN,2018-12-28,,,press_release,https://niftyindices.com/Press_Release/ind_prs14122018.pdf,
221,Nifty 500,FORTIS,2018-12-28,,,press_release,https://niftyindices.com/Press_Release/ind_prs14122018.pdf,
221,Nifty 500,RITES,2018-12-28,,,press_release,https://niftyindices.com/Press_Release/ind_prs14122018.pdf,
221,Nifty 500,CREDITACC,2019-01-28,,,press_release,https://niftyindices.com/Press_Release/ind_prs21012019.pdf,
221,Nifty 500,AAVAS,2019-03-29,,,press_release,https://niftyindices.com/Press_Release/ind_prs25022019.pdf,
221,Nifty 500,MAHABANK,2019-03-29,,,press_release,https://niftyindices.com/Press_Release/ind_prs25022019.pdf,
221,Nifty 500,CESC,2019-03-29,,,press_release,https://niftyindices.com/Press_Release/ind_prs25022019.pdf,
221,Nifty 500,DEEPAKNTR,2019-03-29,,,press_release,https://niftyindices.com/Press_Release/ind_prs25022019.pdf,
221,Nifty 500,HDFCAMC,2019-03-29,,,press_release,https://niftyindices.com/Press_Release/ind_prs25022019.pdf,
221,Nifty 500,KEI,2019-03-29,,,press_release,https://niftyindices.com/Press_Release/ind_prs25022019.pdf,
221,Nifty 500,DALBHARAT,2019-06-28,,,press_release,https://niftyindices.com/Press_Release/ind_prs13062019.pdf,
221,Nifty 500,IIFL,2019-09-27,,,press_release,https://niftyindices.com/Press_Release/ind_prs17092019.pdf,
221,Nifty 500,ABBOTINDIA,2019-09-27,,,press_release,https://niftyindices.com/Press_Release/ind_prs28082019.pdf,
221,Nifty 500,ATGL,2019-09-27,,,press_release,https://niftyindices.com/Press_Release/ind_prs28082019.pdf,
221,Nifty 500,AMBER,2019-09-27,,,press_release,https://niftyindices.com/Press_Release/ind_prs28082019.pdf,
221,Nifty 500,BAYERCROP,2019-09-27,,,press_release,https://niftyindices.com/Press_Release/ind_prs28082019.pdf,
221,Nifty 500,BSOFT,2019-09-27,,,press_release,https://niftyindices.com/Press_Release/ind_prs28082019.pdf,
221,Nifty 500,JCHAC,2019-09-27,2019-09-30,,press_release,https://niftyindices.com/Press_Release/ind_prs28082019.pdf,"inferred-exclude: not in NSE current snapshot, no PR found (closed at next semi-annual review)"
221,Nifty 500,MCX,2019-09-27,,,press_release,https://niftyindices.com/Press_Release/ind_prs28082019.pdf,
221,Nifty 500,NESTLEIND,2019-09-27,,,press_release,https://niftyindices.com/Press_Release/ind_prs28082019.pdf,
221,Nifty 500,ORIENTREF,2019-09-27,2019-09-30,,press_release,https://niftyindices.com/Press_Release/ind_prs28082019.pdf,"inferred-exclude: not in NSE current snapshot, no PR found (closed at next semi-annual review)"
221,Nifty 500,POLYCAB,2019-09-27,,,press_release,https://niftyindices.com/Press_Release/ind_prs28082019.pdf,
221,Nifty 500,RVNL,2019-09-27,,,press_release,https://niftyindices.com/Press_Release/ind_prs28082019.pdf,
221,Nifty 500,AFFLE,2019-12-26,,,press_release,https://niftyindices.com/Press_Release/ind_prs18122019.pdf,
221,Nifty 500,INDIAMART,2019-12-27,,,press_release,https://niftyindices.com/Press_Release/ind_prs16122019.pdf,
221,Nifty 500,CENTURYTEX,2020-06-26,2020-09-30,,press_release,https://niftyindices.com/Press_Release/ind_prs10062020.pdf,"inferred-exclude: not in NSE current snapshot, no PR found (closed at next semi-annual review)"
221,Nifty 500,FSC,2020-03-27,2020-03-31,,press_release,https://niftyindices.com/Press_Release/ind_prs18022020.pdf,"inferred-exclude: not in NSE current snapshot, no PR found (closed at next semi-annual review)"
221,Nifty 500,FLUOROCHEM,2020-06-26,,,press_release,https://niftyindices.com/Press_Release/ind_prs10062020.pdf,
221,Nifty 500,IIFLWAM,2020-06-26,2020-09-30,,press_release,https://niftyindices.com/Press_Release/ind_prs10062020.pdf,"inferred-exclude: not in NSE current snapshot, no PR found (closed at next semi-annual review)"
221,Nifty 500,IRCTC,2020-06-26,,,press_release,https://niftyindices.com/Press_Release/ind_prs10062020.pdf,
221,Nifty 500,TATACOMM,2020-06-26,,,press_release,https://niftyindices.com/Press_Release/ind_prs10062020.pdf,
221,Nifty 500,ABB,2020-06-26,,,press_release,https://niftyindices.com/Press_Release/ind_prs10062020.pdf,
221,Nifty 500,POLYMED,2020-06-26,,,press_release,https://niftyindices.com/Press_Release/ind_prs10062020.pdf,
221,Nifty 500,SUMICHEM,2020-06-26,,,press_release,https://niftyindices.com/Press_Release/ind_prs10062020.pdf,
221,Nifty 500,SBICARD,2020-07-31,,,press_release,https://niftyindices.com/Press_Release/ind_prs02072020_1.pdf,
221,Nifty 500,TATACOFFEE,2020-09-14,2020-09-30,,press_release,https://niftyindices.com/Press_Release/ind_prs07092020.pdf,"inferred-exclude: not in NSE current snapshot, no PR found (closed at next semi-annual review)"
221,Nifty 500,POWERINDIA,2020-09-25,,,press_release,https://niftyindices.com/Press_Release/ind_prs20082020.pdf,
221,Nifty 500,ADANIENT,2020-09-25,,,press_release,https://niftyindices.com/Press_Release/ind_prs20082020.pdf,
221,Nifty 500,CHALET,2020-09-25,,,press_release,https://niftyindices.com/Press_Release/ind_prs20082020.pdf,
221,Nifty 500,PAPERPROD,2020-09-25,2020-09-30,,press_release,https://niftyindices.com/Press_Release/ind_prs20082020.pdf,"inferred-exclude: not in NSE current snapshot, no PR found (closed at next semi-annual review)"
221,Nifty 500,SUVENPHAR,2020-09-25,2020-09-30,,press_release,https://niftyindices.com/Press_Release/ind_prs20082020.pdf,"inferred-exclude: not in NSE current snapshot, no PR found (closed at next semi-annual review)"
221,Nifty 500,TATACHEM,2020-09-25,,,press_release,https://niftyindices.com/Press_Release/ind_prs20082020.pdf,
221,Nifty 500,YESBANK,2020-09-25,,,press_release,https://niftyindices.com/Press_Release/ind_prs20082020.pdf,
221,Nifty 500,MAHINDCIE,2020-11-25,2021-03-31,,press_release,https://niftyindices.com/Press_Release/ind_prs18112020.pdf,"inferred-exclude: not in NSE current snapshot, no PR found (closed at next semi-annual review)"
221,Nifty 500,ANGELBRKG,2021-03-31,2021-09-30,,press_release,https://niftyindices.com/Press_Release/ind_prs23022021.pdf,"inferred-exclude: not in NSE current snapshot, no PR found (closed at next semi-annual review)"
221,Nifty 500,ASAHIINDIA,2021-03-31,,,press_release,https://niftyindices.com/Press_Release/ind_prs23022021.pdf,
221,Nifty 500,CAMS,2021-03-31,,,press_release,https://niftyindices.com/Press_Release/ind_prs23022021.pdf,
221,Nifty 500,INTELLECT,2021-03-31,,,press_release,https://niftyindices.com/Press_Release/ind_prs23022021.pdf,
221,Nifty 500,KPRMILL,2021-03-31,,,press_release,https://niftyindices.com/Press_Release/ind_prs23022021.pdf,
221,Nifty 500,KPITTECH,2021-03-31,,,press_release,https://niftyindices.com/Press_Release/ind_prs23022021.pdf,
221,Nifty 500,MAXHEALTH,2021-03-31,,,press_release,https://niftyindices.com/Press_Release/ind_prs23022021.pdf,
221,Nifty 500,MAZDOCK,2021-03-31,,,press_release,https://niftyindices.com/Press_Release/ind_prs23022021.pdf,
221,Nifty 500,TRITURBINE,2021-03-31,,,press_release,https://niftyindices.com/Press_Release/ind_prs23022021.pdf,
221,Nifty 500,UTIAMC,2021-03-31,,,press_release,https://niftyindices.com/Press_Release/ind_prs23022021.pdf,
221,Nifty 500,VEDL,2021-03-31,,,press_release,https://niftyindices.com/Press_Release/ind_prs23022021.pdf,
221,Nifty 500,GLAND,2021-06-30,,,press_release,https://niftyindices.com/Press_Release/ind_prs15062021.pdf,
221,Nifty 500,CGPOWER,2021-09-30,,,press_release,https://niftyindices.com/Press_Release/ind_prs15092021.pdf,
221,Nifty 500,FACT,2021-09-30,,,press_release,https://niftyindices.com/Press_Release/ind_prs23082021.pdf,
221,Nifty 500,HOMEFIRST,2021-09-30,,,press_release,https://niftyindices.com/Press_Release/ind_prs15092021.pdf,
221,Nifty 500,IRFC,2021-09-30,,,press_release,https://niftyindices.com/Press_Release/ind_prs15092021.pdf,
221,Nifty 500,JUBLINGREA,2021-09-30,,,press_release,https://niftyindices.com/Press_Release/ind_prs15092021.pdf,
221,Nifty 500,JUBLPHARMA,2021-09-30,,,press_release,https://niftyindices.com/Press_Release/ind_prs15092021.pdf,
221,Nifty 500,KALYANKJIL,2021-09-30,,,press_release,https://niftyindices.com/Press_Release/ind_prs15092021.pdf,
221,Nifty 500,LODHA,2021-09-30,,,press_release,https://niftyindices.com/Press_Release/ind_prs15092021.pdf,
221,Nifty 500,POONAWALLA,2021-09-30,,,press_release,https://niftyindices.com/Press_Release/ind_prs15092021.pdf,
221,Nifty 500,TTML,2021-09-30,,,press_release,https://niftyindices.com/Press_Release/ind_prs15092021.pdf,
221,Nifty 500,SONACOMS,2021-10-29,,,press_release,https://niftyindices.com/Press_Release/ind_prs22102021.pdf,
221,Nifty 500,APTUS,2022-03-31,,,press_release,https://niftyindices.com/Press_Release/ind_prs24022022_1.pdf,
221,Nifty 500,MAPMYINDIA,2022-03-31,,,press_release,https://niftyindices.com/Press_Release/ind_prs24022022_1.pdf,
221,Nifty 500,CLEAN,2022-03-31,,,press_release,https://niftyindices.com/Press_Release/ind_prs24022022_1.pdf,
221,Nifty 500,DEVYANI,2022-03-31,,,press_release,https://niftyindices.com/Press_Release/ind_prs24022022_1.pdf,
221,Nifty 500,NYKAA,2022-03-31,,,press_release,https://niftyindices.com/Press_Release/ind_prs24022022_1.pdf,
221,Nifty 500,KIMS,2022-03-31,,,press_release,https://niftyindices.com/Press_Release/ind_prs24022022_1.pdf,
221,Nifty 500,LATENTVIEW,2022-03-31,,,press_release,https://niftyindices.com/Press_Release/ind_prs24022022_1.pdf,
221,Nifty 500,PAYTM,2022-03-31,,,press_release,https://niftyindices.com/Press_Release/ind_prs24022022_1.pdf,
221,Nifty 500,POLICYBZR,2022-03-31,,,press_release,https://niftyindices.com/Press_Release/ind_prs24022022_1.pdf,
221,Nifty 500,SAPPHIRE,2022-03-31,,,press_release,https://niftyindices.com/Press_Release/ind_prs24022022_1.pdf,
221,Nifty 500,SHYAMMETL,2022-03-31,,,press_release,https://niftyindices.com/Press_Release/ind_prs24022022_1.pdf,
221,Nifty 500,STARHEALTH,2022-03-31,,,press_release,https://niftyindices.com/Press_Release/ind_prs24022022_1.pdf,
221,Nifty 500,TATAINVEST,2022-03-31,,,press_release,https://niftyindices.com/Press_Release/ind_prs24022022_1.pdf,
221,Nifty 500,VIJAYA,2022-03-31,,,press_release,https://niftyindices.com/Press_Release/ind_prs24022022_1.pdf,
221,Nifty 500,ETERNAL,2022-03-31,,,press_release,https://niftyindices.com/Press_Release/ind_prs24022022_1.pdf,
221,Nifty 500,CGCL,2022-04-12,,,press_release,https://niftyindices.com/Press_Release/ind_prs05042022_1.pdf,
221,Nifty 500,GMRAIRPORT,2022-05-04,,,press_release,https://niftyindices.com/Press_Release/ind_prs05042022.pdf,
221,Nifty 500,DELHIVERY,2022-08-08,,,press_release,https://niftyindices.com/Press_Release/ind_prs11072022.pdf,
221,Nifty 500,LICI,2022-08-08,,,press_release,https://niftyindices.com/Press_Release/ind_prs11072022.pdf,
221,Nifty 500,AWL,2022-09-30,,,press_release,https://niftyindices.com/Press_Release/ind_prs01092022.pdf,
221,Nifty 500,DEEPAKFERT,2022-09-30,,,press_release,https://niftyindices.com/Press_Release/ind_prs01092022.pdf,
221,Nifty 500,JBMA,2022-09-30,,,press_release,https://niftyindices.com/Press_Release/ind_prs01092022.pdf,
221,Nifty 500,MOTHERSON,2022-09-30,,,press_release,https://niftyindices.com/Press_Release/ind_prs01092022.pdf,
221,Nifty 500,OLECTRA,2022-09-30,,,press_release,https://niftyindices.com/Press_Release/ind_prs01092022.pdf,
221,Nifty 500,PATANJALI,2022-09-30,,,press_release,https://niftyindices.com/Press_Release/ind_prs01092022.pdf,
221,Nifty 500,SWANENERGY,2022-09-30,2023-03-31,,press_release,https://niftyindices.com/Press_Release/ind_prs01092022.pdf,"inferred-exclude: not in NSE current snapshot, no PR found (closed at next semi-annual review)"
221,Nifty 500,TEJASNET,2022-09-30,,,press_release,https://niftyindices.com/Press_Release/ind_prs01092022.pdf,
221,Nifty 500,BEML,2022-12-30,,,press_release,https://niftyindices.com/Press_Release/ind_prs06122022.pdf,
221,Nifty 500,LEMONTREE,2022-12-30,,,press_release,https://niftyindices.com/Press_Release/ind_prs06122022.pdf,
221,Nifty 500,UCOBANK,2022-12-30,,,press_release,https://niftyindices.com/Press_Release/ind_prs06122022.pdf,
221,Nifty 500,RAINBOW,2022-12-30,,,press_release,https://niftyindices.com/Press_Release/ind_prs22122022.pdf,
221,Nifty 500,PVRINOX,2023-02-06,,,merger,https://www.nseindia.com/companies-listing/corporate-filings-actions,
221,Nifty 500,PPLPHARMA,2023-02-17,,,press_release,https://niftyindices.com/Press_Release/ind_prs09022023_1.pdf,
221,Nifty 500,AARTIIND,2023-03-31,,,press_release,https://niftyindices.com/Press_Release/ind_prs17022023_1.pdf,
221,Nifty 500,APARINDS,2023-03-31,,,press_release,https://niftyindices.com/Press_Release/ind_prs17022023_1.pdf,
221,Nifty 500,BIKAJI,2023-03-31,,,press_release,https://niftyindices.com/Press_Release/ind_prs17022023_1.pdf,
221,Nifty 500,BLS,2023-03-31,,,press_release,https://niftyindices.com/Press_Release/ind_prs17022023_1.pdf,
221,Nifty 500,CRAFTSMAN,2023-03-31,,,press_release,https://niftyindices.com/Press_Release/ind_prs17022023_1.pdf,
221,Nifty 500,DATAPATTNS,2023-03-31,,,press_release,https://niftyindices.com/Press_Release/ind_prs17022023_1.pdf,
221,Nifty 500,FIVESTAR,2023-03-31,,,press_release,https://niftyindices.com/Press_Release/ind_prs17022023_1.pdf,
221,Nifty 500,MEDANTA,2023-03-31,,,press_release,https://niftyindices.com/Press_Release/ind_prs17022023_1.pdf,
221,Nifty 500,KFINTECH,2023-03-31,,,press_release,https://niftyindices.com/Press_Release/ind_prs17022023_1.pdf,
221,Nifty 500,MFL,2023-03-31,2023-09-30,,press_release,https://niftyindices.com/Press_Release/ind_prs17022023_1.pdf,"inferred-exclude: not in NSE current snapshot, no PR found (closed at next semi-annual review)"
221,Nifty 500,NMDC,2023-03-31,,,press_release,https://niftyindices.com/Press_Release/ind_prs17022023_1.pdf,
221,Nifty 500,ERIS,2023-04-28,,,press_release,https://niftyindices.com/Press_Release/ind_prs19042023_1.pdf,
221,Nifty 500,NSLNISP,2023-04-28,,,press_release,https://niftyindices.com/Press_Release/ind_prs19042023_1.pdf,
221,Nifty 500,MANKIND,2023-07-13,,,press_release,https://niftyindices.com/Press_Release/ind_prs04072023.pdf,
221,Nifty 500,GILLETTE,2023-09-29,,,press_release,https://niftyindices.com/Press_Release/ind_prs17082023.pdf,
221,Nifty 500,GPIL,2023-09-29,,,press_release,https://niftyindices.com/Press_Release/ind_prs17082023.pdf,
221,Nifty 500,IRCON,2023-09-29,,,press_release,https://niftyindices.com/Press_Release/ind_prs17082023.pdf,
221,Nifty 500,JINDALSAW,2023-09-29,,,press_release,https://niftyindices.com/Press_Release/ind_prs17082023.pdf,
221,Nifty 500,KAYNES,2023-09-29,,,press_release,https://niftyindices.com/Press_Release/ind_prs17082023.pdf,
221,Nifty 500,MINDACORP,2023-09-29,,,press_release,https://niftyindices.com/Press_Release/ind_prs17082023.pdf,
221,Nifty 500,SAREGAMA,2023-09-29,,,press_release,https://niftyindices.com/Press_Release/ind_prs17082023.pdf,
221,Nifty 500,SYRMA,2023-09-29,,,press_release,https://niftyindices.com/Press_Release/ind_prs17082023.pdf,
221,Nifty 500,USHAMART,2023-09-29,,,press_release,https://niftyindices.com/Press_Release/ind_prs17082023.pdf,
221,Nifty 500,CONCORDBIO,2023-10-26,,,press_release,https://niftyindices.com/Press_Release/ind_prs17102023.pdf,
221,Nifty 500,ACE,2024-03-28,,,press_release,https://niftyindices.com/Press_Release/ind_prs28022024.pdf,
221,Nifty 500,ANANDRATHI,2024-03-28,,,press_release,https://niftyindices.com/Press_Release/ind_prs28022024.pdf,
221,Nifty 500,CAPLIPOINT,2024-03-28,,,press_release,https://niftyindices.com/Press_Release/ind_prs28022024.pdf,
221,Nifty 500,CHENNPETRO,2024-03-28,,,press_release,https://niftyindices.com/Press_Release/ind_prs28022024.pdf,
221,Nifty 500,DOMS,2024-03-28,,,press_release,https://niftyindices.com/Press_Release/ind_prs28022024.pdf,
221,Nifty 500,ELECON,2024-03-28,,,press_release,https://niftyindices.com/Press_Release/ind_prs28022024.pdf,
221,Nifty 500,GRSE,2024-03-28,,,press_release,https://niftyindices.com/Press_Release/ind_prs28022024.pdf,
221,Nifty 500,GMDCLTD,2024-03-28,,,press_release,https://niftyindices.com/Press_Release/ind_prs28022024.pdf,
221,Nifty 500,HBLPOWER,2024-03-28,2024-03-31,,press_release,https://niftyindices.com/Press_Release/ind_prs28022024.pdf,"inferred-exclude: not in NSE current snapshot, no PR found (closed at next semi-annual review)"
221,Nifty 500,HSCL,2024-03-28,,,press_release,https://niftyindices.com/Press_Release/ind_prs28022024.pdf,
221,Nifty 500,HONASA,2024-03-28,,,press_release,https://niftyindices.com/Press_Release/ind_prs28022024.pdf,
221,Nifty 500,IREDA,2024-09-30,,,press_release,https://niftyindices.com/Press_Release/ind_prs23082024.pdf,
221,Nifty 500,INOXWIND,2024-03-28,,,press_release,https://niftyindices.com/Press_Release/ind_prs28022024.pdf,
221,Nifty 500,J&KBANK,2024-03-28,,,press_release,https://niftyindices.com/Press_Release/ind_prs28022024.pdf,
221,Nifty 500,JIOFIN,2024-03-28,,,press_release,https://niftyindices.com/Press_Release/ind_prs28022024.pdf,
221,Nifty 500,JSWINFRA,2024-03-28,,,press_release,https://niftyindices.com/Press_Release/ind_prs28022024.pdf,
221,Nifty 500,JWL,2024-03-28,,,press_release,https://niftyindices.com/Press_Release/ind_prs28022024.pdf,
221,Nifty 500,LLOYDSME,2024-03-28,,,press_release,https://niftyindices.com/Press_Release/ind_prs28022024.pdf,
221,Nifty 500,NUVAMA,2024-03-28,,,press_release,https://niftyindices.com/Press_Release/ind_prs28022024.pdf,
221,Nifty 500,RRKABEL,2024-03-28,,,press_release,https://niftyindices.com/Press_Release/ind_prs28022024.pdf,
221,Nifty 500,RAILTEL,2024-03-28,,,press_release,https://niftyindices.com/Press_Release/ind_prs28022024.pdf,
221,Nifty 500,RKFORGE,2024-03-28,,,press_release,https://niftyindices.com/Press_Release/ind_prs28022024.pdf,
221,Nifty 500,SBFC,2024-03-28,,,press_release,https://niftyindices.com/Press_Release/ind_prs28022024.pdf,
221,Nifty 500,SCHNEIDER,2024-03-28,,,press_release,https://niftyindices.com/Press_Release/ind_prs28022024.pdf,
221,Nifty 500,SIGNATURE,2024-03-28,,,press_release,https://niftyindices.com/Press_Release/ind_prs28022024.pdf,
221,Nifty 500,TATATECH,2024-03-28,,,press_release,https://niftyindices.com/Press_Release/ind_prs28022024.pdf,
221,Nifty 500,TITAGARH,2024-03-28,,,press_release,https://niftyindices.com/Press_Release/ind_prs28022024.pdf,
221,Nifty 500,AADHARHFC,2024-09-30,,,press_release,https://niftyindices.com/Press_Release/ind_prs23082024.pdf,
221,Nifty 500,ABSLAMC,2024-09-30,,,press_release,https://niftyindices.com/Press_Release/ind_prs23082024.pdf,
221,Nifty 500,ANANTRAJ,2024-09-30,,,press_release,https://niftyindices.com/Press_Release/ind_prs23082024.pdf,
221,Nifty 500,BHARTIHEXA,2024-09-30,,,press_release,https://niftyindices.com/Press_Release/ind_prs23082024.pdf,
221,Nifty 500,GET&D,2024-09-30,2025-03-31,,press_release,https://niftyindices.com/Press_Release/ind_prs23082024.pdf,"inferred-exclude: not in NSE current snapshot, no PR found (closed at next semi-annual review)"
221,Nifty 500,GODIGIT,2024-09-30,,,press_release,https://niftyindices.com/Press_Release/ind_prs23082024.pdf,
221,Nifty 500,IFCI,2024-09-30,,,press_release,https://niftyindices.com/Press_Release/ind_prs23082024.pdf,
221,Nifty 500,INDGN,2024-09-30,,,press_release,https://niftyindices.com/Press_Release/ind_prs23082024.pdf,
221,Nifty 500,JPPOWER,2024-09-30,,,press_release,https://niftyindices.com/Press_Release/ind_prs23082024.pdf,
221,Nifty 500,JKTYRE,2024-09-30,,,press_release,https://niftyindices.com/Press_Release/ind_prs23082024.pdf,
221,Nifty 500,JYOTICNC,2024-09-30,,,press_release,https://niftyindices.com/Press_Release/ind_prs23082024.pdf,
221,Nifty 500,KIRLOSENG,2024-09-30,,,press_release,https://niftyindices.com/Press_Release/ind_prs23082024.pdf,
221,Nifty 500,NETWEB,2024-09-30,,,press_release,https://niftyindices.com/Press_Release/ind_prs23082024.pdf,
221,Nifty 500,NEWGEN,2024-09-30,,,press_release,https://niftyindices.com/Press_Release/ind_prs23082024.pdf,
221,Nifty 500,PFIZER,2024-09-30,,,press_release,https://niftyindices.com/Press_Release/ind_prs23082024.pdf,
221,Nifty 500,PTCIL,2024-09-30,,,press_release,https://niftyindices.com/Press_Release/ind_prs23082024.pdf,
221,Nifty 500,SCI,2024-09-30,,,press_release,https://niftyindices.com/Press_Release/ind_prs23082024.pdf,
221,Nifty 500,TBOTEK,2024-09-30,,,press_release,https://niftyindices.com/Press_Release/ind_prs23082024.pdf,
221,Nifty 500,TECHNOE,2024-09-30,,,press_release,https://niftyindices.com/Press_Release/ind_prs23082024.pdf,
221,Nifty 500,EMCURE,2024-10-10,,,press_release,https://niftyindices.com/Press_Release/ind_prs04102024.pdf,
221,Nifty 500,ACMESOLAR,2025-03-28,,,press_release,https://niftyindices.com/Press_Release/ind_prs21022025.pdf,
221,Nifty 500,AFCONS,2025-03-28,,,press_release,https://niftyindices.com/Press_Release/ind_prs21022025.pdf,
221,Nifty 500,AIIL,2025-03-28,,,press_release,https://niftyindices.com/Press_Release/ind_prs21022025.pdf,
221,Nifty 500,BAJAJHFL,2025-03-28,,,press_release,https://niftyindices.com/Press_Release/ind_prs21022025.pdf,
221,Nifty 500,FIRSTCRY,2025-03-28,,,press_release,https://niftyindices.com/Press_Release/ind_prs21022025.pdf,
221,Nifty 500,DCMSHRIRAM,2025-03-28,,,press_release,https://niftyindices.com/Press_Release/ind_prs21022025.pdf,
221,Nifty 500,GRAVITA,2025-03-28,,,press_release,https://niftyindices.com/Press_Release/ind_prs21022025.pdf,
221,Nifty 500,HYUNDAI,2025-03-28,,,press_release,https://niftyindices.com/Press_Release/ind_prs21022025.pdf,
221,Nifty 500,IGIL,2025-03-28,,,press_release,https://niftyindices.com/Press_Release/ind_prs21022025.pdf,
221,Nifty 500,IKS,2025-03-28,,,press_release,https://niftyindices.com/Press_Release/ind_prs21022025.pdf,
221,Nifty 500,LTFOODS,2025-03-28,,,press_release,https://niftyindices.com/Press_Release/ind_prs21022025.pdf,
221,Nifty 500,NAVA,2025-03-28,,,press_release,https://niftyindices.com/Press_Release/ind_prs21022025.pdf,
221,Nifty 500,NEULANDLAB,2025-03-28,,,press_release,https://niftyindices.com/Press_Release/ind_prs21022025.pdf,
221,Nifty 500,NIVABUPA,2025-03-28,,,press_release,https://niftyindices.com/Press_Release/ind_prs21022025.pdf,
221,Nifty 500,NTPCGREEN,2025-03-28,,,press_release,https://niftyindices.com/Press_Release/ind_prs21022025.pdf,
221,Nifty 500,OLAELEC,2025-03-28,,,press_release,https://niftyindices.com/Press_Release/ind_prs21022025.pdf,
221,Nifty 500,PGEL,2025-03-28,,,press_release,https://niftyindices.com/Press_Release/ind_prs21022025.pdf,
221,Nifty 500,PREMIERENE,2025-03-28,,,press_release,https://niftyindices.com/Press_Release/ind_prs21022025.pdf,
221,Nifty 500,RPOWER,2025-03-28,,,press_release,https://niftyindices.com/Press_Release/ind_prs21022025.pdf,
221,Nifty 500,SAGILITY,2025-03-28,,,press_release,https://niftyindices.com/Press_Release/ind_prs21022025.pdf,
221,Nifty 500,SAILIFE,2025-03-28,,,press_release,https://niftyindices.com/Press_Release/ind_prs21022025.pdf,
221,Nifty 500,SARDAEN,2025-03-28,,,press_release,https://niftyindices.com/Press_Release/ind_prs21022025.pdf,
221,Nifty 500,SWIGGY,2025-03-28,,,press_release,https://niftyindices.com/Press_Release/ind_prs21022025.pdf,
221,Nifty 500,TARIL,2025-03-28,,,press_release,https://niftyindices.com/Press_Release/ind_prs21022025.pdf,
221,Nifty 500,VMM,2025-03-28,,,press_release,https://niftyindices.com/Press_Release/ind_prs21022025.pdf,
221,Nifty 500,WAAREEENER,2025-03-28,,,press_release,https://niftyindices.com/Press_Release/ind_prs21022025.pdf,
221,Nifty 500,WOCKPHARMA,2025-03-28,,,press_release,https://niftyindices.com/Press_Release/ind_prs21022025.pdf,
221,Nifty 500,ZENTEC,2025-03-28,,,press_release,https://niftyindices.com/Press_Release/ind_prs21022025.pdf,
221,Nifty 500,ABLBL,2025-09-30,,,press_release,https://niftyindices.com/Press_Release/ind_prs22082025.pdf,
221,Nifty 500,AEGISVOPAK,2025-09-30,,,press_release,https://niftyindices.com/Press_Release/ind_prs22082025.pdf,
221,Nifty 500,AKZOINDIA,2025-09-30,2026-03-31,,press_release,https://niftyindices.com/Press_Release/ind_prs22082025.pdf,"inferred-exclude: not in NSE current snapshot, no PR found (closed at next semi-annual review)"
221,Nifty 500,ATHERENERG,2025-09-30,,,press_release,https://niftyindices.com/Press_Release/ind_prs22082025.pdf,
221,Nifty 500,BLUEJET,2025-09-30,,,press_release,https://niftyindices.com/Press_Release/ind_prs22082025.pdf,
221,Nifty 500,CHOICEIN,2025-09-30,,,press_release,https://niftyindices.com/Press_Release/ind_prs22082025.pdf,
221,Nifty 500,FORCEMOT,2025-09-30,,,press_release,https://niftyindices.com/Press_Release/ind_prs22082025.pdf,
221,Nifty 500,HEXT,2025-09-30,,,press_release,https://niftyindices.com/Press_Release/ind_prs22082025.pdf,
221,Nifty 500,ITCHOTELS,2025-09-30,,,press_release,https://niftyindices.com/Press_Release/ind_prs22082025.pdf,
221,Nifty 500,NUVOCO,2025-09-30,,,press_release,https://niftyindices.com/Press_Release/ind_prs22082025.pdf,
221,Nifty 500,ONESOURCE,2025-09-30,,,press_release,https://niftyindices.com/Press_Release/ind_prs22082025.pdf,
221,Nifty 500,THELEELA,2025-09-30,,,press_release,https://niftyindices.com/Press_Release/ind_prs22082025.pdf,
221,Nifty 500,ENRIN,2025-09-30,,,press_release,https://niftyindices.com/Press_Release/ind_prs22082025.pdf,
221,Nifty 500,JSWCEMENT,2025-12-31,,,press_release,https://niftyindices.com/Press_Release/ind_prs11122025.pdf,
221,Nifty 500,ACUTAAS,2026-03-30,,,press_release,https://niftyindices.com/Press_Release/ind_prs23022026.pdf,
221,Nifty 500,CPPLUS,2026-03-30,,,press_release,https://niftyindices.com/Press_Release/ind_prs23022026.pdf,
221,Nifty 500,ABDL,2026-03-30,,,press_release,https://niftyindices.com/Press_Release/ind_prs23022026.pdf,
221,Nifty 500,ANTHEM,2026-03-30,,,press_release,https://niftyindices.com/Press_Release/ind_prs23022026.pdf,
221,Nifty 500,ANURAS,2026-03-30,,,press_release,https://niftyindices.com/Press_Release/ind_prs23022026.pdf,
221,Nifty 500,BELRISE,2026-03-30,,,press_release,https://niftyindices.com/Press_Release/ind_prs23022026.pdf,
221,Nifty 500,GROWW,2026-03-30,,,press_release,https://niftyindices.com/Press_Release/ind_prs23022026.pdf,
221,Nifty 500,CANHLIFE,2026-03-30,,,press_release,https://niftyindices.com/Press_Release/ind_prs23022026.pdf,
221,Nifty 500,CARTRADE,2026-03-30,,,press_release,https://niftyindices.com/Press_Release/ind_prs23022026.pdf,
221,Nifty 500,CEMPRO,2026-03-30,,,press_release,https://niftyindices.com/Press_Release/ind_prs23022026.pdf,
221,Nifty 500,EMMVEE,2026-03-30,,,press_release,https://niftyindices.com/Press_Release/ind_prs23022026.pdf,
221,Nifty 500,GABRIEL,2026-03-30,,,press_release,https://niftyindices.com/Press_Release/ind_prs23022026.pdf,
221,Nifty 500,GALLANTT,2026-03-30,,,press_release,https://niftyindices.com/Press_Release/ind_prs23022026.pdf,
221,Nifty 500,HDBFS,2026-03-30,,,press_release,https://niftyindices.com/Press_Release/ind_prs23022026.pdf,
221,Nifty 500,ICICIAMC,2026-03-30,,,press_release,https://niftyindices.com/Press_Release/ind_prs23022026.pdf,
221,Nifty 500,JAINREC,2026-03-30,,,press_release,https://niftyindices.com/Press_Release/ind_prs23022026.pdf,
221,Nifty 500,LENSKART,2026-03-30,,,press_release,https://niftyindices.com/Press_Release/ind_prs23022026.pdf,
221,Nifty 500,LGEINDIA,2026-03-30,,,press_release,https://niftyindices.com/Press_Release/ind_prs23022026.pdf,
221,Nifty 500,MEESHO,2026-03-30,,,press_release,https://niftyindices.com/Press_Release/ind_prs23022026.pdf,
221,Nifty 500,PARADEEP,2026-03-30,,,press_release,https://niftyindices.com/Press_Release/ind_prs23022026.pdf,
221,Nifty 500,PWL,2026-03-30,,,press_release,https://niftyindices.com/Press_Release/ind_prs23022026.pdf,
221,Nifty 500,PINELABS,2026-03-30,,,press_release,https://niftyindices.com/Press_Release/ind_prs23022026.pdf,
221,Nifty 500,PIRAMALFIN,2026-03-30,,,press_release,https://niftyindices.com/Press_Release/ind_prs23022026.pdf,
221,Nifty 500,SPLPETRO,2026-03-30,,,press_release,https://niftyindices.com/Press_Release/ind_prs23022026.pdf,
221,Nifty 500,TATACAP,2026-03-30,,,press_release,https://niftyindices.com/Press_Release/ind_prs23022026.pdf,
221,Nifty 500,TMCV,2026-03-30,,,press_release,https://niftyindices.com/Press_Release/ind_prs23022026.pdf,
221,Nifty 500,TEGA,2026-03-30,,,press_release,https://niftyindices.com/Press_Release/ind_prs23022026.pdf,
221,Nifty 500,TENNIND,2026-03-30,,,press_release,https://niftyindices.com/Press_Release/ind_prs23022026.pdf,
221,Nifty 500,TRAVELFOOD,2026-03-30,,,press_release,https://niftyindices.com/Press_Release/ind_prs23022026.pdf,
221,Nifty 500,URBANCO,2026-03-30,,,press_release,https://niftyindices.com/Press_Release/ind_prs23022026.pdf,
221,Nifty 500,ZYDUSWELL,2026-03-30,,,press_release,https://niftyindices.com/Press_Release/ind_prs23022026.pdf,
221,Nifty 500,GSPL,2026-03-31,,,snapshot,,"inferred-include: in NSE current snapshot, no PR found (opened at most-recent semi-annual review)"
221,Nifty 500,IDEA,2026-03-31,,,snapshot,,"inferred-include: in NSE current snapshot, no PR found (opened at most-recent semi-annual review)"
223,Nifty Midcap 150,MFSL,2016-04-01,2017-01-23,,snapshot_floor,,closed by ind_prs16012017.pdf
223,Nifty Midcap 150,INOXWIND,2016-04-01,2017-03-31,,snapshot_floor,,closed by ind_prs16022017.pdf
223,Nifty Midcap 150,JETAIRWAYS,2016-04-01,2017-03-31,,snapshot_floor,,closed by ind_prs16022017.pdf
223,Nifty Midcap 150,JUSTDIAL,2016-04-01,2017-03-31,,snapshot_floor,,closed by ind_prs16022017.pdf
223,Nifty Midcap 150,NETWORK18,2016-04-01,2017-03-31,,snapshot_floor,,closed by ind_prs16022017.pdf
223,Nifty Midcap 150,PERSISTENT,2016-04-01,2017-03-31,,snapshot_floor,,closed by ind_prs16022017.pdf
223,Nifty Midcap 150,PETRONET,2016-04-01,2017-03-31,,snapshot_floor,,closed by ind_prs16022017.pdf
223,Nifty Midcap 150,RECLTD,2016-04-01,2017-03-31,,snapshot_floor,,closed by ind_prs16022017.pdf
223,Nifty Midcap 150,SADBHAV,2016-04-01,2017-03-31,,snapshot_floor,,closed by ind_prs16022017.pdf
223,Nifty Midcap 150,TATAELXSI,2016-04-01,2017-03-31,,snapshot_floor,,closed by ind_prs16022017.pdf
223,Nifty Midcap 150,ABIRLANUVO,2016-04-01,2017-05-26,,snapshot_floor,,closed by ind_prs27042017.pdf
223,Nifty Midcap 150,SUNTV,2016-04-01,2017-05-26,,snapshot_floor,,closed by ind_prs27042017.pdf
223,Nifty Midcap 150,TUBEINVEST,2016-04-01,2017-05-26,,snapshot_floor,,closed by ind_prs27042017.pdf
223,Nifty Midcap 150,IIFL,2016-04-01,2017-06-23,,snapshot_floor,,closed by ind_prs15062017.pdf
223,Nifty Midcap 150,BAJAJCON,2016-04-01,2017-09-29,,snapshot_floor,,closed by ind_prs28082017.pdf
223,Nifty Midcap 150,CYIENT,2016-04-01,2017-09-29,,snapshot_floor,,closed by ind_prs28082017.pdf
223,Nifty Midcap 150,ECLERX,2016-04-01,2017-09-29,,snapshot_floor,,closed by ind_prs28082017.pdf
223,Nifty Midcap 150,GESHIP,2016-04-01,2017-09-29,,snapshot_floor,,closed by ind_prs28082017.pdf
223,Nifty Midcap 150,HINDCOPPER,2016-04-01,2017-09-29,,snapshot_floor,,closed by ind_prs28082017.pdf
223,Nifty Midcap 150,HONAUT,2016-04-01,2017-09-29,,snapshot_floor,,closed by ind_prs28082017.pdf
223,Nifty Midcap 150,JAGRAN,2016-04-01,2017-09-29,,snapshot_floor,,closed by ind_prs28082017.pdf
223,Nifty Midcap 150,MRF,2016-04-01,2017-09-29,,snapshot_floor,,closed by ind_prs28082017.pdf
223,Nifty Midcap 150,RELAXO,2016-04-01,2017-09-29,,snapshot_floor,,closed by ind_prs28082017.pdf
223,Nifty Midcap 150,FRETAIL,2017-05-26,2017-10-30,,press_release,https://niftyindices.com/Press_Release/ind_prs27042017.pdf,closed by ind_prs16102017.pdf
223,Nifty Midcap 150,SUNDARMFIN,2016-04-01,2017-11-13,,snapshot_floor,,closed by ind_prs03112017.pdf
223,Nifty Midcap 150,CESC,2016-04-01,2018-02-05,,snapshot_floor,,closed by ind_prs08012018.pdf
223,Nifty Midcap 150,FORTIS,2016-04-01,2018-02-05,,snapshot_floor,,closed by ind_prs08012018.pdf
223,Nifty Midcap 150,STAR,2016-04-01,2018-02-05,,snapshot_floor,,closed by ind_prs08012018.pdf
223,Nifty Midcap 150,ADANIENT,2016-04-01,2018-04-02,,snapshot_floor,,closed by ind_prs21022018.pdf
223,Nifty Midcap 150,DBCORP,2016-04-01,2018-04-02,,snapshot_floor,,closed by ind_prs21022018.pdf
223,Nifty Midcap 150,DALBHARAT,2016-04-01,2018-04-02,,snapshot_floor,,closed by ind_prs21022018.pdf
223,Nifty Midcap 150,LALPATHLAB,2016-04-01,2018-04-02,,snapshot_floor,,closed by ind_prs21022018.pdf
223,Nifty Midcap 150,GPPL,2016-04-01,2018-04-02,,snapshot_floor,,closed by ind_prs21022018.pdf
223,Nifty Midcap 150,IOB,2016-04-01,2018-04-02,,snapshot_floor,,closed by ind_prs21022018.pdf
223,Nifty Midcap 150,IPCALAB,2016-04-01,2018-04-02,,snapshot_floor,,closed by ind_prs21022018.pdf
223,Nifty Midcap 150,JYOTHYLAB,2016-04-01,2018-04-02,,snapshot_floor,,closed by ind_prs21022018.pdf
223,Nifty Midcap 150,LTF,2016-04-01,2018-04-02,,snapshot_floor,,closed by ind_prs21022018.pdf
223,Nifty Midcap 150,NH,2016-04-01,2018-04-02,,snapshot_floor,,closed by ind_prs21022018.pdf
223,Nifty Midcap 150,RCOM,2016-04-01,2018-04-02,,snapshot_floor,,closed by ind_prs21022018.pdf
223,Nifty Midcap 150,SYNDIBANK,2016-04-01,2018-04-02,,snapshot_floor,,closed by ind_prs21022018.pdf
223,Nifty Midcap 150,VTL,2016-04-01,2018-04-02,,snapshot_floor,,closed by ind_prs21022018.pdf
223,Nifty Midcap 150,VIJAYABANK,2017-09-29,2018-04-02,,press_release,https://niftyindices.com/Press_Release/ind_prs28082017.pdf,closed by ind_prs21022018.pdf
223,Nifty Midcap 150,WELSPUNIND,2016-04-01,2018-04-02,,snapshot_floor,,closed by ind_prs21022018.pdf
223,Nifty Midcap 150,ARVIND,2016-04-01,2018-06-29,,snapshot_floor,,closed by ind_prs24052018.pdf
223,Nifty Midcap 150,TATACOMM,2016-04-01,2018-06-29,,snapshot_floor,,closed by ind_prs24052018.pdf
223,Nifty Midcap 150,AKZOINDIA,2016-04-01,2018-09-28,,snapshot_floor,,closed by ind_prs28082018.pdf
223,Nifty Midcap 150,BIOCON,2016-04-01,2018-09-28,,snapshot_floor,,closed by ind_prs28082018.pdf
223,Nifty Midcap 150,GUJFLUORO,2016-04-01,2018-09-28,,snapshot_floor,,closed by ind_prs28082018.pdf
223,Nifty Midcap 150,ICICIGI,2018-04-02,2018-09-28,,press_release,https://niftyindices.com/Press_Release/ind_prs21022018.pdf,closed by ind_prs28082018.pdf
223,Nifty Midcap 150,IDFC,2016-04-01,2018-09-28,,snapshot_floor,,closed by ind_prs28082018.pdf
223,Nifty Midcap 150,IBREALEST,2018-04-02,2018-09-28,,press_release,https://niftyindices.com/Press_Release/ind_prs21022018.pdf,closed by ind_prs28082018.pdf
223,Nifty Midcap 150,IRB,2016-04-01,2018-09-28,,snapshot_floor,,closed by ind_prs28082018.pdf
223,Nifty Midcap 150,KAJARIACER,2016-04-01,2018-09-28,,snapshot_floor,,closed by ind_prs28082018.pdf
223,Nifty Midcap 150,KARURVYSYA,2016-04-01,2018-09-28,,snapshot_floor,,closed by ind_prs28082018.pdf
223,Nifty Midcap 150,SCHAEFFLER,2016-04-01,2018-09-28,,snapshot_floor,,closed by ind_prs28082018.pdf
223,Nifty Midcap 150,SUZLON,2016-04-01,2018-09-28,,snapshot_floor,,closed by ind_prs28082018.pdf
223,Nifty Midcap 150,TTKPRESTIG,2016-04-01,2018-09-28,,snapshot_floor,,closed by ind_prs28082018.pdf
223,Nifty Midcap 150,WOCKPHARMA,2016-04-01,2018-09-28,,snapshot_floor,,closed by ind_prs28082018.pdf
223,Nifty Midcap 150,BHARATFIN,2016-04-01,2018-12-28,,snapshot_floor,,closed by ind_prs14122018.pdf
223,Nifty Midcap 150,CENTURYTEX,2016-04-01,2018-12-28,,snapshot_floor,,closed by ind_prs14122018.pdf
223,Nifty Midcap 150,IIFL,2018-04-02,2018-12-28,,press_release,https://niftyindices.com/Press_Release/ind_prs21022018.pdf,closed by ind_prs14122018.pdf
223,Nifty Midcap 150,AARTIIND,2018-12-28,2019-03-29,,press_release,https://niftyindices.com/Press_Release/ind_prs14122018.pdf,closed by ind_prs25022019.pdf
223,Nifty Midcap 150,AVANTIFEED,2018-04-02,2019-03-29,,press_release,https://niftyindices.com/Press_Release/ind_prs21022018.pdf,closed by ind_prs25022019.pdf
223,Nifty Midcap 150,BAJAJHLDNG,2016-04-01,2019-03-29,,snapshot_floor,,closed by ind_prs25022019.pdf
223,Nifty Midcap 150,DIVISLAB,2017-09-29,2019-03-29,,press_release,https://niftyindices.com/Press_Release/ind_prs28082017.pdf,closed by ind_prs25022019.pdf
223,Nifty Midcap 150,GET&D,2016-04-01,2019-03-29,,snapshot_floor,,closed by ind_prs25022019.pdf
223,Nifty Midcap 150,PAGEIND,2016-04-01,2019-03-29,,snapshot_floor,,closed by ind_prs25022019.pdf
223,Nifty Midcap 150,PCJEWELLER,2016-04-01,2019-03-29,,snapshot_floor,,closed by ind_prs25022019.pdf
223,Nifty Midcap 150,TV18BRDCST,2016-04-01,2019-03-29,,snapshot_floor,,closed by ind_prs25022019.pdf
223,Nifty Midcap 150,UBL,2017-09-29,2019-03-29,,press_release,https://niftyindices.com/Press_Release/ind_prs28082017.pdf,closed by ind_prs25022019.pdf
223,Nifty Midcap 150,VAKRANGEE,2016-04-01,2019-03-29,,snapshot_floor,,closed by ind_prs25022019.pdf
223,Nifty Midcap 150,GUJFLUORO,2019-03-29,2019-06-28,,press_release,https://niftyindices.com/Press_Release/ind_prs25022019.pdf,closed by ind_prs13062019.pdf
223,Nifty Midcap 150,THOMASCOOK,2016-04-01,2019-09-27,,snapshot_floor,,closed by ind_prs17092019.pdf
223,Nifty Midcap 150,BERGEPAINT,2016-04-01,2019-09-27,,snapshot_floor,,closed by ind_prs28082019.pdf
223,Nifty Midcap 150,DHFL,2016-04-01,2019-09-27,,snapshot_floor,,closed by ind_prs28082019.pdf
223,Nifty Midcap 150,DBL,2018-04-02,2019-09-27,,press_release,https://niftyindices.com/Press_Release/ind_prs21022018.pdf,closed by ind_prs28082019.pdf
223,Nifty Midcap 150,DISHTV,2016-04-01,2019-09-27,,snapshot_floor,,closed by ind_prs28082019.pdf
223,Nifty Midcap 150,FINCABLES,2017-09-29,2019-09-27,,press_release,https://niftyindices.com/Press_Release/ind_prs28082017.pdf,closed by ind_prs28082019.pdf
223,Nifty Midcap 150,JMFINANCIL,2017-09-29,2019-09-27,,press_release,https://niftyindices.com/Press_Release/ind_prs28082017.pdf,closed by ind_prs28082019.pdf
223,Nifty Midcap 150,KIOCL,2018-06-29,2019-09-27,,press_release,https://niftyindices.com/Press_Release/ind_prs24052018.pdf,closed by ind_prs28082019.pdf
223,Nifty Midcap 150,PFC,2018-09-28,2019-09-27,,press_release,https://niftyindices.com/Press_Release/ind_prs28082018.pdf,closed by ind_prs28082019.pdf
223,Nifty Midcap 150,PNB,2018-09-28,2019-09-27,,press_release,https://niftyindices.com/Press_Release/ind_prs28082018.pdf,closed by ind_prs28082019.pdf
223,Nifty Midcap 150,RELCAPITAL,2018-02-05,2019-09-27,,press_release,https://niftyindices.com/Press_Release/ind_prs08012018.pdf,closed by ind_prs28082019.pdf
223,Nifty Midcap 150,RELINFRA,2016-04-01,2019-09-27,,snapshot_floor,,closed by ind_prs28082019.pdf
223,Nifty Midcap 150,RPOWER,2016-04-01,2019-09-27,,snapshot_floor,,closed by ind_prs28082019.pdf
223,Nifty Midcap 150,SPARC,2016-04-01,2019-09-27,,snapshot_floor,,closed by ind_prs28082019.pdf
223,Nifty Midcap 150,ALBK,2019-09-27,2019-12-27,,press_release,https://niftyindices.com/Press_Release/ind_prs28082019.pdf,closed by ind_prs16122019.pdf
223,Nifty Midcap 150,CORPBANK,2019-09-27,2019-12-27,,press_release,https://niftyindices.com/Press_Release/ind_prs28082019.pdf,closed by ind_prs16122019.pdf
223,Nifty Midcap 150,ORIENTBANK,2019-09-27,2019-12-27,,press_release,https://niftyindices.com/Press_Release/ind_prs28082019.pdf,closed by ind_prs16122019.pdf
223,Nifty Midcap 150,TATACHEM,2016-04-01,2019-12-27,,snapshot_floor,,closed by ind_prs16122019.pdf
223,Nifty Midcap 150,ADANIENSOL,2017-09-29,2020-03-27,,press_release,https://niftyindices.com/Press_Release/ind_prs28082017.pdf,closed by ind_prs18022020.pdf
223,Nifty Midcap 150,ABBOTINDIA,2019-09-27,2020-06-26,,press_release,https://niftyindices.com/Press_Release/ind_prs28082019.pdf,closed by ind_prs10062020.pdf
223,Nifty Midcap 150,ENGINERSIN,2016-04-01,2020-06-26,,snapshot_floor,,closed by ind_prs10062020.pdf
223,Nifty Midcap 150,FCONSUMER,2018-04-02,2020-06-26,,press_release,https://niftyindices.com/Press_Release/ind_prs21022018.pdf,closed by ind_prs10062020.pdf
223,Nifty Midcap 150,GRAPHITE,2018-09-28,2020-06-26,,press_release,https://niftyindices.com/Press_Release/ind_prs28082018.pdf,closed by ind_prs10062020.pdf
223,Nifty Midcap 150,HEG,2018-09-28,2020-06-26,,press_release,https://niftyindices.com/Press_Release/ind_prs28082018.pdf,closed by ind_prs10062020.pdf
223,Nifty Midcap 150,INDIANB,2016-04-01,2020-06-26,,snapshot_floor,,closed by ind_prs10062020.pdf
223,Nifty Midcap 150,IGL,2016-04-01,2020-06-26,,snapshot_floor,,closed by ind_prs10062020.pdf
223,Nifty Midcap 150,NAUKRI,2016-04-01,2020-06-26,,snapshot_floor,,closed by ind_prs10062020.pdf
223,Nifty Midcap 150,KRBL,2017-06-23,2020-06-26,,press_release,https://niftyindices.com/Press_Release/ind_prs15062017.pdf,closed by ind_prs10062020.pdf
223,Nifty Midcap 150,MAHINDCIE,2016-04-01,2020-06-26,,snapshot_floor,,closed by ind_prs10062020.pdf
223,Nifty Midcap 150,MUTHOOTFIN,2016-04-01,2020-06-26,,snapshot_floor,,closed by ind_prs10062020.pdf
223,Nifty Midcap 150,NBCC,2016-04-01,2020-06-26,,snapshot_floor,,closed by ind_prs10062020.pdf
223,Nifty Midcap 150,STRTECH,2018-04-02,2020-06-26,,press_release,https://niftyindices.com/Press_Release/ind_prs21022018.pdf,closed by ind_prs10062020.pdf
223,Nifty Midcap 150,TORNTPHARM,2018-04-02,2020-06-26,,press_release,https://niftyindices.com/Press_Release/ind_prs21022018.pdf,closed by ind_prs10062020.pdf
223,Nifty Midcap 150,VARROC,2018-12-28,2020-06-26,,press_release,https://niftyindices.com/Press_Release/ind_prs14122018.pdf,closed by ind_prs10062020.pdf
223,Nifty Midcap 150,ADANIGREEN,2020-03-27,2020-09-25,,press_release,https://niftyindices.com/Press_Release/ind_prs18022020.pdf,closed by ind_prs20082020.pdf
223,Nifty Midcap 150,ALKEM,2016-04-01,2020-09-25,,snapshot_floor,,closed by ind_prs20082020.pdf
223,Nifty Midcap 150,BLUEDART,2016-04-01,2020-09-25,,snapshot_floor,,closed by ind_prs20082020.pdf
223,Nifty Midcap 150,CENTRALBK,2016-04-01,2020-09-25,,snapshot_floor,,closed by ind_prs20082020.pdf
223,Nifty Midcap 150,EIHOTEL,2016-04-01,2020-09-25,,snapshot_floor,,closed by ind_prs20082020.pdf
223,Nifty Midcap 150,IDBI,2016-04-01,2020-09-25,,snapshot_floor,,closed by ind_prs20082020.pdf
223,Nifty Midcap 150,IOB,2019-09-27,2020-09-25,,press_release,https://niftyindices.com/Press_Release/ind_prs28082019.pdf,closed by ind_prs20082020.pdf
223,Nifty Midcap 150,PNBHOUSING,2017-05-26,2020-09-25,,press_release,https://niftyindices.com/Press_Release/ind_prs27042017.pdf,closed by ind_prs20082020.pdf
223,Nifty Midcap 150,QUESS,2017-03-31,2020-09-25,,press_release,https://niftyindices.com/Press_Release/ind_prs16022017.pdf,closed by ind_prs20082020.pdf
223,Nifty Midcap 150,TATACONSUM,2016-04-01,2020-09-25,,snapshot_floor,,closed by ind_prs20082020.pdf
223,Nifty Midcap 150,UCOBANK,2019-09-27,2020-09-25,,press_release,https://niftyindices.com/Press_Release/ind_prs28082019.pdf,closed by ind_prs20082020.pdf
223,Nifty Midcap 150,ADANIENT,2020-09-25,2021-03-31,,press_release,https://niftyindices.com/Press_Release/ind_prs20082020.pdf,closed by ind_prs23022021.pdf
223,Nifty Midcap 150,APOLLOHOSP,2017-03-31,2021-03-31,,press_release,https://niftyindices.com/Press_Release/ind_prs16022017.pdf,closed by ind_prs23022021.pdf
223,Nifty Midcap 150,EDELWEISS,2016-04-01,2021-03-31,,snapshot_floor,,closed by ind_prs23022021.pdf
223,Nifty Midcap 150,ERIS,2019-03-29,2021-03-31,,press_release,https://niftyindices.com/Press_Release/ind_prs25022019.pdf,closed by ind_prs23022021.pdf
223,Nifty Midcap 150,FRETAIL,2018-06-29,2021-03-31,,press_release,https://niftyindices.com/Press_Release/ind_prs24052018.pdf,closed by ind_prs23022021.pdf
223,Nifty Midcap 150,HUDCO,2017-10-30,2021-03-31,,press_release,https://niftyindices.com/Press_Release/ind_prs16102017.pdf,closed by ind_prs23022021.pdf
223,Nifty Midcap 150,JUBLFOOD,2016-04-01,2021-03-31,,snapshot_floor,,closed by ind_prs23022021.pdf
223,Nifty Midcap 150,MRPL,2016-04-01,2021-03-31,,snapshot_floor,,closed by ind_prs23022021.pdf
223,Nifty Midcap 150,MRF,2019-09-27,2021-03-31,,press_release,https://niftyindices.com/Press_Release/ind_prs28082019.pdf,closed by ind_prs23022021.pdf
223,Nifty Midcap 150,NATIONALUM,2016-04-01,2021-03-31,,snapshot_floor,,closed by ind_prs23022021.pdf
223,Nifty Midcap 150,NLCINDIA,2016-04-01,2021-03-31,,snapshot_floor,,closed by ind_prs23022021.pdf
223,Nifty Midcap 150,SFL,2020-09-25,2021-03-31,,press_release,https://niftyindices.com/Press_Release/ind_prs20082020.pdf,closed by ind_prs23022021.pdf
223,Nifty Midcap 150,SHRIRAMCIT,2016-04-01,2021-03-31,,snapshot_floor,,closed by ind_prs23022021.pdf
223,Nifty Midcap 150,SYMPHONY,2016-04-01,2021-03-31,,snapshot_floor,,closed by ind_prs23022021.pdf
223,Nifty Midcap 150,ZFCVINDIA,2016-04-01,2021-03-31,,snapshot_floor,,closed by ind_prs23022021.pdf
223,Nifty Midcap 150,YESBANK,2020-09-25,2021-03-31,,press_release,https://niftyindices.com/Press_Release/ind_prs20082020.pdf,closed by ind_prs23022021.pdf
223,Nifty Midcap 150,IDBI,2021-03-31,2021-09-30,,press_release,https://niftyindices.com/Press_Release/ind_prs23022021.pdf,closed by ind_prs15092021.pdf
223,Nifty Midcap 150,IIFLWAM,2020-06-26,2021-09-30,,press_release,https://niftyindices.com/Press_Release/ind_prs10062020.pdf,closed by ind_prs15092021.pdf
223,Nifty Midcap 150,SAMMAANCAP,2020-06-26,2021-09-30,,press_release,https://niftyindices.com/Press_Release/ind_prs10062020.pdf,closed by ind_prs15092021.pdf
223,Nifty Midcap 150,JINDALSTEL,2016-04-01,2021-09-30,,snapshot_floor,,closed by ind_prs15092021.pdf
223,Nifty Midcap 150,JMFINANCIL,2020-09-25,2021-09-30,,press_release,https://niftyindices.com/Press_Release/ind_prs20082020.pdf,closed by ind_prs15092021.pdf
223,Nifty Midcap 150,PIIND,2016-04-01,2021-09-30,,snapshot_floor,,closed by ind_prs15092021.pdf
223,Nifty Midcap 150,PGHL,2021-03-31,2021-09-30,,press_release,https://niftyindices.com/Press_Release/ind_prs23022021.pdf,closed by ind_prs15092021.pdf
223,Nifty Midcap 150,SJVN,2016-04-01,2021-09-30,,snapshot_floor,,closed by ind_prs15092021.pdf
223,Nifty Midcap 150,SAIL,2019-09-27,2021-09-30,,press_release,https://niftyindices.com/Press_Release/ind_prs28082019.pdf,closed by ind_prs15092021.pdf
223,Nifty Midcap 150,VGUARD,2017-09-29,2021-09-30,,press_release,https://niftyindices.com/Press_Release/ind_prs28082017.pdf,closed by ind_prs15092021.pdf
223,Nifty Midcap 150,GMRAIRPORT,2016-04-01,2021-10-29,,snapshot_floor,,closed by ind_prs22102021.pdf
223,Nifty Midcap 150,ARE&M,2016-04-01,2022-03-31,,snapshot_floor,,closed by ind_prs24022022_1.pdf
223,Nifty Midcap 150,CASTROLIND,2017-03-31,2022-03-31,,press_release,https://niftyindices.com/Press_Release/ind_prs16022017.pdf,closed by ind_prs24022022_1.pdf
223,Nifty Midcap 150,CHOLAHLDNG,2016-04-01,2022-03-31,,snapshot_floor,,closed by ind_prs24022022_1.pdf
223,Nifty Midcap 150,CUB,2016-04-01,2022-03-31,,snapshot_floor,,closed by ind_prs24022022_1.pdf
223,Nifty Midcap 150,DHANI,2018-04-02,2022-03-31,,press_release,https://niftyindices.com/Press_Release/ind_prs21022018.pdf,closed by ind_prs24022022_1.pdf
223,Nifty Midcap 150,GILLETTE,2016-04-01,2022-03-31,,snapshot_floor,,closed by ind_prs24022022_1.pdf
223,Nifty Midcap 150,HINDCOPPER,2021-09-30,2022-03-31,,press_release,https://niftyindices.com/Press_Release/ind_prs15092021.pdf,closed by ind_prs24022022_1.pdf
223,Nifty Midcap 150,ITI,2020-09-25,2022-03-31,,press_release,https://niftyindices.com/Press_Release/ind_prs20082020.pdf,closed by ind_prs24022022_1.pdf
223,Nifty Midcap 150,MGL,2017-05-26,2022-03-31,,press_release,https://niftyindices.com/Press_Release/ind_prs27042017.pdf,closed by ind_prs24022022_1.pdf
223,Nifty Midcap 150,LTM,2017-03-31,2022-03-31,,press_release,https://niftyindices.com/Press_Release/ind_prs16022017.pdf,closed by ind_prs24022022_1.pdf
223,Nifty Midcap 150,MOTILALOFS,2017-03-31,2022-03-31,,press_release,https://niftyindices.com/Press_Release/ind_prs16022017.pdf,closed by ind_prs24022022_1.pdf
223,Nifty Midcap 150,RBLBANK,2017-01-23,2022-03-31,,press_release,https://niftyindices.com/Press_Release/ind_prs16012017.pdf,closed by ind_prs24022022_1.pdf
223,Nifty Midcap 150,SRF,2016-04-01,2022-03-31,,snapshot_floor,,closed by ind_prs24022022_1.pdf
223,Nifty Midcap 150,SUVENPHAR,2021-03-31,2022-03-31,,press_release,https://niftyindices.com/Press_Release/ind_prs23022021.pdf,closed by ind_prs24022022_1.pdf
223,Nifty Midcap 150,TTKPRESTIG,2019-09-27,2022-03-31,,press_release,https://niftyindices.com/Press_Release/ind_prs17092019.pdf,closed by ind_prs24022022_1.pdf
223,Nifty Midcap 150,VAIBHAVGBL,2021-09-30,2022-03-31,,press_release,https://niftyindices.com/Press_Release/ind_prs15092021.pdf,closed by ind_prs24022022_1.pdf
223,Nifty Midcap 150,ZYDUSWELL,2020-09-25,2022-03-31,,press_release,https://niftyindices.com/Press_Release/ind_prs20082020.pdf,closed by ind_prs24022022_1.pdf
223,Nifty Midcap 150,AARTIIND,2019-12-27,2022-05-04,,press_release,https://niftyindices.com/Press_Release/ind_prs16122019.pdf,closed by ind_prs05042022.pdf
223,Nifty Midcap 150,ATGL,2019-09-27,2022-09-30,,press_release,https://niftyindices.com/Press_Release/ind_prs28082019.pdf,closed by ind_prs01092022.pdf
223,Nifty Midcap 150,APOLLOTYRE,2016-04-01,2022-09-30,,snapshot_floor,,closed by ind_prs01092022.pdf
223,Nifty Midcap 150,BEL,2019-03-29,2022-09-30,,press_release,https://niftyindices.com/Press_Release/ind_prs25022019.pdf,closed by ind_prs01092022.pdf
223,Nifty Midcap 150,EXIDEIND,2016-04-01,2022-09-30,,snapshot_floor,,closed by ind_prs01092022.pdf
223,Nifty Midcap 150,GLENMARK,2018-04-02,2022-09-30,,press_release,https://niftyindices.com/Press_Release/ind_prs21022018.pdf,closed by ind_prs01092022.pdf
223,Nifty Midcap 150,HAL,2018-09-28,2022-09-30,,press_release,https://niftyindices.com/Press_Release/ind_prs28082018.pdf,closed by ind_prs01092022.pdf
223,Nifty Midcap 150,IDBI,2022-03-31,2022-09-30,,press_release,https://niftyindices.com/Press_Release/ind_prs24022022_1.pdf,closed by ind_prs01092022.pdf
223,Nifty Midcap 150,IRCTC,2020-06-26,2022-09-30,,press_release,https://niftyindices.com/Press_Release/ind_prs10062020.pdf,closed by ind_prs01092022.pdf
223,Nifty Midcap 150,MANAPPURAM,2017-03-31,2022-09-30,,press_release,https://niftyindices.com/Press_Release/ind_prs16022017.pdf,closed by ind_prs01092022.pdf
223,Nifty Midcap 150,METROPOLIS,2020-09-25,2022-09-30,,press_release,https://niftyindices.com/Press_Release/ind_prs20082020.pdf,closed by ind_prs01092022.pdf
223,Nifty Midcap 150,MPHASIS,2016-04-01,2022-09-30,,snapshot_floor,,closed by ind_prs01092022.pdf
223,Nifty Midcap 150,NUVOCO,2022-03-31,2022-09-30,,press_release,https://niftyindices.com/Press_Release/ind_prs24022022_1.pdf,closed by ind_prs01092022.pdf
223,Nifty Midcap 150,PVR,2016-04-01,2023-02-06,,snapshot_floor,,closed by manual_pvr_inox_merger.json
223,Nifty Midcap 150,ABB,2020-06-26,2023-03-31,,press_release,https://niftyindices.com/Press_Release/ind_prs10062020.pdf,closed by ind_prs17022023_1.pdf
223,Nifty Midcap 150,AWL,2022-09-30,2023-03-31,,press_release,https://niftyindices.com/Press_Release/ind_prs01092022.pdf,closed by ind_prs17022023_1.pdf
223,Nifty Midcap 150,APLLTD,2016-04-01,2023-03-31,,snapshot_floor,,closed by ind_prs17022023_1.pdf
223,Nifty Midcap 150,CANBK,2016-04-01,2023-03-31,,snapshot_floor,,closed by ind_prs17022023_1.pdf
223,Nifty Midcap 150,GSPL,2016-04-01,2023-03-31,,snapshot_floor,,closed by ind_prs17022023_1.pdf
223,Nifty Midcap 150,HATSUN,2018-02-05,2023-03-31,,press_release,https://niftyindices.com/Press_Release/ind_prs08012018.pdf,closed by ind_prs17022023_1.pdf
223,Nifty Midcap 150,INDIAMART,2021-03-31,2023-03-31,,press_release,https://niftyindices.com/Press_Release/ind_prs23022021.pdf,closed by ind_prs17022023_1.pdf
223,Nifty Midcap 150,IEX,2022-03-31,2023-03-31,,press_release,https://niftyindices.com/Press_Release/ind_prs24022022_1.pdf,closed by ind_prs17022023_1.pdf
223,Nifty Midcap 150,NATCOPHARM,2016-04-01,2023-03-31,,snapshot_floor,,closed by ind_prs17022023_1.pdf
223,Nifty Midcap 150,NATIONALUM,2021-09-30,2023-03-31,,press_release,https://niftyindices.com/Press_Release/ind_prs15092021.pdf,closed by ind_prs17022023_1.pdf
223,Nifty Midcap 150,PAGEIND,2020-09-25,2023-03-31,,press_release,https://niftyindices.com/Press_Release/ind_prs20082020.pdf,closed by ind_prs17022023_1.pdf
223,Nifty Midcap 150,SANOFI,2016-04-01,2023-03-31,,snapshot_floor,,closed by ind_prs17022023_1.pdf
223,Nifty Midcap 150,VBL,2017-09-29,2023-03-31,,press_release,https://niftyindices.com/Press_Release/ind_prs28082017.pdf,closed by ind_prs17022023_1.pdf
223,Nifty Midcap 150,AAVAS,2019-09-27,2023-09-29,,press_release,https://niftyindices.com/Press_Release/ind_prs28082019.pdf,closed by ind_prs17082023.pdf
223,Nifty Midcap 150,AFFLE,2021-09-30,2023-09-29,,press_release,https://niftyindices.com/Press_Release/ind_prs15092021.pdf,closed by ind_prs17082023.pdf
223,Nifty Midcap 150,ALKYLAMINE,2021-09-30,2023-09-29,,press_release,https://niftyindices.com/Press_Release/ind_prs15092021.pdf,closed by ind_prs17082023.pdf
223,Nifty Midcap 150,CLEAN,2022-03-31,2023-09-29,,press_release,https://niftyindices.com/Press_Release/ind_prs24022022_1.pdf,closed by ind_prs17082023.pdf
223,Nifty Midcap 150,FINEORG,2023-03-31,2023-09-29,,press_release,https://niftyindices.com/Press_Release/ind_prs17022023_1.pdf,closed by ind_prs17082023.pdf
223,Nifty Midcap 150,HAPPSTMNDS,2022-03-31,2023-09-29,,press_release,https://niftyindices.com/Press_Release/ind_prs24022022_1.pdf,closed by ind_prs17082023.pdf
223,Nifty Midcap 150,NAM-INDIA,2018-09-28,2023-09-29,,press_release,https://niftyindices.com/Press_Release/ind_prs28082018.pdf,closed by ind_prs17082023.pdf
223,Nifty Midcap 150,PNB,2022-09-30,2023-09-29,,press_release,https://niftyindices.com/Press_Release/ind_prs01092022.pdf,closed by ind_prs17082023.pdf
223,Nifty Midcap 150,SHRIRAMFIN,2020-09-25,2023-09-29,,press_release,https://niftyindices.com/Press_Release/ind_prs20082020.pdf,closed by ind_prs17082023.pdf
223,Nifty Midcap 150,TTML,2022-03-31,2023-09-29,,press_release,https://niftyindices.com/Press_Release/ind_prs24022022_1.pdf,closed by ind_prs17082023.pdf
223,Nifty Midcap 150,TRENT,2016-04-01,2023-09-29,,snapshot_floor,,closed by ind_prs17082023.pdf
223,Nifty Midcap 150,TVSMOTOR,2016-04-01,2023-09-29,,snapshot_floor,,closed by ind_prs17082023.pdf
223,Nifty Midcap 150,ZYDUSLIFE,2022-09-30,2023-09-29,,press_release,https://niftyindices.com/Press_Release/ind_prs01092022.pdf,closed by ind_prs17082023.pdf
223,Nifty Midcap 150,AARTIIND,2023-03-31,2024-03-28,,press_release,https://niftyindices.com/Press_Release/ind_prs17022023_1.pdf,closed by ind_prs28022024.pdf
223,Nifty Midcap 150,ADANIPOWER,2023-03-31,2024-03-28,,press_release,https://niftyindices.com/Press_Release/ind_prs17022023_1.pdf,closed by ind_prs28022024.pdf
223,Nifty Midcap 150,BLUEDART,2021-09-30,2024-03-28,,press_release,https://niftyindices.com/Press_Release/ind_prs23082021.pdf,closed by ind_prs28022024.pdf
223,Nifty Midcap 150,CROMPTON,2016-04-01,2024-03-28,,snapshot_floor,,closed by ind_prs28022024.pdf
223,Nifty Midcap 150,IRFC,2021-09-30,2024-03-28,,press_release,https://niftyindices.com/Press_Release/ind_prs15092021.pdf,closed by ind_prs28022024.pdf
223,Nifty Midcap 150,NAVINFLUOR,2020-09-25,2024-03-28,,press_release,https://niftyindices.com/Press_Release/ind_prs20082020.pdf,closed by ind_prs28022024.pdf
223,Nifty Midcap 150,PFIZER,2016-04-01,2024-03-28,,snapshot_floor,,closed by ind_prs28022024.pdf
223,Nifty Midcap 150,PFC,2021-03-31,2024-03-28,,press_release,https://niftyindices.com/Press_Release/ind_prs23022021.pdf,closed by ind_prs28022024.pdf
223,Nifty Midcap 150,RAJESHEXPO,2016-04-01,2024-03-28,,snapshot_floor,,closed by ind_prs28022024.pdf
223,Nifty Midcap 150,RECLTD,2018-09-28,2024-03-28,,press_release,https://niftyindices.com/Press_Release/ind_prs28082018.pdf,closed by ind_prs28022024.pdf
223,Nifty Midcap 150,RELAXO,2019-03-29,2024-03-28,,press_release,https://niftyindices.com/Press_Release/ind_prs25022019.pdf,closed by ind_prs28022024.pdf
223,Nifty Midcap 150,TRIDENT,2022-03-31,2024-03-28,,press_release,https://niftyindices.com/Press_Release/ind_prs24022022_1.pdf,closed by ind_prs28022024.pdf
223,Nifty Midcap 150,VINATIORGA,2019-09-27,2024-03-28,,press_release,https://niftyindices.com/Press_Release/ind_prs28082019.pdf,closed by ind_prs28022024.pdf
223,Nifty Midcap 150,WHIRLPOOL,2016-04-01,2024-03-28,,snapshot_floor,,closed by ind_prs28022024.pdf
223,Nifty Midcap 150,ATUL,2019-03-29,2024-09-30,,press_release,https://niftyindices.com/Press_Release/ind_prs25022019.pdf,closed by ind_prs23082024.pdf
223,Nifty Midcap 150,BATAINDIA,2016-04-01,2024-09-30,,snapshot_floor,,closed by ind_prs23082024.pdf
223,Nifty Midcap 150,BHEL,2019-09-27,2024-09-30,,press_release,https://niftyindices.com/Press_Release/ind_prs28082019.pdf,closed by ind_prs23082024.pdf
223,Nifty Midcap 150,DEVYANI,2022-09-30,2024-09-30,,press_release,https://niftyindices.com/Press_Release/ind_prs01092022.pdf,closed by ind_prs23082024.pdf
223,Nifty Midcap 150,LALPATHLAB,2019-12-27,2024-09-30,,press_release,https://niftyindices.com/Press_Release/ind_prs16122019.pdf,closed by ind_prs23082024.pdf
223,Nifty Midcap 150,ISEC,2018-09-28,2024-09-30,,press_release,https://niftyindices.com/Press_Release/ind_prs28082018.pdf,closed by ind_prs23082024.pdf
223,Nifty Midcap 150,JSWENERGY,2016-04-01,2024-09-30,,snapshot_floor,,closed by ind_prs23082024.pdf
223,Nifty Midcap 150,KAJARIACER,2021-09-30,2024-09-30,,press_release,https://niftyindices.com/Press_Release/ind_prs15092021.pdf,closed by ind_prs23082024.pdf
223,Nifty Midcap 150,KANSAINER,2016-04-01,2024-09-30,,snapshot_floor,,closed by ind_prs23082024.pdf
223,Nifty Midcap 150,LAURUSLABS,2021-03-31,2024-09-30,,press_release,https://niftyindices.com/Press_Release/ind_prs23022021.pdf,closed by ind_prs23082024.pdf
223,Nifty Midcap 150,LODHA,2021-09-30,2024-09-30,,press_release,https://niftyindices.com/Press_Release/ind_prs15092021.pdf,closed by ind_prs23082024.pdf
223,Nifty Midcap 150,NHPC,2020-09-25,2024-09-30,,press_release,https://niftyindices.com/Press_Release/ind_prs20082020.pdf,closed by ind_prs23082024.pdf
223,Nifty Midcap 150,PEL,2023-03-31,2024-09-30,,press_release,https://niftyindices.com/Press_Release/ind_prs17022023_1.pdf,closed by ind_prs23082024.pdf
223,Nifty Midcap 150,SUMICHEM,2020-06-26,2024-09-30,,press_release,https://niftyindices.com/Press_Release/ind_prs10062020.pdf,closed by ind_prs23082024.pdf
223,Nifty Midcap 150,RAMCOCEM,2016-04-01,2024-09-30,,snapshot_floor,,closed by ind_prs23082024.pdf
223,Nifty Midcap 150,UNIONBANK,2016-04-01,2024-09-30,,snapshot_floor,,closed by ind_prs23082024.pdf
223,Nifty Midcap 150,MANYAVAR,2022-09-30,2024-09-30,,press_release,https://niftyindices.com/Press_Release/ind_prs01092022.pdf,closed by ind_prs23082024.pdf
223,Nifty Midcap 150,IDEA,2020-06-26,2024-09-30,,press_release,https://niftyindices.com/Press_Release/ind_prs10062020.pdf,closed by ind_prs23082024.pdf
223,Nifty Midcap 150,ZEEL,2020-09-25,2024-09-30,,press_release,https://niftyindices.com/Press_Release/ind_prs20082020.pdf,closed by ind_prs23082024.pdf
223,Nifty Midcap 150,BAYERCROP,2019-09-27,2025-03-28,,press_release,https://niftyindices.com/Press_Release/ind_prs28082019.pdf,closed by ind_prs21022025.pdf
223,Nifty Midcap 150,CARBORUNIV,2023-09-29,2025-03-28,,press_release,https://niftyindices.com/Press_Release/ind_prs17082023.pdf,closed by ind_prs21022025.pdf
223,Nifty Midcap 150,CGPOWER,2022-03-31,2025-03-28,,press_release,https://niftyindices.com/Press_Release/ind_prs24022022_1.pdf,closed by ind_prs21022025.pdf
223,Nifty Midcap 150,DELHIVERY,2022-08-08,2025-03-28,,press_release,https://niftyindices.com/Press_Release/ind_prs11072022.pdf,closed by ind_prs21022025.pdf
223,Nifty Midcap 150,FACT,2023-09-29,2025-03-28,,press_release,https://niftyindices.com/Press_Release/ind_prs17082023.pdf,closed by ind_prs21022025.pdf
223,Nifty Midcap 150,GRINDWELL,2022-03-31,2025-03-28,,press_release,https://niftyindices.com/Press_Release/ind_prs24022022_1.pdf,closed by ind_prs21022025.pdf
223,Nifty Midcap 150,IDBI,2024-03-28,2025-03-28,,press_release,https://niftyindices.com/Press_Release/ind_prs28022024.pdf,closed by ind_prs21022025.pdf
223,Nifty Midcap 150,INDHOTEL,2016-04-01,2025-03-28,,snapshot_floor,,closed by ind_prs21022025.pdf
223,Nifty Midcap 150,IOB,2024-09-30,2025-03-28,,press_release,https://niftyindices.com/Press_Release/ind_prs23082024.pdf,closed by ind_prs21022025.pdf
223,Nifty Midcap 150,METROBRAND,2023-03-31,2025-03-28,,press_release,https://niftyindices.com/Press_Release/ind_prs17022023_1.pdf,closed by ind_prs21022025.pdf
223,Nifty Midcap 150,POONAWALLA,2022-09-30,2025-03-28,,press_release,https://niftyindices.com/Press_Release/ind_prs01092022.pdf,closed by ind_prs21022025.pdf
223,Nifty Midcap 150,PGHH,2024-03-28,2025-03-28,,press_release,https://niftyindices.com/Press_Release/ind_prs28022024.pdf,closed by ind_prs21022025.pdf
223,Nifty Midcap 150,SKFINDIA,2016-04-01,2025-03-28,,snapshot_floor,,closed by ind_prs21022025.pdf
223,Nifty Midcap 150,SUNDRMFAST,2017-09-29,2025-03-28,,press_release,https://niftyindices.com/Press_Release/ind_prs28082017.pdf,closed by ind_prs21022025.pdf
223,Nifty Midcap 150,TATACHEM,2020-09-25,2025-03-28,,press_release,https://niftyindices.com/Press_Release/ind_prs20082020.pdf,closed by ind_prs21022025.pdf
223,Nifty Midcap 150,TIMKEN,2023-03-31,2025-03-28,,press_release,https://niftyindices.com/Press_Release/ind_prs17022023_1.pdf,closed by ind_prs21022025.pdf
223,Nifty Midcap 150,ZFCVINDIA,2021-09-30,2025-03-28,,press_release,https://niftyindices.com/Press_Release/ind_prs15092021.pdf,closed by ind_prs21022025.pdf
223,Nifty Midcap 150,ABFRL,2016-04-01,2025-09-30,,snapshot_floor,,closed by ind_prs22082025.pdf
223,Nifty Midcap 150,BANDHANBNK,2023-03-31,2025-09-30,,press_release,https://niftyindices.com/Press_Release/ind_prs17022023_1.pdf,closed by ind_prs22082025.pdf
223,Nifty Midcap 150,EMAMILTD,2018-09-28,2025-09-30,,press_release,https://niftyindices.com/Press_Release/ind_prs28082018.pdf,closed by ind_prs22082025.pdf
223,Nifty Midcap 150,GLAND,2023-03-31,2025-09-30,,press_release,https://niftyindices.com/Press_Release/ind_prs17022023_1.pdf,closed by ind_prs22082025.pdf
223,Nifty Midcap 150,HINDZINC,2021-03-31,2025-09-30,,press_release,https://niftyindices.com/Press_Release/ind_prs23022021.pdf,closed by ind_prs22082025.pdf
223,Nifty Midcap 150,MRPL,2024-09-30,2025-09-30,,press_release,https://niftyindices.com/Press_Release/ind_prs23082024.pdf,closed by ind_prs22082025.pdf
223,Nifty Midcap 150,MAXHEALTH,2021-03-31,2025-09-30,,press_release,https://niftyindices.com/Press_Release/ind_prs23022021.pdf,closed by ind_prs22082025.pdf
223,Nifty Midcap 150,MAZDOCK,2023-09-29,2025-09-30,,press_release,https://niftyindices.com/Press_Release/ind_prs17082023.pdf,closed by ind_prs22082025.pdf
223,Nifty Midcap 150,MOTHERSON,2022-09-30,2025-09-30,,press_release,https://niftyindices.com/Press_Release/ind_prs01092022.pdf,closed by ind_prs22082025.pdf
223,Nifty Midcap 150,OLAELEC,2025-03-28,2025-09-30,,press_release,https://niftyindices.com/Press_Release/ind_prs21022025.pdf,closed by ind_prs22082025.pdf
223,Nifty Midcap 150,SOLARINDS,2016-04-01,2025-09-30,,snapshot_floor,,closed by ind_prs22082025.pdf
223,Nifty Midcap 150,STARHEALTH,2022-03-31,2025-09-30,,press_release,https://niftyindices.com/Press_Release/ind_prs24022022_1.pdf,closed by ind_prs22082025.pdf
223,Nifty Midcap 150,SUNTV,2019-03-29,2025-09-30,,press_release,https://niftyindices.com/Press_Release/ind_prs25022019.pdf,closed by ind_prs22082025.pdf
223,Nifty Midcap 150,CUMMINSIND,2018-09-28,2026-03-30,,press_release,https://niftyindices.com/Press_Release/ind_prs28082018.pdf,closed by ind_prs23022026.pdf
223,Nifty Midcap 150,DEEPAKNTR,2021-03-31,2026-03-30,,press_release,https://niftyindices.com/Press_Release/ind_prs23022021.pdf,closed by ind_prs23022026.pdf
223,Nifty Midcap 150,FACT,2025-09-30,2026-03-30,,press_release,https://niftyindices.com/Press_Release/ind_prs22082025.pdf,closed by ind_prs23022026.pdf
223,Nifty Midcap 150,GUJGASLTD,2016-04-01,2026-03-30,,snapshot_floor,,closed by ind_prs23022026.pdf
223,Nifty Midcap 150,HDFCAMC,2023-09-29,2026-03-30,,press_release,https://niftyindices.com/Press_Release/ind_prs17082023.pdf,closed by ind_prs23022026.pdf
223,Nifty Midcap 150,IDBI,2025-09-30,2026-03-30,,press_release,https://niftyindices.com/Press_Release/ind_prs22082025.pdf,closed by ind_prs23022026.pdf
223,Nifty Midcap 150,IOB,2025-09-30,2026-03-30,,press_release,https://niftyindices.com/Press_Release/ind_prs22082025.pdf,closed by ind_prs23022026.pdf
223,Nifty Midcap 150,IGL,2022-03-31,2026-03-30,,press_release,https://niftyindices.com/Press_Release/ind_prs24022022_1.pdf,closed by ind_prs23022026.pdf
223,Nifty Midcap 150,IRB,2024-09-30,2026-03-30,,press_release,https://niftyindices.com/Press_Release/ind_prs23082024.pdf,closed by ind_prs23022026.pdf
223,Nifty Midcap 150,MUTHOOTFIN,2024-03-28,2026-03-30,,press_release,https://niftyindices.com/Press_Release/ind_prs28022024.pdf,closed by ind_prs23022026.pdf
223,Nifty Midcap 150,PGHH,2025-09-30,2026-03-30,,press_release,https://niftyindices.com/Press_Release/ind_prs22082025.pdf,closed by ind_prs23022026.pdf
223,Nifty Midcap 150,SONACOMS,2021-10-29,2026-03-30,,press_release,https://niftyindices.com/Press_Release/ind_prs22102021.pdf,closed by ind_prs23022026.pdf
223,Nifty Midcap 150,SYNGENE,2016-04-01,2026-03-30,,snapshot_floor,,closed by ind_prs23022026.pdf
223,Nifty Midcap 150,TATATECH,2024-03-28,2026-03-30,,press_release,https://niftyindices.com/Press_Release/ind_prs28022024.pdf,closed by ind_prs23022026.pdf
223,Nifty Midcap 150,UCOBANK,2025-09-30,2026-03-30,,press_release,https://niftyindices.com/Press_Release/ind_prs22082025.pdf,closed by ind_prs23022026.pdf
223,Nifty Midcap 150,UNIONBANK,2025-03-28,2026-03-30,,press_release,https://niftyindices.com/Press_Release/ind_prs21022025.pdf,closed by ind_prs23022026.pdf
223,Nifty Midcap 150,M&MFIN,2016-04-01,,,snapshot_floor,,
223,Nifty Midcap 150,GODREJIND,2016-04-01,,,snapshot_floor,,
223,Nifty Midcap 150,BALKRISIND,2016-04-01,,,snapshot_floor,,
223,Nifty Midcap 150,FEDERALBNK,2016-04-01,,,snapshot_floor,,
223,Nifty Midcap 150,VOLTAS,2016-04-01,,,snapshot_floor,,
223,Nifty Midcap 150,AIAENG,2016-04-01,,,snapshot_floor,,
223,Nifty Midcap 150,OBEROIRLTY,2016-04-01,,,snapshot_floor,,
223,Nifty Midcap 150,TORNTPOWER,2016-04-01,,,snapshot_floor,,
223,Nifty Midcap 150,360ONE,2016-04-01,,,snapshot_floor,,
223,Nifty Midcap 150,THERMAX,2016-04-01,,,snapshot_floor,,
223,Nifty Midcap 150,COROMANDEL,2016-04-01,,,snapshot_floor,,
223,Nifty Midcap 150,GODREJPROP,2016-04-01,,,snapshot_floor,,
223,Nifty Midcap 150,CRISIL,2016-04-01,,,snapshot_floor,,
223,Nifty Midcap 150,PHOENIXLTD,2016-04-01,,,snapshot_floor,,
223,Nifty Midcap 150,BANKINDIA,2016-04-01,,,snapshot_floor,,
223,Nifty Midcap 150,AJANTPHARM,2016-04-01,,,snapshot_floor,,
223,Nifty Midcap 150,IDFCFIRSTB,2016-04-01,,,snapshot_floor,,
223,Nifty Midcap 150,3MINDIA,2016-04-01,,,snapshot_floor,,
223,Nifty Midcap 150,PRESTIGE,2016-04-01,,,snapshot_floor,,
223,Nifty Midcap 150,SUPREMEIND,2016-04-01,,,snapshot_floor,,
223,Nifty Midcap 150,BHARATFORG,2017-03-31,,,press_release,https://niftyindices.com/Press_Release/ind_prs16022017.pdf,
223,Nifty Midcap 150,ENDURANCE,2017-03-31,,,press_release,https://niftyindices.com/Press_Release/ind_prs16022017.pdf,
223,Nifty Midcap 150,LTTS,2017-03-31,,,press_release,https://niftyindices.com/Press_Release/ind_prs16022017.pdf,
223,Nifty Midcap 150,MFSL,2017-09-29,,,press_release,https://niftyindices.com/Press_Release/ind_prs29082017.pdf,
223,Nifty Midcap 150,AUBANK,2017-11-13,,,press_release,https://niftyindices.com/Press_Release/ind_prs03112017.pdf,
223,Nifty Midcap 150,TIFIN,2018-02-05,2018-03-31,,press_release,https://niftyindices.com/Press_Release/ind_prs08012018.pdf,"inferred-exclude: not in NSE current snapshot, no PR found (closed at next semi-annual review)"
223,Nifty Midcap 150,GSKCONS,2018-04-02,2018-09-30,,press_release,https://niftyindices.com/Press_Release/ind_prs21022018.pdf,"inferred-exclude: not in NSE current snapshot, no PR found (closed at next semi-annual review)"
223,Nifty Midcap 150,GLAXO,2018-04-02,,,press_release,https://niftyindices.com/Press_Release/ind_prs21022018.pdf,
223,Nifty Midcap 150,GODREJAGRO,2018-04-02,2018-09-30,,press_release,https://niftyindices.com/Press_Release/ind_prs21022018.pdf,"inferred-exclude: not in NSE current snapshot, no PR found (closed at next semi-annual review)"
223,Nifty Midcap 150,HONAUT,2018-04-02,,,press_release,https://niftyindices.com/Press_Release/ind_prs21022018.pdf,
223,Nifty Midcap 150,TATAPOWER,2018-04-02,2018-09-30,,press_release,https://niftyindices.com/Press_Release/ind_prs21022018.pdf,"inferred-exclude: not in NSE current snapshot, no PR found (closed at next semi-annual review)"
223,Nifty Midcap 150,ASTRAL,2018-09-28,,,press_release,https://niftyindices.com/Press_Release/ind_prs28082018.pdf,
223,Nifty Midcap 150,ESCORTS,2018-09-28,,,press_release,https://niftyindices.com/Press_Release/ind_prs28082018.pdf,
223,Nifty Midcap 150,SUNDARMFIN,2018-09-28,,,press_release,https://niftyindices.com/Press_Release/ind_prs28082018.pdf,
223,Nifty Midcap 150,BBTC,2018-12-28,2019-03-31,,press_release,https://niftyindices.com/Press_Release/ind_prs14122018.pdf,"inferred-exclude: not in NSE current snapshot, no PR found (closed at next semi-annual review)"
223,Nifty Midcap 150,ABCAPITAL,2019-03-29,,,press_release,https://niftyindices.com/Press_Release/ind_prs25022019.pdf,
223,Nifty Midcap 150,IPCALAB,2019-03-29,,,press_release,https://niftyindices.com/Press_Release/ind_prs25022019.pdf,
223,Nifty Midcap 150,LICHSGFIN,2019-03-29,,,press_release,https://niftyindices.com/Press_Release/ind_prs25022019.pdf,
223,Nifty Midcap 150,OIL,2019-03-29,,,press_release,https://niftyindices.com/Press_Release/ind_prs25022019.pdf,
223,Nifty Midcap 150,DALBHARAT,2019-06-28,,,press_release,https://niftyindices.com/Press_Release/ind_prs13062019.pdf,
223,Nifty Midcap 150,CESC,2019-09-27,2019-09-30,,press_release,https://niftyindices.com/Press_Release/ind_prs28082019.pdf,"inferred-exclude: not in NSE current snapshot, no PR found (closed at next semi-annual review)"
223,Nifty Midcap 150,FORTIS,2019-09-27,,,press_release,https://niftyindices.com/Press_Release/ind_prs28082019.pdf,
223,Nifty Midcap 150,POLYCAB,2019-12-27,,,press_release,https://niftyindices.com/Press_Release/ind_prs16122019.pdf,
223,Nifty Midcap 150,SCHAEFFLER,2019-12-27,,,press_release,https://niftyindices.com/Press_Release/ind_prs16122019.pdf,
223,Nifty Midcap 150,AKZOINDIA,2020-06-26,2020-09-30,,press_release,https://niftyindices.com/Press_Release/ind_prs10062020.pdf,"inferred-exclude: not in NSE current snapshot, no PR found (closed at next semi-annual review)"
223,Nifty Midcap 150,ASHOKLEY,2020-06-26,,,press_release,https://niftyindices.com/Press_Release/ind_prs10062020.pdf,
223,Nifty Midcap 150,CREDITACC,2020-06-26,2020-09-30,,press_release,https://niftyindices.com/Press_Release/ind_prs10062020.pdf,"inferred-exclude: not in NSE current snapshot, no PR found (closed at next semi-annual review)"
223,Nifty Midcap 150,JKCEMENT,2020-06-26,,,press_release,https://niftyindices.com/Press_Release/ind_prs10062020.pdf,
223,Nifty Midcap 150,LTF,2020-06-26,,,press_release,https://niftyindices.com/Press_Release/ind_prs10062020.pdf,
223,Nifty Midcap 150,UNOMINDA,2020-06-26,,,press_release,https://niftyindices.com/Press_Release/ind_prs10062020.pdf,
223,Nifty Midcap 150,COFORGE,2020-06-26,,,press_release,https://niftyindices.com/Press_Release/ind_prs10062020.pdf,
223,Nifty Midcap 150,TATACOMM,2020-06-26,,,press_release,https://niftyindices.com/Press_Release/ind_prs10062020.pdf,
223,Nifty Midcap 150,NIACL,2020-06-26,,,press_release,https://niftyindices.com/Press_Release/ind_prs10062020.pdf,
223,Nifty Midcap 150,ASTRAZEN,2020-09-25,2020-09-30,,press_release,https://niftyindices.com/Press_Release/ind_prs20082020.pdf,"inferred-exclude: not in NSE current snapshot, no PR found (closed at next semi-annual review)"
223,Nifty Midcap 150,TIINDIA,2020-09-25,,,press_release,https://niftyindices.com/Press_Release/ind_prs20082020.pdf,
223,Nifty Midcap 150,BANKBARODA,2021-03-31,2021-09-30,,press_release,https://niftyindices.com/Press_Release/ind_prs23022021.pdf,"inferred-exclude: not in NSE current snapshot, no PR found (closed at next semi-annual review)"
223,Nifty Midcap 150,CONCOR,2021-03-31,,,press_release,https://niftyindices.com/Press_Release/ind_prs23022021.pdf,
223,Nifty Midcap 150,DIXON,2021-03-31,,,press_release,https://niftyindices.com/Press_Release/ind_prs23022021.pdf,
223,Nifty Midcap 150,GICRE,2021-03-31,,,press_release,https://niftyindices.com/Press_Release/ind_prs23022021.pdf,
223,Nifty Midcap 150,OFSS,2021-03-31,,,press_release,https://niftyindices.com/Press_Release/ind_prs23022021.pdf,
223,Nifty Midcap 150,PERSISTENT,2021-03-31,,,press_release,https://niftyindices.com/Press_Release/ind_prs23022021.pdf,
223,Nifty Midcap 150,TATAELXSI,2021-03-31,,,press_release,https://niftyindices.com/Press_Release/ind_prs23022021.pdf,
223,Nifty Midcap 150,ABBOTINDIA,2021-09-30,,,press_release,https://niftyindices.com/Press_Release/ind_prs15092021.pdf,
223,Nifty Midcap 150,ALKEM,2021-09-30,,,press_release,https://niftyindices.com/Press_Release/ind_prs15092021.pdf,
223,Nifty Midcap 150,APLAPOLLO,2021-09-30,,,press_release,https://niftyindices.com/Press_Release/ind_prs15092021.pdf,
223,Nifty Midcap 150,INDIANB,2021-09-30,,,press_release,https://niftyindices.com/Press_Release/ind_prs15092021.pdf,
223,Nifty Midcap 150,LINDEINDIA,2021-09-30,,,press_release,https://niftyindices.com/Press_Release/ind_prs15092021.pdf,
223,Nifty Midcap 150,MRF,2021-09-30,,,press_release,https://niftyindices.com/Press_Release/ind_prs15092021.pdf,
223,Nifty Midcap 150,PETRONET,2021-09-30,,,press_release,https://niftyindices.com/Press_Release/ind_prs15092021.pdf,
223,Nifty Midcap 150,UBL,2021-09-30,,,press_release,https://niftyindices.com/Press_Release/ind_prs15092021.pdf,
223,Nifty Midcap 150,AUROPHARMA,2022-03-31,,,press_release,https://niftyindices.com/Press_Release/ind_prs24022022_1.pdf,
223,Nifty Midcap 150,FLUOROCHEM,2022-03-31,,,press_release,https://niftyindices.com/Press_Release/ind_prs24022022_1.pdf,
223,Nifty Midcap 150,HINDPETRO,2022-03-31,,,press_release,https://niftyindices.com/Press_Release/ind_prs24022022_1.pdf,
223,Nifty Midcap 150,JINDALSTEL,2022-03-31,2022-09-30,,press_release,https://niftyindices.com/Press_Release/ind_prs24022022_1.pdf,"inferred-exclude: not in NSE current snapshot, no PR found (closed at next semi-annual review)"
223,Nifty Midcap 150,POLICYBZR,2022-03-31,,,press_release,https://niftyindices.com/Press_Release/ind_prs24022022_1.pdf,
223,Nifty Midcap 150,YESBANK,2022-03-31,,,press_release,https://niftyindices.com/Press_Release/ind_prs24022022_1.pdf,
223,Nifty Midcap 150,GMRAIRPORT,2022-05-04,,,press_release,https://niftyindices.com/Press_Release/ind_prs05042022.pdf,
223,Nifty Midcap 150,JUBLFOOD,2022-09-30,,,press_release,https://niftyindices.com/Press_Release/ind_prs01092022.pdf,
223,Nifty Midcap 150,KPRMILL,2022-09-30,,,press_release,https://niftyindices.com/Press_Release/ind_prs01092022.pdf,
223,Nifty Midcap 150,LUPIN,2022-09-30,,,press_release,https://niftyindices.com/Press_Release/ind_prs01092022.pdf,
223,Nifty Midcap 150,PATANJALI,2022-09-30,,,press_release,https://niftyindices.com/Press_Release/ind_prs01092022.pdf,
223,Nifty Midcap 150,SAIL,2022-09-30,,,press_release,https://niftyindices.com/Press_Release/ind_prs01092022.pdf,
223,Nifty Midcap 150,APOLLOTYRE,2023-03-31,,,press_release,https://niftyindices.com/Press_Release/ind_prs17022023_1.pdf,
223,Nifty Midcap 150,BIOCON,2023-03-31,,,press_release,https://niftyindices.com/Press_Release/ind_prs17022023_1.pdf,
223,Nifty Midcap 150,MPHASIS,2023-03-31,,,press_release,https://niftyindices.com/Press_Release/ind_prs17022023_1.pdf,
223,Nifty Midcap 150,NMDC,2023-03-31,,,press_release,https://niftyindices.com/Press_Release/ind_prs17022023_1.pdf,
223,Nifty Midcap 150,PAYTM,2023-03-31,,,press_release,https://niftyindices.com/Press_Release/ind_prs17022023_1.pdf,
223,Nifty Midcap 150,MANKIND,2023-07-13,,,press_release,https://niftyindices.com/Press_Release/ind_prs04072023.pdf,
223,Nifty Midcap 150,ACC,2023-09-29,,,press_release,https://niftyindices.com/Press_Release/ind_prs17082023.pdf,
223,Nifty Midcap 150,MAHABANK,2023-09-29,,,press_release,https://niftyindices.com/Press_Release/ind_prs17082023.pdf,
223,Nifty Midcap 150,BDL,2023-09-29,,,press_release,https://niftyindices.com/Press_Release/ind_prs17082023.pdf,
223,Nifty Midcap 150,NYKAA,2023-09-29,,,press_release,https://niftyindices.com/Press_Release/ind_prs17082023.pdf,
223,Nifty Midcap 150,INDUSTOWER,2023-09-29,,,press_release,https://niftyindices.com/Press_Release/ind_prs17082023.pdf,
223,Nifty Midcap 150,JSL,2023-09-29,,,press_release,https://niftyindices.com/Press_Release/ind_prs17082023.pdf,
223,Nifty Midcap 150,KPITTECH,2023-09-29,,,press_release,https://niftyindices.com/Press_Release/ind_prs17082023.pdf,
223,Nifty Midcap 150,PAGEIND,2023-09-29,,,press_release,https://niftyindices.com/Press_Release/ind_prs17082023.pdf,
223,Nifty Midcap 150,RVNL,2023-09-29,,,press_release,https://niftyindices.com/Press_Release/ind_prs17082023.pdf,
223,Nifty Midcap 150,AWL,2024-03-28,,,press_release,https://niftyindices.com/Press_Release/ind_prs28022024.pdf,
223,Nifty Midcap 150,IREDA,2024-09-30,,,press_release,https://niftyindices.com/Press_Release/ind_prs23082024.pdf,
223,Nifty Midcap 150,JSWINFRA,2024-03-28,,,press_release,https://niftyindices.com/Press_Release/ind_prs28022024.pdf,
223,Nifty Midcap 150,KALYANKJIL,2024-03-28,,,press_release,https://niftyindices.com/Press_Release/ind_prs28022024.pdf,
223,Nifty Midcap 150,KEI,2024-03-28,,,press_release,https://niftyindices.com/Press_Release/ind_prs28022024.pdf,
223,Nifty Midcap 150,LLOYDSME,2024-03-28,,,press_release,https://niftyindices.com/Press_Release/ind_prs28022024.pdf,
223,Nifty Midcap 150,PIIND,2024-03-28,,,press_release,https://niftyindices.com/Press_Release/ind_prs28022024.pdf,
223,Nifty Midcap 150,SJVN,2024-03-28,,,press_release,https://niftyindices.com/Press_Release/ind_prs28022024.pdf,
223,Nifty Midcap 150,SUZLON,2024-03-28,,,press_release,https://niftyindices.com/Press_Release/ind_prs28022024.pdf,
223,Nifty Midcap 150,UPL,2024-03-28,,,press_release,https://niftyindices.com/Press_Release/ind_prs28022024.pdf,
223,Nifty Midcap 150,BSE,2024-03-28,,,amendment,https://niftyindices.com/Press_Release/ind_prs19032024.pdf,
223,Nifty Midcap 150,BERGEPAINT,2024-09-30,,,press_release,https://niftyindices.com/Press_Release/ind_prs23082024.pdf,
223,Nifty Midcap 150,BHARTIHEXA,2024-09-30,,,press_release,https://niftyindices.com/Press_Release/ind_prs23082024.pdf,
223,Nifty Midcap 150,CENTRALBK,2024-09-30,2025-03-31,,press_release,https://niftyindices.com/Press_Release/ind_prs23082024.pdf,"inferred-exclude: not in NSE current snapshot, no PR found (closed at next semi-annual review)"
223,Nifty Midcap 150,COCHINSHIP,2024-09-30,,,press_release,https://niftyindices.com/Press_Release/ind_prs23082024.pdf,
223,Nifty Midcap 150,COLPAL,2024-09-30,,,press_release,https://niftyindices.com/Press_Release/ind_prs23082024.pdf,
223,Nifty Midcap 150,EXIDEIND,2024-09-30,,,press_release,https://niftyindices.com/Press_Release/ind_prs23082024.pdf,
223,Nifty Midcap 150,MEDANTA,2024-09-30,,,press_release,https://niftyindices.com/Press_Release/ind_prs23082024.pdf,
223,Nifty Midcap 150,POWERINDIA,2024-09-30,,,press_release,https://niftyindices.com/Press_Release/ind_prs23082024.pdf,
223,Nifty Midcap 150,HUDCO,2024-09-30,,,press_release,https://niftyindices.com/Press_Release/ind_prs23082024.pdf,
223,Nifty Midcap 150,MARICO,2024-09-30,,,press_release,https://niftyindices.com/Press_Release/ind_prs23082024.pdf,
223,Nifty Midcap 150,NAM-INDIA,2024-09-30,,,press_release,https://niftyindices.com/Press_Release/ind_prs23082024.pdf,
223,Nifty Midcap 150,NLCINDIA,2024-09-30,,,press_release,https://niftyindices.com/Press_Release/ind_prs23082024.pdf,
223,Nifty Midcap 150,SBICARD,2024-09-30,,,press_release,https://niftyindices.com/Press_Release/ind_prs23082024.pdf,
223,Nifty Midcap 150,SRF,2024-09-30,,,press_release,https://niftyindices.com/Press_Release/ind_prs23082024.pdf,
223,Nifty Midcap 150,TATAINVEST,2024-09-30,,,press_release,https://niftyindices.com/Press_Release/ind_prs23082024.pdf,
223,Nifty Midcap 150,ATGL,2025-03-28,,,press_release,https://niftyindices.com/Press_Release/ind_prs21022025.pdf,
223,Nifty Midcap 150,APARINDS,2025-03-28,,,press_release,https://niftyindices.com/Press_Release/ind_prs21022025.pdf,
223,Nifty Midcap 150,BHEL,2025-03-28,,,press_release,https://niftyindices.com/Press_Release/ind_prs21022025.pdf,
223,Nifty Midcap 150,BLUESTARCO,2025-03-28,,,press_release,https://niftyindices.com/Press_Release/ind_prs21022025.pdf,
223,Nifty Midcap 150,GVT&D,2025-03-28,,,press_release,https://niftyindices.com/Press_Release/ind_prs21022025.pdf,
223,Nifty Midcap 150,GLENMARK,2025-03-28,,,press_release,https://niftyindices.com/Press_Release/ind_prs21022025.pdf,
223,Nifty Midcap 150,IRCTC,2025-03-28,,,press_release,https://niftyindices.com/Press_Release/ind_prs21022025.pdf,
223,Nifty Midcap 150,MOTILALOFS,2025-03-28,,,press_release,https://niftyindices.com/Press_Release/ind_prs21022025.pdf,
223,Nifty Midcap 150,NATIONALUM,2025-03-28,,,press_release,https://niftyindices.com/Press_Release/ind_prs21022025.pdf,
223,Nifty Midcap 150,NHPC,2025-03-28,,,press_release,https://niftyindices.com/Press_Release/ind_prs21022025.pdf,
223,Nifty Midcap 150,NTPCGREEN,2025-03-28,,,press_release,https://niftyindices.com/Press_Release/ind_prs21022025.pdf,
223,Nifty Midcap 150,PREMIERENE,2025-03-28,,,press_release,https://niftyindices.com/Press_Release/ind_prs21022025.pdf,
223,Nifty Midcap 150,VMM,2025-03-28,,,press_release,https://niftyindices.com/Press_Release/ind_prs21022025.pdf,
223,Nifty Midcap 150,WAAREEENER,2025-03-28,,,press_release,https://niftyindices.com/Press_Release/ind_prs21022025.pdf,
223,Nifty Midcap 150,DABUR,2025-09-30,,,press_release,https://niftyindices.com/Press_Release/ind_prs22082025.pdf,
223,Nifty Midcap 150,GODFRYPHLP,2025-09-30,,,press_release,https://niftyindices.com/Press_Release/ind_prs22082025.pdf,
223,Nifty Midcap 150,HEROMOTOCO,2025-09-30,,,press_release,https://niftyindices.com/Press_Release/ind_prs22082025.pdf,
223,Nifty Midcap 150,HEXT,2025-09-30,,,press_release,https://niftyindices.com/Press_Release/ind_prs22082025.pdf,
223,Nifty Midcap 150,ICICIPRULI,2025-09-30,,,press_release,https://niftyindices.com/Press_Release/ind_prs22082025.pdf,
223,Nifty Midcap 150,INDUSINDBK,2025-09-30,,,press_release,https://niftyindices.com/Press_Release/ind_prs22082025.pdf,
223,Nifty Midcap 150,ITCHOTELS,2025-09-30,,,press_release,https://niftyindices.com/Press_Release/ind_prs22082025.pdf,
223,Nifty Midcap 150,SWIGGY,2025-09-30,,,press_release,https://niftyindices.com/Press_Release/ind_prs22082025.pdf,
223,Nifty Midcap 150,ANTHEM,2026-03-30,,,press_release,https://niftyindices.com/Press_Release/ind_prs23022026.pdf,
223,Nifty Midcap 150,AIIL,2026-03-30,,,press_release,https://niftyindices.com/Press_Release/ind_prs23022026.pdf,
223,Nifty Midcap 150,BAJAJHFL,2026-03-30,,,press_release,https://niftyindices.com/Press_Release/ind_prs23022026.pdf,
223,Nifty Midcap 150,GROWW,2026-03-30,,,press_release,https://niftyindices.com/Press_Release/ind_prs23022026.pdf,
223,Nifty Midcap 150,HAVELLS,2026-03-30,,,press_release,https://niftyindices.com/Press_Release/ind_prs23022026.pdf,
223,Nifty Midcap 150,HDBFS,2026-03-30,,,press_release,https://niftyindices.com/Press_Release/ind_prs23022026.pdf,
223,Nifty Midcap 150,ICICIGI,2026-03-30,,,press_release,https://niftyindices.com/Press_Release/ind_prs23022026.pdf,
223,Nifty Midcap 150,ICICIAMC,2026-03-30,,,press_release,https://niftyindices.com/Press_Release/ind_prs23022026.pdf,
223,Nifty Midcap 150,NAUKRI,2026-03-30,,,press_release,https://niftyindices.com/Press_Release/ind_prs23022026.pdf,
223,Nifty Midcap 150,JSWENERGY,2026-03-30,,,press_release,https://niftyindices.com/Press_Release/ind_prs23022026.pdf,
223,Nifty Midcap 150,LAURUSLABS,2026-03-30,,,press_release,https://niftyindices.com/Press_Release/ind_prs23022026.pdf,
223,Nifty Midcap 150,LENSKART,2026-03-30,,,press_release,https://niftyindices.com/Press_Release/ind_prs23022026.pdf,
223,Nifty Midcap 150,LGEINDIA,2026-03-30,,,press_release,https://niftyindices.com/Press_Release/ind_prs23022026.pdf,
223,Nifty Midcap 150,LICI,2026-03-30,,,press_release,https://niftyindices.com/Press_Release/ind_prs23022026.pdf,
223,Nifty Midcap 150,MCX,2026-03-30,,,press_release,https://niftyindices.com/Press_Release/ind_prs23022026.pdf,
223,Nifty Midcap 150,RADICO,2026-03-30,,,press_release,https://niftyindices.com/Press_Release/ind_prs23022026.pdf,
223,Nifty Midcap 150,IDEA,2026-03-31,,,snapshot,,"inferred-include: in NSE current snapshot, no PR found (opened at most-recent semi-annual review)"
227,Nifty Smallcap 250,ADVANTA,2016-04-01,2016-04-29,,snapshot_floor,,closed by ind_prs22042016.pdf
227,Nifty Smallcap 250,JINDALSAW,2016-04-01,2016-04-29,,snapshot_floor,,closed by ind_prs22042016.pdf
227,Nifty Smallcap 250,TCI,2016-04-01,2016-04-29,,snapshot_floor,,closed by ind_prs22042016.pdf
227,Nifty Smallcap 250,DISHMAN,2016-04-01,2017-01-23,,snapshot_floor,,closed by ind_prs16012017.pdf
227,Nifty Smallcap 250,OCL,2016-04-01,2017-01-23,,snapshot_floor,,closed by ind_prs16012017.pdf
227,Nifty Smallcap 250,SFCL,2016-04-01,2017-01-23,,snapshot_floor,,closed by ind_prs16012017.pdf
227,Nifty Smallcap 250,ALOKTEXT,2016-04-01,2017-03-31,,snapshot_floor,,closed by ind_prs16022017.pdf
227,Nifty Smallcap 250,BRFL,2016-04-01,2017-03-31,,snapshot_floor,,closed by ind_prs16022017.pdf
227,Nifty Smallcap 250,BRIGADE,2016-04-01,2017-03-31,,snapshot_floor,,closed by ind_prs16022017.pdf
227,Nifty Smallcap 250,DYNAMATECH,2016-04-01,2017-03-31,,snapshot_floor,,closed by ind_prs16022017.pdf
227,Nifty Smallcap 250,FLFL,2016-04-01,2017-03-31,,snapshot_floor,,closed by ind_prs16022017.pdf
227,Nifty Smallcap 250,INGERRAND,2016-04-01,2017-03-31,,snapshot_floor,,closed by ind_prs16022017.pdf
227,Nifty Smallcap 250,IPAPPM,2016-04-01,2017-03-31,,snapshot_floor,,closed by ind_prs16022017.pdf
227,Nifty Smallcap 250,JPPOWER,2016-04-01,2017-03-31,,snapshot_floor,,closed by ind_prs16022017.pdf
227,Nifty Smallcap 250,JPINFRATEC,2016-04-01,2017-03-31,,snapshot_floor,,closed by ind_prs16022017.pdf
227,Nifty Smallcap 250,JSWHL,2016-04-01,2017-03-31,,snapshot_floor,,closed by ind_prs16022017.pdf
227,Nifty Smallcap 250,KSBPUMPS,2016-04-01,2017-03-31,,snapshot_floor,,closed by ind_prs16022017.pdf
227,Nifty Smallcap 250,LAOPALA,2016-04-01,2017-03-31,,snapshot_floor,,closed by ind_prs16022017.pdf
227,Nifty Smallcap 250,LITL,2016-04-01,2017-03-31,,snapshot_floor,,closed by ind_prs16022017.pdf
227,Nifty Smallcap 250,LINDEINDIA,2016-04-01,2017-03-31,,snapshot_floor,,closed by ind_prs16022017.pdf
227,Nifty Smallcap 250,MAHLIFE,2016-04-01,2017-03-31,,snapshot_floor,,closed by ind_prs16022017.pdf
227,Nifty Smallcap 250,MANAPPURAM,2016-04-01,2017-03-31,,snapshot_floor,,closed by ind_prs16022017.pdf
227,Nifty Smallcap 250,MAYURUNIQ,2016-04-01,2017-03-31,,snapshot_floor,,closed by ind_prs16022017.pdf
227,Nifty Smallcap 250,MOTILALOFS,2016-04-01,2017-03-31,,snapshot_floor,,closed by ind_prs16022017.pdf
227,Nifty Smallcap 250,SEQUENT,2016-04-01,2017-03-31,,snapshot_floor,,closed by ind_prs16022017.pdf
227,Nifty Smallcap 250,SHOPERSTOP,2016-04-01,2017-03-31,,snapshot_floor,,closed by ind_prs16022017.pdf
227,Nifty Smallcap 250,SIMPLEXINF,2016-04-01,2017-03-31,,snapshot_floor,,closed by ind_prs16022017.pdf
227,Nifty Smallcap 250,SINTEX,2016-04-01,2017-03-31,,snapshot_floor,,closed by ind_prs16022017.pdf
227,Nifty Smallcap 250,SITINET,2016-04-01,2017-03-31,,snapshot_floor,,closed by ind_prs16022017.pdf
227,Nifty Smallcap 250,SUPRAJIT,2016-04-01,2017-03-31,,snapshot_floor,,closed by ind_prs16022017.pdf
227,Nifty Smallcap 250,FRETAIL,2017-03-31,2017-05-26,,press_release,https://niftyindices.com/Press_Release/ind_prs16022017.pdf,closed by ind_prs27042017.pdf
227,Nifty Smallcap 250,MGL,2017-03-31,2017-05-26,,press_release,https://niftyindices.com/Press_Release/ind_prs16022017.pdf,closed by ind_prs27042017.pdf
227,Nifty Smallcap 250,KRBL,2016-04-01,2017-06-23,,snapshot_floor,,closed by ind_prs15062017.pdf
227,Nifty Smallcap 250,ADANIENSOL,2016-04-01,2017-09-29,,snapshot_floor,,closed by ind_prs28082017.pdf
227,Nifty Smallcap 250,AMTEKAUTO,2016-04-01,2017-09-29,,snapshot_floor,,closed by ind_prs28082017.pdf
227,Nifty Smallcap 250,ANANTRAJ,2016-04-01,2017-09-29,,snapshot_floor,,closed by ind_prs28082017.pdf
227,Nifty Smallcap 250,ASAHIINDIA,2017-01-23,2017-09-29,,press_release,https://niftyindices.com/Press_Release/ind_prs16012017.pdf,closed by ind_prs28082017.pdf
227,Nifty Smallcap 250,FDC,2016-04-01,2017-09-29,,snapshot_floor,,closed by ind_prs28082017.pdf
227,Nifty Smallcap 250,FMGOETZE,2017-03-31,2017-09-29,,press_release,https://niftyindices.com/Press_Release/ind_prs16022017.pdf,closed by ind_prs28082017.pdf
227,Nifty Smallcap 250,FINCABLES,2016-04-01,2017-09-29,,snapshot_floor,,closed by ind_prs28082017.pdf
227,Nifty Smallcap 250,GRINDWELL,2016-04-01,2017-09-29,,snapshot_floor,,closed by ind_prs28082017.pdf
227,Nifty Smallcap 250,HMVL,2016-04-01,2017-09-29,,snapshot_floor,,closed by ind_prs28082017.pdf
227,Nifty Smallcap 250,JMFINANCIL,2016-04-01,2017-09-29,,snapshot_floor,,closed by ind_prs28082017.pdf
227,Nifty Smallcap 250,JMTAUTOLTD,2016-04-01,2017-09-29,,snapshot_floor,,closed by ind_prs28082017.pdf
227,Nifty Smallcap 250,KNRCON,2017-03-31,2017-09-29,,press_release,https://niftyindices.com/Press_Release/ind_prs16022017.pdf,closed by ind_prs28082017.pdf
227,Nifty Smallcap 250,NITINFIRE,2016-04-01,2017-09-29,,snapshot_floor,,closed by ind_prs28082017.pdf
227,Nifty Smallcap 250,ORISSAMINE,2016-04-01,2017-09-29,,snapshot_floor,,closed by ind_prs28082017.pdf
227,Nifty Smallcap 250,PUNJLLOYD,2016-04-01,2017-09-29,,snapshot_floor,,closed by ind_prs28082017.pdf
227,Nifty Smallcap 250,RATNAMANI,2017-03-31,2017-09-29,,press_release,https://niftyindices.com/Press_Release/ind_prs16022017.pdf,closed by ind_prs28082017.pdf
227,Nifty Smallcap 250,RIIL,2016-04-01,2017-09-29,,snapshot_floor,,closed by ind_prs28082017.pdf
227,Nifty Smallcap 250,ROLTA,2016-04-01,2017-09-29,,snapshot_floor,,closed by ind_prs28082017.pdf
227,Nifty Smallcap 250,RUCHISOYA,2016-04-01,2017-09-29,,snapshot_floor,,closed by ind_prs28082017.pdf
227,Nifty Smallcap 250,STCINDIA,2016-04-01,2017-09-29,,snapshot_floor,,closed by ind_prs28082017.pdf
227,Nifty Smallcap 250,SUNDRMFAST,2016-04-01,2017-09-29,,snapshot_floor,,closed by ind_prs28082017.pdf
227,Nifty Smallcap 250,TIDEWATER,2016-04-01,2017-09-29,,snapshot_floor,,closed by ind_prs28082017.pdf
227,Nifty Smallcap 250,TRITURBINE,2016-04-01,2017-09-29,,snapshot_floor,,closed by ind_prs28082017.pdf
227,Nifty Smallcap 250,VBL,2017-05-26,2017-09-29,,press_release,https://niftyindices.com/Press_Release/ind_prs27042017.pdf,closed by ind_prs28082017.pdf
227,Nifty Smallcap 250,VGUARD,2016-04-01,2017-09-29,,snapshot_floor,,closed by ind_prs28082017.pdf
227,Nifty Smallcap 250,VIJAYABANK,2016-04-01,2017-09-29,,snapshot_floor,,closed by ind_prs28082017.pdf
227,Nifty Smallcap 250,VSTIND,2016-04-01,2017-09-29,,snapshot_floor,,closed by ind_prs28082017.pdf
227,Nifty Smallcap 250,WONDERLA,2016-04-01,2017-09-29,,snapshot_floor,,closed by ind_prs28082017.pdf
227,Nifty Smallcap 250,ZYDUSWELL,2016-04-01,2017-09-29,,snapshot_floor,,closed by ind_prs28082017.pdf
227,Nifty Smallcap 250,SHILPI,2017-03-31,2017-11-13,,press_release,https://niftyindices.com/Press_Release/ind_prs16022017.pdf,closed by ind_prs03112017.pdf
227,Nifty Smallcap 250,GAYAPROJ,2016-04-01,2017-11-20,,snapshot_floor,,closed by ind_prs10112017.pdf
227,Nifty Smallcap 250,POLARIS,2016-04-01,2018-02-05,,snapshot_floor,,closed by ind_prs08012018.pdf
227,Nifty Smallcap 250,AHLUCONT,2016-04-01,2018-04-02,,snapshot_floor,,closed by ind_prs21022018.pdf
227,Nifty Smallcap 250,APARINDS,2016-04-01,2018-04-02,,snapshot_floor,,closed by ind_prs21022018.pdf
227,Nifty Smallcap 250,ASTRAZEN,2016-04-01,2018-04-02,,snapshot_floor,,closed by ind_prs21022018.pdf
227,Nifty Smallcap 250,AVANTIFEED,2016-04-01,2018-04-02,,snapshot_floor,,closed by ind_prs21022018.pdf
227,Nifty Smallcap 250,CORPBANK,2016-04-01,2018-04-02,,snapshot_floor,,closed by ind_prs21022018.pdf
227,Nifty Smallcap 250,DHANUKA,2016-04-01,2018-04-02,,snapshot_floor,,closed by ind_prs21022018.pdf
227,Nifty Smallcap 250,DBL,2017-03-31,2018-04-02,,press_release,https://niftyindices.com/Press_Release/ind_prs16022017.pdf,closed by ind_prs21022018.pdf
227,Nifty Smallcap 250,EPL,2016-04-01,2018-04-02,,snapshot_floor,,closed by ind_prs21022018.pdf
227,Nifty Smallcap 250,FCONSUMER,2016-04-01,2018-04-02,,snapshot_floor,,closed by ind_prs21022018.pdf
227,Nifty Smallcap 250,ICRA,2016-04-01,2018-04-02,,snapshot_floor,,closed by ind_prs21022018.pdf
227,Nifty Smallcap 250,IGARASHI,2016-04-01,2018-04-02,,snapshot_floor,,closed by ind_prs21022018.pdf
227,Nifty Smallcap 250,IBREALEST,2016-04-01,2018-04-02,,snapshot_floor,,closed by ind_prs21022018.pdf
227,Nifty Smallcap 250,DHANI,2017-09-29,2018-04-02,,press_release,https://niftyindices.com/Press_Release/ind_prs28082017.pdf,closed by ind_prs21022018.pdf
227,Nifty Smallcap 250,INGERRAND,2017-09-29,2018-04-02,,press_release,https://niftyindices.com/Press_Release/ind_prs28082017.pdf,closed by ind_prs21022018.pdf
227,Nifty Smallcap 250,LINDEINDIA,2017-09-29,2018-04-02,,press_release,https://niftyindices.com/Press_Release/ind_prs28082017.pdf,closed by ind_prs21022018.pdf
227,Nifty Smallcap 250,MONSANTO,2016-04-01,2018-04-02,,snapshot_floor,,closed by ind_prs21022018.pdf
227,Nifty Smallcap 250,NAVNETEDUL,2017-03-31,2018-04-02,,press_release,https://niftyindices.com/Press_Release/ind_prs16022017.pdf,closed by ind_prs21022018.pdf
227,Nifty Smallcap 250,SCHNEIDER,2016-04-01,2018-04-02,,snapshot_floor,,closed by ind_prs21022018.pdf
227,Nifty Smallcap 250,SHARDACROP,2016-04-01,2018-04-02,,snapshot_floor,,closed by ind_prs21022018.pdf
227,Nifty Smallcap 250,SHILPAMED,2016-04-01,2018-04-02,,snapshot_floor,,closed by ind_prs21022018.pdf
227,Nifty Smallcap 250,SNOWMAN,2016-04-01,2018-04-02,,snapshot_floor,,closed by ind_prs21022018.pdf
227,Nifty Smallcap 250,SOMANYCERA,2016-04-01,2018-04-02,,snapshot_floor,,closed by ind_prs21022018.pdf
227,Nifty Smallcap 250,STRTECH,2017-03-31,2018-04-02,,press_release,https://niftyindices.com/Press_Release/ind_prs16022017.pdf,closed by ind_prs21022018.pdf
227,Nifty Smallcap 250,SUPRAJIT,2017-09-29,2018-04-02,,press_release,https://niftyindices.com/Press_Release/ind_prs28082017.pdf,closed by ind_prs21022018.pdf
227,Nifty Smallcap 250,SUPPETRO,2017-09-29,2018-04-02,,press_release,https://niftyindices.com/Press_Release/ind_prs28082017.pdf,closed by ind_prs21022018.pdf
227,Nifty Smallcap 250,UNITEDBNK,2017-09-29,2018-04-02,,press_release,https://niftyindices.com/Press_Release/ind_prs28082017.pdf,closed by ind_prs21022018.pdf
227,Nifty Smallcap 250,VESUVIUS,2017-09-29,2018-04-02,,press_release,https://niftyindices.com/Press_Release/ind_prs28082017.pdf,closed by ind_prs21022018.pdf
227,Nifty Smallcap 250,ZENSARTECH,2016-04-01,2018-04-02,,snapshot_floor,,closed by ind_prs21022018.pdf
227,Nifty Smallcap 250,HTMEDIA,2016-04-01,2018-06-29,,snapshot_floor,,closed by ind_prs20062018.pdf
227,Nifty Smallcap 250,COX&KINGS,2016-04-01,2018-06-29,,snapshot_floor,,closed by ind_prs24052018.pdf
227,Nifty Smallcap 250,TECHNO,2016-04-01,2018-08-08,,snapshot_floor,,closed by ind_prs01082018.pdf
227,Nifty Smallcap 250,ABAN,2016-04-01,2018-09-28,,snapshot_floor,,closed by ind_prs28082018.pdf
227,Nifty Smallcap 250,ASAHIINDIA,2018-04-02,2018-09-28,,press_release,https://niftyindices.com/Press_Release/ind_prs21022018.pdf,closed by ind_prs28082018.pdf
227,Nifty Smallcap 250,ASTRAL,2016-04-01,2018-09-28,,snapshot_floor,,closed by ind_prs28082018.pdf
227,Nifty Smallcap 250,BAJAJHIND,2016-04-01,2018-09-28,,snapshot_floor,,closed by ind_prs28082018.pdf
227,Nifty Smallcap 250,BALLARPUR,2016-04-01,2018-09-28,,snapshot_floor,,closed by ind_prs28082018.pdf
227,Nifty Smallcap 250,BFUTILITIE,2016-04-01,2018-09-28,,snapshot_floor,,closed by ind_prs28082018.pdf
227,Nifty Smallcap 250,BGRENERGY,2016-04-01,2018-09-28,,snapshot_floor,,closed by ind_prs28082018.pdf
227,Nifty Smallcap 250,BHUSANSTL,2016-04-01,2018-09-28,,snapshot_floor,,closed by ind_prs28082018.pdf
227,Nifty Smallcap 250,BRFL,2017-09-29,2018-09-28,,press_release,https://niftyindices.com/Press_Release/ind_prs28082017.pdf,closed by ind_prs28082018.pdf
227,Nifty Smallcap 250,DBREALTY,2016-04-01,2018-09-28,,snapshot_floor,,closed by ind_prs28082018.pdf
227,Nifty Smallcap 250,ESCORTS,2016-04-01,2018-09-28,,snapshot_floor,,closed by ind_prs28082018.pdf
227,Nifty Smallcap 250,GATI,2016-04-01,2018-09-28,,snapshot_floor,,closed by ind_prs28082018.pdf
227,Nifty Smallcap 250,GRAPHITE,2018-04-02,2018-09-28,,press_release,https://niftyindices.com/Press_Release/ind_prs21022018.pdf,closed by ind_prs28082018.pdf
227,Nifty Smallcap 250,HEG,2018-04-02,2018-09-28,,press_release,https://niftyindices.com/Press_Release/ind_prs21022018.pdf,closed by ind_prs28082018.pdf
227,Nifty Smallcap 250,HDIL,2016-04-01,2018-09-28,,snapshot_floor,,closed by ind_prs28082018.pdf
227,Nifty Smallcap 250,JBFIND,2016-04-01,2018-09-28,,snapshot_floor,,closed by ind_prs28082018.pdf
227,Nifty Smallcap 250,JINDALPOLY,2016-04-01,2018-09-28,,snapshot_floor,,closed by ind_prs28082018.pdf
227,Nifty Smallcap 250,KESORAMIND,2016-04-01,2018-09-28,,snapshot_floor,,closed by ind_prs28082018.pdf
227,Nifty Smallcap 250,KITEX,2016-04-01,2018-09-28,,snapshot_floor,,closed by ind_prs28082018.pdf
227,Nifty Smallcap 250,KWALITY,2016-04-01,2018-09-28,,snapshot_floor,,closed by ind_prs28082018.pdf
227,Nifty Smallcap 250,MTNL,2016-04-01,2018-09-28,,snapshot_floor,,closed by ind_prs28082018.pdf
227,Nifty Smallcap 250,MARKSANS,2016-04-01,2018-09-28,,snapshot_floor,,closed by ind_prs28082018.pdf
227,Nifty Smallcap 250,RAMCOSYS,2016-04-01,2018-09-28,,snapshot_floor,,closed by ind_prs28082018.pdf
227,Nifty Smallcap 250,RTNPOWER,2016-04-01,2018-09-28,,snapshot_floor,,closed by ind_prs28082018.pdf
227,Nifty Smallcap 250,RELIGARE,2016-04-01,2018-09-28,,snapshot_floor,,closed by ind_prs28082018.pdf
227,Nifty Smallcap 250,SFL,2017-06-23,2018-09-28,,press_release,https://niftyindices.com/Press_Release/ind_prs15062017.pdf,closed by ind_prs28082018.pdf
227,Nifty Smallcap 250,SMLISUZU,2016-04-01,2018-09-28,,snapshot_floor,,closed by ind_prs28082018.pdf
227,Nifty Smallcap 250,UNITECH,2016-04-01,2018-09-28,,snapshot_floor,,closed by ind_prs28082018.pdf
227,Nifty Smallcap 250,ZEELEARN,2016-04-01,2018-09-28,,snapshot_floor,,closed by ind_prs28082018.pdf
227,Nifty Smallcap 250,KPIT,2016-04-01,2018-09-28,,snapshot_floor,,closed by ind_prs31082018.pdf
227,Nifty Smallcap 250,AARTIIND,2016-04-01,2018-12-28,,snapshot_floor,,closed by ind_prs14122018.pdf
227,Nifty Smallcap 250,BBTC,2016-04-01,2018-12-28,,snapshot_floor,,closed by ind_prs14122018.pdf
227,Nifty Smallcap 250,CAPF,2016-04-01,2018-12-28,,snapshot_floor,,closed by ind_prs14122018.pdf
227,Nifty Smallcap 250,HSIL,2016-04-01,2018-12-28,,snapshot_floor,,closed by ind_prs14122018.pdf
227,Nifty Smallcap 250,DENABANK,2016-04-01,2019-01-28,,snapshot_floor,,closed by ind_prs21012019.pdf
227,Nifty Smallcap 250,VIJAYABANK,2018-04-02,2019-01-28,,press_release,https://niftyindices.com/Press_Release/ind_prs21022018.pdf,closed by ind_prs21012019.pdf
227,Nifty Smallcap 250,ATUL,2016-04-01,2019-03-29,,snapshot_floor,,closed by ind_prs25022019.pdf
227,Nifty Smallcap 250,DEN,2016-04-01,2019-03-29,,snapshot_floor,,closed by ind_prs25022019.pdf
227,Nifty Smallcap 250,DREDGECORP,2016-04-01,2019-03-29,,snapshot_floor,,closed by ind_prs25022019.pdf
227,Nifty Smallcap 250,ERIS,2018-04-02,2019-03-29,,press_release,https://niftyindices.com/Press_Release/ind_prs21022018.pdf,closed by ind_prs25022019.pdf
227,Nifty Smallcap 250,EROSMEDIA,2016-04-01,2019-03-29,,snapshot_floor,,closed by ind_prs25022019.pdf
227,Nifty Smallcap 250,EVEREADY,2016-04-01,2019-03-29,,snapshot_floor,,closed by ind_prs25022019.pdf
227,Nifty Smallcap 250,GREENPLY,2016-04-01,2019-03-29,,snapshot_floor,,closed by ind_prs25022019.pdf
227,Nifty Smallcap 250,GUJFLUORO,2018-09-28,2019-03-29,,press_release,https://niftyindices.com/Press_Release/ind_prs28082018.pdf,closed by ind_prs25022019.pdf
227,Nifty Smallcap 250,GVKPIL,2016-04-01,2019-03-29,,snapshot_floor,,closed by ind_prs25022019.pdf
227,Nifty Smallcap 250,HCL-INSYS,2016-04-01,2019-03-29,,snapshot_floor,,closed by ind_prs25022019.pdf
227,Nifty Smallcap 250,HCC,2016-04-01,2019-03-29,,snapshot_floor,,closed by ind_prs25022019.pdf
227,Nifty Smallcap 250,IL&FSTRANS,2016-04-01,2019-03-29,,snapshot_floor,,closed by ind_prs25022019.pdf
227,Nifty Smallcap 250,ICIL,2016-04-01,2019-03-29,,snapshot_floor,,closed by ind_prs25022019.pdf
227,Nifty Smallcap 250,IPCALAB,2018-04-02,2019-03-29,,press_release,https://niftyindices.com/Press_Release/ind_prs21022018.pdf,closed by ind_prs25022019.pdf
227,Nifty Smallcap 250,JKIL,2016-04-01,2019-03-29,,snapshot_floor,,closed by ind_prs25022019.pdf
227,Nifty Smallcap 250,JPPOWER,2017-09-29,2019-03-29,,press_release,https://niftyindices.com/Press_Release/ind_prs28082017.pdf,closed by ind_prs25022019.pdf
227,Nifty Smallcap 250,JCHAC,2016-04-01,2019-03-29,,snapshot_floor,,closed by ind_prs25022019.pdf
227,Nifty Smallcap 250,MANPASAND,2016-04-01,2019-03-29,,snapshot_floor,,closed by ind_prs25022019.pdf
227,Nifty Smallcap 250,MCLEODRUSS,2016-04-01,2019-03-29,,snapshot_floor,,closed by ind_prs25022019.pdf
227,Nifty Smallcap 250,NAVKARCORP,2016-04-01,2019-03-29,,snapshot_floor,,closed by ind_prs25022019.pdf
227,Nifty Smallcap 250,PFS,2016-04-01,2019-03-29,,snapshot_floor,,closed by ind_prs25022019.pdf
227,Nifty Smallcap 250,RELAXO,2017-11-13,2019-03-29,,press_release,https://niftyindices.com/Press_Release/ind_prs03112017.pdf,closed by ind_prs25022019.pdf
227,Nifty Smallcap 250,RNAVAL,2016-04-01,2019-03-29,,snapshot_floor,,closed by ind_prs25022019.pdf
227,Nifty Smallcap 250,SADBHIN,2018-04-02,2019-03-29,,press_release,https://niftyindices.com/Press_Release/ind_prs21022018.pdf,closed by ind_prs25022019.pdf
227,Nifty Smallcap 250,TATASPONGE,2016-04-01,2019-03-29,,snapshot_floor,,closed by ind_prs25022019.pdf
227,Nifty Smallcap 250,TEXRAIL,2016-04-01,2019-03-29,,snapshot_floor,,closed by ind_prs25022019.pdf
227,Nifty Smallcap 250,TVSSRICHAK,2016-04-01,2019-03-29,,snapshot_floor,,closed by ind_prs25022019.pdf
227,Nifty Smallcap 250,UNICHEMLAB,2016-04-01,2019-03-29,,snapshot_floor,,closed by ind_prs25022019.pdf
227,Nifty Smallcap 250,EXCELCROP,2018-09-28,2019-04-15,,press_release,https://niftyindices.com/Press_Release/ind_prs28082018.pdf,closed by ind_prs08042019.pdf
227,Nifty Smallcap 250,MONSANTO,2018-09-28,2019-06-28,,press_release,https://niftyindices.com/Press_Release/ind_prs28082018.pdf,closed by ind_prs13062019.pdf
227,Nifty Smallcap 250,JETAIRWAYS,2017-03-31,2019-09-24,,press_release,https://niftyindices.com/Press_Release/ind_prs16022017.pdf,closed by ind_prs17092019_1.pdf
227,Nifty Smallcap 250,TTKPRESTIG,2018-09-28,2019-09-27,,press_release,https://niftyindices.com/Press_Release/ind_prs28082018.pdf,closed by ind_prs17092019.pdf
227,Nifty Smallcap 250,AAVAS,2019-03-29,2019-09-27,,press_release,https://niftyindices.com/Press_Release/ind_prs25022019.pdf,closed by ind_prs28082019.pdf
227,Nifty Smallcap 250,ALBK,2016-04-01,2019-09-27,,snapshot_floor,,closed by ind_prs28082019.pdf
227,Nifty Smallcap 250,CESC,2019-03-29,2019-09-27,,press_release,https://niftyindices.com/Press_Release/ind_prs25022019.pdf,closed by ind_prs28082019.pdf
227,Nifty Smallcap 250,CORPBANK,2019-01-28,2019-09-27,,press_release,https://niftyindices.com/Press_Release/ind_prs21012019.pdf,closed by ind_prs28082019.pdf
227,Nifty Smallcap 250,DEEPAKFERT,2016-04-01,2019-09-27,,snapshot_floor,,closed by ind_prs28082019.pdf
227,Nifty Smallcap 250,FORTIS,2018-12-28,2019-09-27,,press_release,https://niftyindices.com/Press_Release/ind_prs14122018.pdf,closed by ind_prs28082019.pdf
227,Nifty Smallcap 250,GDL,2016-04-01,2019-09-27,,snapshot_floor,,closed by ind_prs28082019.pdf
227,Nifty Smallcap 250,IOB,2018-04-02,2019-09-27,,press_release,https://niftyindices.com/Press_Release/ind_prs21022018.pdf,closed by ind_prs28082019.pdf
227,Nifty Smallcap 250,INDOCO,2016-04-01,2019-09-27,,snapshot_floor,,closed by ind_prs28082019.pdf
227,Nifty Smallcap 250,INOXWIND,2017-03-31,2019-09-27,,press_release,https://niftyindices.com/Press_Release/ind_prs16022017.pdf,closed by ind_prs28082019.pdf
227,Nifty Smallcap 250,JPASSOCIAT,2016-04-01,2019-09-27,,snapshot_floor,,closed by ind_prs28082019.pdf
227,Nifty Smallcap 250,ORIENTBANK,2016-04-01,2019-09-27,,snapshot_floor,,closed by ind_prs28082019.pdf
227,Nifty Smallcap 250,RKFORGE,2016-04-01,2019-09-27,,snapshot_floor,,closed by ind_prs28082019.pdf
227,Nifty Smallcap 250,RCOM,2018-04-02,2019-09-27,,press_release,https://niftyindices.com/Press_Release/ind_prs21022018.pdf,closed by ind_prs28082019.pdf
227,Nifty Smallcap 250,RHFL,2018-04-02,2019-09-27,,press_release,https://niftyindices.com/Press_Release/ind_prs21022018.pdf,closed by ind_prs28082019.pdf
227,Nifty Smallcap 250,RUPA,2017-09-29,2019-09-27,,press_release,https://niftyindices.com/Press_Release/ind_prs28082017.pdf,closed by ind_prs28082019.pdf
227,Nifty Smallcap 250,SHANKARA,2018-04-02,2019-09-27,,press_release,https://niftyindices.com/Press_Release/ind_prs21022018.pdf,closed by ind_prs28082019.pdf
227,Nifty Smallcap 250,SHARDACROP,2019-03-29,2019-09-27,,press_release,https://niftyindices.com/Press_Release/ind_prs25022019.pdf,closed by ind_prs28082019.pdf
227,Nifty Smallcap 250,SCI,2016-04-01,2019-09-27,,snapshot_floor,,closed by ind_prs28082019.pdf
227,Nifty Smallcap 250,SPTL,2018-04-02,2019-09-27,,press_release,https://niftyindices.com/Press_Release/ind_prs21022018.pdf,closed by ind_prs28082019.pdf
227,Nifty Smallcap 250,SREINFRA,2016-04-01,2019-09-27,,snapshot_floor,,closed by ind_prs28082019.pdf
227,Nifty Smallcap 250,TNPL,2016-04-01,2019-09-27,,snapshot_floor,,closed by ind_prs28082019.pdf
227,Nifty Smallcap 250,TATACOFFEE,2016-04-01,2019-09-27,,snapshot_floor,,closed by ind_prs28082019.pdf
227,Nifty Smallcap 250,TRITURBINE,2019-03-29,2019-09-27,,press_release,https://niftyindices.com/Press_Release/ind_prs25022019.pdf,closed by ind_prs28082019.pdf
227,Nifty Smallcap 250,UCOBANK,2016-04-01,2019-09-27,,snapshot_floor,,closed by ind_prs28082019.pdf
227,Nifty Smallcap 250,VINATIORGA,2016-04-01,2019-09-27,,snapshot_floor,,closed by ind_prs28082019.pdf
227,Nifty Smallcap 250,CGPOWER,2016-04-01,2019-12-26,,snapshot_floor,,closed by ind_prs18122019.pdf
227,Nifty Smallcap 250,COFFEEDAY,2016-04-01,2019-12-26,,snapshot_floor,,closed by ind_prs18122019.pdf
227,Nifty Smallcap 250,COX&KINGS,2019-03-29,2019-12-26,,press_release,https://niftyindices.com/Press_Release/ind_prs25022019.pdf,closed by ind_prs18122019.pdf
227,Nifty Smallcap 250,ANDHRABANK,2016-04-01,2019-12-27,,snapshot_floor,,closed by ind_prs16122019.pdf
227,Nifty Smallcap 250,LALPATHLAB,2018-04-02,2019-12-27,,press_release,https://niftyindices.com/Press_Release/ind_prs21022018.pdf,closed by ind_prs16122019.pdf
227,Nifty Smallcap 250,MAXINDIA,2017-03-31,2019-12-27,,press_release,https://niftyindices.com/Press_Release/ind_prs16022017.pdf,closed by ind_prs16122019.pdf
227,Nifty Smallcap 250,POLYCAB,2019-09-27,2019-12-27,,press_release,https://niftyindices.com/Press_Release/ind_prs28082019.pdf,closed by ind_prs16122019.pdf
227,Nifty Smallcap 250,SCHAEFFLER,2018-09-28,2019-12-27,,press_release,https://niftyindices.com/Press_Release/ind_prs28082018.pdf,closed by ind_prs16122019.pdf
227,Nifty Smallcap 250,SYNDIBANK,2018-04-02,2019-12-27,,press_release,https://niftyindices.com/Press_Release/ind_prs21022018.pdf,closed by ind_prs16122019.pdf
227,Nifty Smallcap 250,DEN,2019-09-27,2019-12-27,,press_release,https://niftyindices.com/Press_Release/ind_prs28082019.pdf,closed by ind_prs19122019.pdf
227,Nifty Smallcap 250,HATHWAY,2016-04-01,2019-12-27,,snapshot_floor,,closed by ind_prs19122019.pdf
227,Nifty Smallcap 250,SUVEN,2016-04-01,2020-01-16,,snapshot_floor,,closed by ind_prs09012020.pdf
227,Nifty Smallcap 250,ADANIGREEN,2018-12-28,2020-03-27,,press_release,https://niftyindices.com/Press_Release/ind_prs14122018.pdf,closed by ind_prs18022020.pdf
227,Nifty Smallcap 250,PVR,2016-04-01,2020-03-27,,snapshot_floor,,closed by ind_prs19032020.pdf
227,Nifty Smallcap 250,AKZOINDIA,2018-09-28,2020-06-26,,press_release,https://niftyindices.com/Press_Release/ind_prs28082018.pdf,closed by ind_prs10062020.pdf
227,Nifty Smallcap 250,CHALET,2019-06-28,2020-06-26,,press_release,https://niftyindices.com/Press_Release/ind_prs13062019.pdf,closed by ind_prs10062020.pdf
227,Nifty Smallcap 250,CREDITACC,2019-01-28,2020-06-26,,press_release,https://niftyindices.com/Press_Release/ind_prs21012019.pdf,closed by ind_prs10062020.pdf
227,Nifty Smallcap 250,DHFL,2019-09-27,2020-06-26,,press_release,https://niftyindices.com/Press_Release/ind_prs28082019.pdf,closed by ind_prs10062020.pdf
227,Nifty Smallcap 250,FMGOETZE,2019-09-27,2020-06-26,,press_release,https://niftyindices.com/Press_Release/ind_prs28082019.pdf,closed by ind_prs10062020.pdf
227,Nifty Smallcap 250,FLFL,2017-09-29,2020-06-26,,press_release,https://niftyindices.com/Press_Release/ind_prs28082017.pdf,closed by ind_prs10062020.pdf
227,Nifty Smallcap 250,GAYAPROJ,2018-09-28,2020-06-26,,press_release,https://niftyindices.com/Press_Release/ind_prs28082018.pdf,closed by ind_prs10062020.pdf
227,Nifty Smallcap 250,IBULISL,2019-03-29,2020-06-26,,press_release,https://niftyindices.com/Press_Release/ind_prs25022019.pdf,closed by ind_prs10062020.pdf
227,Nifty Smallcap 250,ITDCEM,2016-04-01,2020-06-26,,snapshot_floor,,closed by ind_prs10062020.pdf
227,Nifty Smallcap 250,JKCEMENT,2016-04-01,2020-06-26,,snapshot_floor,,closed by ind_prs10062020.pdf
227,Nifty Smallcap 250,JISLJALEQS,2016-04-01,2020-06-26,,snapshot_floor,,closed by ind_prs10062020.pdf
227,Nifty Smallcap 250,KENNAMET,2019-12-27,2020-06-26,,press_release,https://niftyindices.com/Press_Release/ind_prs19122019.pdf,closed by ind_prs10062020.pdf
227,Nifty Smallcap 250,KIRLOSENG,2019-03-29,2020-06-26,,press_release,https://niftyindices.com/Press_Release/ind_prs25022019.pdf,closed by ind_prs10062020.pdf
227,Nifty Smallcap 250,LAKSHVILAS,2016-04-01,2020-06-26,,snapshot_floor,,closed by ind_prs10062020.pdf
227,Nifty Smallcap 250,MAGMA,2016-04-01,2020-06-26,,snapshot_floor,,closed by ind_prs10062020.pdf
227,Nifty Smallcap 250,UNOMINDA,2017-03-31,2020-06-26,,press_release,https://niftyindices.com/Press_Release/ind_prs16022017.pdf,closed by ind_prs10062020.pdf
227,Nifty Smallcap 250,NETWORK18,2017-03-31,2020-06-26,,press_release,https://niftyindices.com/Press_Release/ind_prs16022017.pdf,closed by ind_prs10062020.pdf
227,Nifty Smallcap 250,COFORGE,2016-04-01,2020-06-26,,snapshot_floor,,closed by ind_prs10062020.pdf
227,Nifty Smallcap 250,PARAGMILK,2017-03-31,2020-06-26,,press_release,https://niftyindices.com/Press_Release/ind_prs16022017.pdf,closed by ind_prs10062020.pdf
227,Nifty Smallcap 250,PCJEWELLER,2019-03-29,2020-06-26,,press_release,https://niftyindices.com/Press_Release/ind_prs25022019.pdf,closed by ind_prs10062020.pdf
227,Nifty Smallcap 250,RELCAPITAL,2019-09-27,2020-06-26,,press_release,https://niftyindices.com/Press_Release/ind_prs28082019.pdf,closed by ind_prs10062020.pdf
227,Nifty Smallcap 250,RELINFRA,2019-09-27,2020-06-26,,press_release,https://niftyindices.com/Press_Release/ind_prs28082019.pdf,closed by ind_prs10062020.pdf
227,Nifty Smallcap 250,RPOWER,2019-09-27,2020-06-26,,press_release,https://niftyindices.com/Press_Release/ind_prs28082019.pdf,closed by ind_prs10062020.pdf
227,Nifty Smallcap 250,RESPONIND,2019-12-26,2020-06-26,,press_release,https://niftyindices.com/Press_Release/ind_prs18122019.pdf,closed by ind_prs10062020.pdf
227,Nifty Smallcap 250,SHK,2016-04-29,2020-06-26,,press_release,https://niftyindices.com/Press_Release/ind_prs22042016.pdf,closed by ind_prs10062020.pdf
227,Nifty Smallcap 250,SHILPAMED,2018-09-28,2020-06-26,,press_release,https://niftyindices.com/Press_Release/ind_prs31082018.pdf,closed by ind_prs10062020.pdf
227,Nifty Smallcap 250,SUNCLAYLTD,2019-04-15,2020-06-26,,press_release,https://niftyindices.com/Press_Release/ind_prs08042019.pdf,closed by ind_prs10062020.pdf
227,Nifty Smallcap 250,TECHNOE,2019-09-27,2020-06-26,,press_release,https://niftyindices.com/Press_Release/ind_prs28082019.pdf,closed by ind_prs10062020.pdf
227,Nifty Smallcap 250,TRITURBINE,2019-12-27,2020-06-26,,press_release,https://niftyindices.com/Press_Release/ind_prs16122019.pdf,closed by ind_prs10062020.pdf
227,Nifty Smallcap 250,WABAG,2016-04-01,2020-06-26,,snapshot_floor,,closed by ind_prs10062020.pdf
227,Nifty Smallcap 250,ASAHIINDIA,2019-12-27,2020-09-14,,press_release,https://niftyindices.com/Press_Release/ind_prs16122019.pdf,closed by ind_prs07092020.pdf
227,Nifty Smallcap 250,ARVINDFASN,2019-09-27,2020-09-14,,press_release,https://niftyindices.com/Press_Release/ind_prs28082019.pdf,closed by ind_prs07092020.pdf
227,Nifty Smallcap 250,KPITTECH,2019-09-27,2020-09-14,,press_release,https://niftyindices.com/Press_Release/ind_prs28082019.pdf,closed by ind_prs07092020.pdf
227,Nifty Smallcap 250,REPCOHOME,2016-04-01,2020-09-14,,snapshot_floor,,closed by ind_prs07092020.pdf
227,Nifty Smallcap 250,SPANDANA,2019-12-27,2020-09-14,,press_release,https://niftyindices.com/Press_Release/ind_prs16122019.pdf,closed by ind_prs07092020.pdf
227,Nifty Smallcap 250,ASTRAZEN,2019-03-29,2020-09-25,,press_release,https://niftyindices.com/Press_Release/ind_prs25022019.pdf,closed by ind_prs20082020.pdf
227,Nifty Smallcap 250,GET&D,2019-03-29,2020-09-25,,press_release,https://niftyindices.com/Press_Release/ind_prs25022019.pdf,closed by ind_prs20082020.pdf
227,Nifty Smallcap 250,HIMATSEIDE,2016-04-01,2020-09-25,,snapshot_floor,,closed by ind_prs20082020.pdf
227,Nifty Smallcap 250,IFCI,2016-04-01,2020-09-25,,snapshot_floor,,closed by ind_prs20082020.pdf
227,Nifty Smallcap 250,ITDC,2017-09-29,2020-09-25,,press_release,https://niftyindices.com/Press_Release/ind_prs28082017.pdf,closed by ind_prs20082020.pdf
227,Nifty Smallcap 250,INDOSTAR,2019-03-29,2020-09-25,,press_release,https://niftyindices.com/Press_Release/ind_prs25022019.pdf,closed by ind_prs20082020.pdf
227,Nifty Smallcap 250,INTELLECT,2016-04-01,2020-09-25,,snapshot_floor,,closed by ind_prs20082020.pdf
227,Nifty Smallcap 250,ITI,2017-09-29,2020-09-25,,press_release,https://niftyindices.com/Press_Release/ind_prs28082017.pdf,closed by ind_prs20082020.pdf
227,Nifty Smallcap 250,JMFINANCIL,2019-09-27,2020-09-25,,press_release,https://niftyindices.com/Press_Release/ind_prs28082019.pdf,closed by ind_prs20082020.pdf
227,Nifty Smallcap 250,KPRMILL,2016-04-01,2020-09-25,,snapshot_floor,,closed by ind_prs20082020.pdf
227,Nifty Smallcap 250,MAHINDCIE,2020-06-26,2020-09-25,,press_release,https://niftyindices.com/Press_Release/ind_prs10062020.pdf,closed by ind_prs20082020.pdf
227,Nifty Smallcap 250,METROPOLIS,2019-09-27,2020-09-25,,press_release,https://niftyindices.com/Press_Release/ind_prs28082019.pdf,closed by ind_prs20082020.pdf
227,Nifty Smallcap 250,NBVENTURES,2017-03-31,2020-09-25,,press_release,https://niftyindices.com/Press_Release/ind_prs16022017.pdf,closed by ind_prs20082020.pdf
227,Nifty Smallcap 250,NAVINFLUOR,2016-04-01,2020-09-25,,snapshot_floor,,closed by ind_prs20082020.pdf
227,Nifty Smallcap 250,SADBHAV,2017-03-31,2020-09-25,,press_release,https://niftyindices.com/Press_Release/ind_prs16022017.pdf,closed by ind_prs20082020.pdf
227,Nifty Smallcap 250,SFL,2018-12-28,2020-09-25,,press_release,https://niftyindices.com/Press_Release/ind_prs14122018.pdf,closed by ind_prs20082020.pdf
227,Nifty Smallcap 250,RENUKA,2016-04-01,2020-09-25,,snapshot_floor,,closed by ind_prs20082020.pdf
227,Nifty Smallcap 250,TAKE,2016-04-01,2020-09-25,,snapshot_floor,,closed by ind_prs20082020.pdf
227,Nifty Smallcap 250,TIMETECHNO,2017-09-29,2020-09-25,,press_release,https://niftyindices.com/Press_Release/ind_prs28082017.pdf,closed by ind_prs20082020.pdf
227,Nifty Smallcap 250,TIINDIA,2018-06-29,2020-09-25,,press_release,https://niftyindices.com/Press_Release/ind_prs24052018.pdf,closed by ind_prs20082020.pdf
227,Nifty Smallcap 250,VESUVIUS,2020-06-26,2020-09-25,,press_release,https://niftyindices.com/Press_Release/ind_prs10062020.pdf,closed by ind_prs20082020.pdf
227,Nifty Smallcap 250,ZYDUSWELL,2018-09-28,2020-09-25,,press_release,https://niftyindices.com/Press_Release/ind_prs28082018.pdf,closed by ind_prs20082020.pdf
227,Nifty Smallcap 250,ALLCARGO,2016-04-01,2020-11-02,,snapshot_floor,,closed by ind_prs26102020.pdf
227,Nifty Smallcap 250,INFIBEAM,2016-04-01,2020-11-25,,snapshot_floor,,closed by ind_prs18112020.pdf
227,Nifty Smallcap 250,BOMDYEING,2016-04-01,2021-03-31,,snapshot_floor,,closed by ind_prs23022021.pdf
227,Nifty Smallcap 250,CARERATING,2016-04-01,2021-03-31,,snapshot_floor,,closed by ind_prs23022021.pdf
227,Nifty Smallcap 250,CHENNPETRO,2016-04-01,2021-03-31,,snapshot_floor,,closed by ind_prs23022021.pdf
227,Nifty Smallcap 250,DBCORP,2018-04-02,2021-03-31,,press_release,https://niftyindices.com/Press_Release/ind_prs21022018.pdf,closed by ind_prs23022021.pdf
227,Nifty Smallcap 250,DEEPAKNTR,2019-03-29,2021-03-31,,press_release,https://niftyindices.com/Press_Release/ind_prs25022019.pdf,closed by ind_prs23022021.pdf
227,Nifty Smallcap 250,DIXON,2018-04-02,2021-03-31,,press_release,https://niftyindices.com/Press_Release/ind_prs21022018.pdf,closed by ind_prs23022021.pdf
227,Nifty Smallcap 250,ESABINDIA,2020-06-26,2021-03-31,,press_release,https://niftyindices.com/Press_Release/ind_prs10062020.pdf,closed by ind_prs23022021.pdf
227,Nifty Smallcap 250,GMDCLTD,2016-04-01,2021-03-31,,snapshot_floor,,closed by ind_prs23022021.pdf
227,Nifty Smallcap 250,HATHWAY,2020-06-26,2021-03-31,,press_release,https://niftyindices.com/Press_Release/ind_prs10062020.pdf,closed by ind_prs23022021.pdf
227,Nifty Smallcap 250,HERITGFOOD,2017-09-29,2021-03-31,,press_release,https://niftyindices.com/Press_Release/ind_prs28082017.pdf,closed by ind_prs23022021.pdf
227,Nifty Smallcap 250,ICRA,2019-03-29,2021-03-31,,press_release,https://niftyindices.com/Press_Release/ind_prs25022019.pdf,closed by ind_prs23022021.pdf
227,Nifty Smallcap 250,IDBI,2020-09-25,2021-03-31,,press_release,https://niftyindices.com/Press_Release/ind_prs20082020.pdf,closed by ind_prs23022021.pdf
227,Nifty Smallcap 250,INDIAMART,2019-12-27,2021-03-31,,press_release,https://niftyindices.com/Press_Release/ind_prs16122019.pdf,closed by ind_prs23022021.pdf
227,Nifty Smallcap 250,JAGRAN,2017-09-29,2021-03-31,,press_release,https://niftyindices.com/Press_Release/ind_prs28082017.pdf,closed by ind_prs23022021.pdf
227,Nifty Smallcap 250,JAICORPLTD,2016-04-01,2021-03-31,,snapshot_floor,,closed by ind_prs23022021.pdf
227,Nifty Smallcap 250,J&KBANK,2016-04-01,2021-03-31,,snapshot_floor,,closed by ind_prs23022021.pdf
227,Nifty Smallcap 250,KTKBANK,2016-04-01,2021-03-31,,snapshot_floor,,closed by ind_prs23022021.pdf
227,Nifty Smallcap 250,KOLTEPATIL,2016-04-01,2021-03-31,,snapshot_floor,,closed by ind_prs23022021.pdf
227,Nifty Smallcap 250,LAURUSLABS,2017-05-26,2021-03-31,,press_release,https://niftyindices.com/Press_Release/ind_prs27042017.pdf,closed by ind_prs23022021.pdf
227,Nifty Smallcap 250,NAVNETEDUL,2020-09-25,2021-03-31,,press_release,https://niftyindices.com/Press_Release/ind_prs20082020.pdf,closed by ind_prs23022021.pdf
227,Nifty Smallcap 250,OMAXE,2016-04-01,2021-03-31,,snapshot_floor,,closed by ind_prs23022021.pdf
227,Nifty Smallcap 250,ORIENTCEM,2016-04-01,2021-03-31,,snapshot_floor,,closed by ind_prs23022021.pdf
227,Nifty Smallcap 250,PERSISTENT,2017-03-31,2021-03-31,,press_release,https://niftyindices.com/Press_Release/ind_prs16022017.pdf,closed by ind_prs23022021.pdf
227,Nifty Smallcap 250,PRAJIND,2016-04-01,2021-03-31,,snapshot_floor,,closed by ind_prs23022021.pdf
227,Nifty Smallcap 250,PGHL,2016-04-01,2021-03-31,,snapshot_floor,,closed by ind_prs23022021.pdf
227,Nifty Smallcap 250,PSPPROJECT,2020-09-14,2021-03-31,,press_release,https://niftyindices.com/Press_Release/ind_prs07092020.pdf,closed by ind_prs23022021.pdf
227,Nifty Smallcap 250,PTC,2016-04-01,2021-03-31,,snapshot_floor,,closed by ind_prs23022021.pdf
227,Nifty Smallcap 250,SOUTHBANK,2016-04-01,2021-03-31,,snapshot_floor,,closed by ind_prs23022021.pdf
227,Nifty Smallcap 250,SUVENPHAR,2020-09-25,2021-03-31,,press_release,https://niftyindices.com/Press_Release/ind_prs20082020.pdf,closed by ind_prs23022021.pdf
227,Nifty Smallcap 250,SWARAJENG,2020-09-14,2021-03-31,,press_release,https://niftyindices.com/Press_Release/ind_prs07092020.pdf,closed by ind_prs23022021.pdf
227,Nifty Smallcap 250,TATAELXSI,2017-03-31,2021-03-31,,press_release,https://niftyindices.com/Press_Release/ind_prs16022017.pdf,closed by ind_prs23022021.pdf
227,Nifty Smallcap 250,TVTODAY,2016-04-29,2021-03-31,,press_release,https://niftyindices.com/Press_Release/ind_prs22042016.pdf,closed by ind_prs23022021.pdf
227,Nifty Smallcap 250,VRLLOG,2016-04-01,2021-03-31,,snapshot_floor,,closed by ind_prs23022021.pdf
227,Nifty Smallcap 250,GHCL,2017-03-31,2021-04-29,,press_release,https://niftyindices.com/Press_Release/ind_prs16022017.pdf,closed by ind_prs22042021.pdf
227,Nifty Smallcap 250,TATASTLBSL,2020-01-16,2021-04-29,,press_release,https://niftyindices.com/Press_Release/ind_prs09012020.pdf,closed by ind_prs22042021.pdf
227,Nifty Smallcap 250,AFFLE,2019-12-26,2021-09-30,,press_release,https://niftyindices.com/Press_Release/ind_prs18122019.pdf,closed by ind_prs15092021.pdf
227,Nifty Smallcap 250,ALKYLAMINE,2020-06-26,2021-09-30,,press_release,https://niftyindices.com/Press_Release/ind_prs10062020.pdf,closed by ind_prs15092021.pdf
227,Nifty Smallcap 250,APLAPOLLO,2016-04-01,2021-09-30,,snapshot_floor,,closed by ind_prs15092021.pdf
227,Nifty Smallcap 250,BALMLAWRIE,2016-04-01,2021-09-30,,snapshot_floor,,closed by ind_prs15092021.pdf
227,Nifty Smallcap 250,BLISSGVS,2016-04-01,2021-09-30,,snapshot_floor,,closed by ind_prs15092021.pdf
227,Nifty Smallcap 250,BLUEDART,2020-09-25,2021-09-30,,press_release,https://niftyindices.com/Press_Release/ind_prs20082020.pdf,closed by ind_prs15092021.pdf
227,Nifty Smallcap 250,DISHTV,2019-09-27,2021-09-30,,press_release,https://niftyindices.com/Press_Release/ind_prs28082019.pdf,closed by ind_prs15092021.pdf
227,Nifty Smallcap 250,DCAL,2018-04-02,2021-09-30,,press_release,https://niftyindices.com/Press_Release/ind_prs21022018.pdf,closed by ind_prs15092021.pdf
227,Nifty Smallcap 250,FCONSUMER,2020-06-26,2021-09-30,,press_release,https://niftyindices.com/Press_Release/ind_prs10062020.pdf,closed by ind_prs15092021.pdf
227,Nifty Smallcap 250,GRSE,2020-06-26,2021-09-30,,press_release,https://niftyindices.com/Press_Release/ind_prs10062020.pdf,closed by ind_prs15092021.pdf
227,Nifty Smallcap 250,GEPIL,2016-04-01,2021-09-30,,snapshot_floor,,closed by ind_prs15092021.pdf
227,Nifty Smallcap 250,GULFOILLUB,2016-04-29,2021-09-30,,press_release,https://niftyindices.com/Press_Release/ind_prs22042016.pdf,closed by ind_prs15092021.pdf
227,Nifty Smallcap 250,HSCL,2018-04-02,2021-09-30,,press_release,https://niftyindices.com/Press_Release/ind_prs21022018.pdf,closed by ind_prs15092021.pdf
227,Nifty Smallcap 250,HINDCOPPER,2017-09-29,2021-09-30,,press_release,https://niftyindices.com/Press_Release/ind_prs28082017.pdf,closed by ind_prs15092021.pdf
227,Nifty Smallcap 250,HUHTAMAKI,2016-04-01,2021-09-30,,snapshot_floor,,closed by ind_prs15092021.pdf
227,Nifty Smallcap 250,INDIANB,2020-06-26,2021-09-30,,press_release,https://niftyindices.com/Press_Release/ind_prs10062020.pdf,closed by ind_prs15092021.pdf
227,Nifty Smallcap 250,JTEKTINDIA,2020-09-14,2021-09-30,,press_release,https://niftyindices.com/Press_Release/ind_prs07092020.pdf,closed by ind_prs15092021.pdf
227,Nifty Smallcap 250,KAJARIACER,2018-09-28,2021-09-30,,press_release,https://niftyindices.com/Press_Release/ind_prs28082018.pdf,closed by ind_prs15092021.pdf
227,Nifty Smallcap 250,LINDEINDIA,2018-09-28,2021-09-30,,press_release,https://niftyindices.com/Press_Release/ind_prs28082018.pdf,closed by ind_prs15092021.pdf
227,Nifty Smallcap 250,MAHSCOOTER,2019-03-29,2021-09-30,,press_release,https://niftyindices.com/Press_Release/ind_prs25022019.pdf,closed by ind_prs15092021.pdf
227,Nifty Smallcap 250,MAHSEAMLES,2019-03-29,2021-09-30,,press_release,https://niftyindices.com/Press_Release/ind_prs25022019.pdf,closed by ind_prs15092021.pdf
227,Nifty Smallcap 250,MASFIN,2018-04-02,2021-09-30,,press_release,https://niftyindices.com/Press_Release/ind_prs21022018.pdf,closed by ind_prs15092021.pdf
227,Nifty Smallcap 250,NATIONALUM,2021-03-31,2021-09-30,,press_release,https://niftyindices.com/Press_Release/ind_prs23022021.pdf,closed by ind_prs15092021.pdf
227,Nifty Smallcap 250,RAYMOND,2016-04-01,2021-09-30,,snapshot_floor,,closed by ind_prs15092021.pdf
227,Nifty Smallcap 250,RESPONIND,2021-03-31,2021-09-30,,press_release,https://niftyindices.com/Press_Release/ind_prs23022021.pdf,closed by ind_prs15092021.pdf
227,Nifty Smallcap 250,SHOPERSTOP,2017-09-29,2021-09-30,,press_release,https://niftyindices.com/Press_Release/ind_prs28082017.pdf,closed by ind_prs15092021.pdf
227,Nifty Smallcap 250,SUNCLAYLTD,2021-03-31,2021-09-30,,press_release,https://niftyindices.com/Press_Release/ind_prs23022021.pdf,closed by ind_prs15092021.pdf
227,Nifty Smallcap 250,SWANENERGY,2016-04-01,2021-09-30,,snapshot_floor,,closed by ind_prs15092021.pdf
227,Nifty Smallcap 250,TATAINVEST,2017-03-31,2021-09-30,,press_release,https://niftyindices.com/Press_Release/ind_prs16022017.pdf,closed by ind_prs15092021.pdf
227,Nifty Smallcap 250,VAIBHAVGBL,2019-09-24,2021-09-30,,press_release,https://niftyindices.com/Press_Release/ind_prs17092019_1.pdf,closed by ind_prs15092021.pdf
227,Nifty Smallcap 250,VSTIND,2019-03-29,2021-09-30,,press_release,https://niftyindices.com/Press_Release/ind_prs25022019.pdf,closed by ind_prs15092021.pdf
227,Nifty Smallcap 250,ZFCVINDIA,2021-03-31,2021-09-30,,press_release,https://niftyindices.com/Press_Release/ind_prs23022021.pdf,closed by ind_prs15092021.pdf
227,Nifty Smallcap 250,ALEMBICLTD,2020-09-25,2022-03-31,,press_release,https://niftyindices.com/Press_Release/ind_prs20082020.pdf,closed by ind_prs24022022_1.pdf
227,Nifty Smallcap 250,ASHOKA,2016-04-01,2022-03-31,,snapshot_floor,,closed by ind_prs24022022_1.pdf
227,Nifty Smallcap 250,BAJAJCON,2017-09-29,2022-03-31,,press_release,https://niftyindices.com/Press_Release/ind_prs28082017.pdf,closed by ind_prs24022022_1.pdf
227,Nifty Smallcap 250,BHARATRAS,2020-06-26,2022-03-31,,press_release,https://niftyindices.com/Press_Release/ind_prs10062020.pdf,closed by ind_prs24022022_1.pdf
227,Nifty Smallcap 250,CGCL,2019-09-27,2022-03-31,,press_release,https://niftyindices.com/Press_Release/ind_prs28082019.pdf,closed by ind_prs24022022_1.pdf
227,Nifty Smallcap 250,CGPOWER,2021-09-30,2022-03-31,,press_release,https://niftyindices.com/Press_Release/ind_prs15092021.pdf,closed by ind_prs24022022_1.pdf
227,Nifty Smallcap 250,DCBBANK,2016-04-01,2022-03-31,,snapshot_floor,,closed by ind_prs24022022_1.pdf
227,Nifty Smallcap 250,DHANUKA,2020-06-26,2022-03-31,,press_release,https://niftyindices.com/Press_Release/ind_prs10062020.pdf,closed by ind_prs24022022_1.pdf
227,Nifty Smallcap 250,FRETAIL,2021-03-31,2022-03-31,,press_release,https://niftyindices.com/Press_Release/ind_prs23022021.pdf,closed by ind_prs24022022_1.pdf
227,Nifty Smallcap 250,GREAVESCOT,2016-04-01,2022-03-31,,snapshot_floor,,closed by ind_prs24022022_1.pdf
227,Nifty Smallcap 250,GRINDWELL,2018-09-28,2022-03-31,,press_release,https://niftyindices.com/Press_Release/ind_prs28082018.pdf,closed by ind_prs24022022_1.pdf
227,Nifty Smallcap 250,FLUOROCHEM,2020-06-26,2022-03-31,,press_release,https://niftyindices.com/Press_Release/ind_prs10062020.pdf,closed by ind_prs24022022_1.pdf
227,Nifty Smallcap 250,HAPPSTMNDS,2021-03-31,2022-03-31,,press_release,https://niftyindices.com/Press_Release/ind_prs23022021.pdf,closed by ind_prs24022022_1.pdf
227,Nifty Smallcap 250,HEIDELBERG,2016-04-01,2022-03-31,,snapshot_floor,,closed by ind_prs24022022_1.pdf
227,Nifty Smallcap 250,IDBI,2021-09-30,2022-03-31,,press_release,https://niftyindices.com/Press_Release/ind_prs15092021.pdf,closed by ind_prs24022022_1.pdf
227,Nifty Smallcap 250,IEX,2018-04-02,2022-03-31,,press_release,https://niftyindices.com/Press_Release/ind_prs21022018.pdf,closed by ind_prs24022022_1.pdf
227,Nifty Smallcap 250,INGERRAND,2020-06-26,2022-03-31,,press_release,https://niftyindices.com/Press_Release/ind_prs10062020.pdf,closed by ind_prs24022022_1.pdf
227,Nifty Smallcap 250,IOLCP,2020-09-25,2022-03-31,,press_release,https://niftyindices.com/Press_Release/ind_prs20082020.pdf,closed by ind_prs24022022_1.pdf
227,Nifty Smallcap 250,JINDALSAW,2017-09-29,2022-03-31,,press_release,https://niftyindices.com/Press_Release/ind_prs28082017.pdf,closed by ind_prs24022022_1.pdf
227,Nifty Smallcap 250,JKTYRE,2016-04-01,2022-03-31,,snapshot_floor,,closed by ind_prs24022022_1.pdf
227,Nifty Smallcap 250,KSCL,2016-04-01,2022-03-31,,snapshot_floor,,closed by ind_prs24022022_1.pdf
227,Nifty Smallcap 250,KSB,2020-06-26,2022-03-31,,press_release,https://niftyindices.com/Press_Release/ind_prs10062020.pdf,closed by ind_prs24022022_1.pdf
227,Nifty Smallcap 250,LAOPALA,2020-06-26,2022-03-31,,press_release,https://niftyindices.com/Press_Release/ind_prs10062020.pdf,closed by ind_prs24022022_1.pdf
227,Nifty Smallcap 250,LEMONTREE,2018-09-28,2022-03-31,,press_release,https://niftyindices.com/Press_Release/ind_prs28082018.pdf,closed by ind_prs24022022_1.pdf
227,Nifty Smallcap 250,MINDACORP,2017-03-31,2022-03-31,,press_release,https://niftyindices.com/Press_Release/ind_prs16022017.pdf,closed by ind_prs24022022_1.pdf
227,Nifty Smallcap 250,MIDHANI,2019-12-26,2022-03-31,,press_release,https://niftyindices.com/Press_Release/ind_prs18122019.pdf,closed by ind_prs24022022_1.pdf
227,Nifty Smallcap 250,NFL,2017-09-29,2022-03-31,,press_release,https://niftyindices.com/Press_Release/ind_prs28082017.pdf,closed by ind_prs24022022_1.pdf
227,Nifty Smallcap 250,NILKAMAL,2016-04-01,2022-03-31,,snapshot_floor,,closed by ind_prs24022022_1.pdf
227,Nifty Smallcap 250,SCHNEIDER,2020-06-26,2022-03-31,,press_release,https://niftyindices.com/Press_Release/ind_prs10062020.pdf,closed by ind_prs24022022_1.pdf
227,Nifty Smallcap 250,SHARDACROP,2021-03-31,2022-03-31,,press_release,https://niftyindices.com/Press_Release/ind_prs23022021.pdf,closed by ind_prs24022022_1.pdf
227,Nifty Smallcap 250,SPANDANA,2021-03-31,2022-03-31,,press_release,https://niftyindices.com/Press_Release/ind_prs23022021.pdf,closed by ind_prs24022022_1.pdf
227,Nifty Smallcap 250,STARCEMENT,2017-11-20,2022-03-31,,press_release,https://niftyindices.com/Press_Release/ind_prs10112017.pdf,closed by ind_prs24022022_1.pdf
227,Nifty Smallcap 250,TASTYBITE,2019-12-27,2022-03-31,,press_release,https://niftyindices.com/Press_Release/ind_prs19122019.pdf,closed by ind_prs24022022_1.pdf
227,Nifty Smallcap 250,TTML,2021-09-30,2022-03-31,,press_release,https://niftyindices.com/Press_Release/ind_prs15092021.pdf,closed by ind_prs24022022_1.pdf
227,Nifty Smallcap 250,TRIDENT,2016-04-01,2022-03-31,,snapshot_floor,,closed by ind_prs24022022_1.pdf
227,Nifty Smallcap 250,UJJIVAN,2017-01-23,2022-03-31,,press_release,https://niftyindices.com/Press_Release/ind_prs16012017.pdf,closed by ind_prs24022022_1.pdf
227,Nifty Smallcap 250,UJJIVANSFB,2020-06-26,2022-03-31,,press_release,https://niftyindices.com/Press_Release/ind_prs10062020.pdf,closed by ind_prs24022022_1.pdf
227,Nifty Smallcap 250,VALIANTORG,2021-03-31,2022-03-31,,press_release,https://niftyindices.com/Press_Release/ind_prs23022021.pdf,closed by ind_prs24022022_1.pdf
227,Nifty Smallcap 250,SUPPETRO,2020-09-25,2022-04-07,,press_release,https://niftyindices.com/Press_Release/ind_prs20082020.pdf,closed by ind_prs06042022.pdf
227,Nifty Smallcap 250,BEML,2016-04-01,2022-04-12,,snapshot_floor,,closed by ind_prs05042022_1.pdf
227,Nifty Smallcap 250,JSLHISAR,2017-09-29,2022-05-31,,press_release,https://niftyindices.com/Press_Release/ind_prs28082017.pdf,closed by ind_prs24052022.pdf
227,Nifty Smallcap 250,SHRIRAMCIT,2021-03-31,2022-08-08,,press_release,https://niftyindices.com/Press_Release/ind_prs23022021.pdf,closed by ind_prs11072022.pdf
227,Nifty Smallcap 250,ADVENZYMES,2017-01-23,2022-09-30,,press_release,https://niftyindices.com/Press_Release/ind_prs16012017.pdf,closed by ind_prs01092022.pdf
227,Nifty Smallcap 250,DEVYANI,2022-03-31,2022-09-30,,press_release,https://niftyindices.com/Press_Release/ind_prs24022022_1.pdf,closed by ind_prs01092022.pdf
227,Nifty Smallcap 250,ERIS,2021-03-31,2022-09-30,,press_release,https://niftyindices.com/Press_Release/ind_prs23022021.pdf,closed by ind_prs01092022.pdf
227,Nifty Smallcap 250,GLS,2022-03-31,2022-09-30,,press_release,https://niftyindices.com/Press_Release/ind_prs24022022_1.pdf,closed by ind_prs01092022.pdf
227,Nifty Smallcap 250,HATHWAY,2021-09-30,2022-09-30,,press_release,https://niftyindices.com/Press_Release/ind_prs15092021.pdf,closed by ind_prs01092022.pdf
227,Nifty Smallcap 250,HEMIPROP,2021-03-31,2022-09-30,,press_release,https://niftyindices.com/Press_Release/ind_prs23022021.pdf,closed by ind_prs01092022.pdf
227,Nifty Smallcap 250,ICIL,2021-03-31,2022-09-30,,press_release,https://niftyindices.com/Press_Release/ind_prs23022021.pdf,closed by ind_prs01092022.pdf
227,Nifty Smallcap 250,IRCON,2019-03-29,2022-09-30,,press_release,https://niftyindices.com/Press_Release/ind_prs25022019.pdf,closed by ind_prs01092022.pdf
227,Nifty Smallcap 250,KPRMILL,2021-03-31,2022-09-30,,press_release,https://niftyindices.com/Press_Release/ind_prs23022021.pdf,closed by ind_prs01092022.pdf
227,Nifty Smallcap 250,NESCO,2018-04-02,2022-09-30,,press_release,https://niftyindices.com/Press_Release/ind_prs21022018.pdf,closed by ind_prs01092022.pdf
227,Nifty Smallcap 250,POONAWALLA,2021-09-30,2022-09-30,,press_release,https://niftyindices.com/Press_Release/ind_prs15092021.pdf,closed by ind_prs01092022.pdf
227,Nifty Smallcap 250,RAILTEL,2021-09-30,2022-09-30,,press_release,https://niftyindices.com/Press_Release/ind_prs15092021.pdf,closed by ind_prs01092022.pdf
227,Nifty Smallcap 250,SEQUENT,2020-06-26,2022-09-30,,press_release,https://niftyindices.com/Press_Release/ind_prs10062020.pdf,closed by ind_prs01092022.pdf
227,Nifty Smallcap 250,SOLARA,2020-09-25,2022-09-30,,press_release,https://niftyindices.com/Press_Release/ind_prs20082020.pdf,closed by ind_prs01092022.pdf
227,Nifty Smallcap 250,SPICEJET,2019-12-27,2022-09-30,,press_release,https://niftyindices.com/Press_Release/ind_prs16122019.pdf,closed by ind_prs01092022.pdf
227,Nifty Smallcap 250,STAR,2018-09-28,2022-09-30,,press_release,https://niftyindices.com/Press_Release/ind_prs28082018.pdf,closed by ind_prs01092022.pdf
227,Nifty Smallcap 250,TATASTLLP,2021-09-30,2022-09-30,,press_release,https://niftyindices.com/Press_Release/ind_prs15092021.pdf,closed by ind_prs01092022.pdf
227,Nifty Smallcap 250,UCOBANK,2020-09-25,2022-09-30,,press_release,https://niftyindices.com/Press_Release/ind_prs20082020.pdf,closed by ind_prs01092022.pdf
227,Nifty Smallcap 250,VAKRANGEE,2019-03-29,2022-09-30,,press_release,https://niftyindices.com/Press_Release/ind_prs25022019.pdf,closed by ind_prs01092022.pdf
227,Nifty Smallcap 250,VENKEYS,2018-09-28,2022-09-30,,press_release,https://niftyindices.com/Press_Release/ind_prs28082018.pdf,closed by ind_prs01092022.pdf
227,Nifty Smallcap 250,EQUITAS,2016-04-01,2022-09-30,,snapshot_floor,,closed by ind_prs16092022.pdf
227,Nifty Smallcap 250,ALLCARGO,2022-03-31,2022-12-30,,press_release,https://niftyindices.com/Press_Release/ind_prs24022022_1.pdf,closed by ind_prs06122022.pdf
227,Nifty Smallcap 250,NIITLTD,2022-09-30,2022-12-30,,press_release,https://niftyindices.com/Press_Release/ind_prs01092022.pdf,closed by ind_prs06122022.pdf
227,Nifty Smallcap 250,SCI,2020-06-26,2022-12-30,,press_release,https://niftyindices.com/Press_Release/ind_prs10062020.pdf,closed by ind_prs06122022.pdf
227,Nifty Smallcap 250,SAREGAMA,2022-03-31,2022-12-30,,press_release,https://niftyindices.com/Press_Release/ind_prs24022022_1.pdf,closed by ind_prs22122022.pdf
227,Nifty Smallcap 250,INOXLEISUR,2016-04-01,2023-02-17,,snapshot_floor,,closed by ind_prs09022023_1.pdf
227,Nifty Smallcap 250,ABSLAMC,2022-03-31,2023-03-31,,press_release,https://niftyindices.com/Press_Release/ind_prs24022022_1.pdf,closed by ind_prs17022023_1.pdf
227,Nifty Smallcap 250,ALOKINDS,2020-09-25,2023-03-31,,press_release,https://niftyindices.com/Press_Release/ind_prs20082020.pdf,closed by ind_prs17022023_1.pdf
227,Nifty Smallcap 250,APOLLOTYRE,2022-09-30,2023-03-31,,press_release,https://niftyindices.com/Press_Release/ind_prs01092022.pdf,closed by ind_prs17022023_1.pdf
227,Nifty Smallcap 250,ASTRAZEN,2021-09-30,2023-03-31,,press_release,https://niftyindices.com/Press_Release/ind_prs15092021.pdf,closed by ind_prs17022023_1.pdf
227,Nifty Smallcap 250,BHARATRAS,2022-09-30,2023-03-31,,press_release,https://niftyindices.com/Press_Release/ind_prs01092022.pdf,closed by ind_prs17022023_1.pdf
227,Nifty Smallcap 250,CAPLIPOINT,2016-04-01,2023-03-31,,snapshot_floor,,closed by ind_prs17022023_1.pdf
227,Nifty Smallcap 250,DHANI,2022-03-31,2023-03-31,,press_release,https://niftyindices.com/Press_Release/ind_prs24022022_1.pdf,closed by ind_prs17022023_1.pdf
227,Nifty Smallcap 250,DBL,2019-09-27,2023-03-31,,press_release,https://niftyindices.com/Press_Release/ind_prs28082019.pdf,closed by ind_prs17022023_1.pdf
227,Nifty Smallcap 250,FINEORG,2019-03-29,2023-03-31,,press_release,https://niftyindices.com/Press_Release/ind_prs25022019.pdf,closed by ind_prs17022023_1.pdf
227,Nifty Smallcap 250,INDOCO,2020-06-26,2023-03-31,,press_release,https://niftyindices.com/Press_Release/ind_prs10062020.pdf,closed by ind_prs17022023_1.pdf
227,Nifty Smallcap 250,METROBRAND,2022-03-31,2023-03-31,,press_release,https://niftyindices.com/Press_Release/ind_prs24022022_1.pdf,closed by ind_prs17022023_1.pdf
227,Nifty Smallcap 250,MOIL,2016-04-01,2023-03-31,,snapshot_floor,,closed by ind_prs17022023_1.pdf
227,Nifty Smallcap 250,PRIVISCL,2022-03-31,2023-03-31,,press_release,https://niftyindices.com/Press_Release/ind_prs24022022_1.pdf,closed by ind_prs17022023_1.pdf
227,Nifty Smallcap 250,PGHL,2021-09-30,2023-03-31,,press_release,https://niftyindices.com/Press_Release/ind_prs15092021.pdf,closed by ind_prs17022023_1.pdf
227,Nifty Smallcap 250,SFL,2021-03-31,2023-03-31,,press_release,https://niftyindices.com/Press_Release/ind_prs23022021.pdf,closed by ind_prs17022023_1.pdf
227,Nifty Smallcap 250,SHILPAMED,2020-09-25,2023-03-31,,press_release,https://niftyindices.com/Press_Release/ind_prs20082020.pdf,closed by ind_prs17022023_1.pdf
227,Nifty Smallcap 250,SIS,2018-04-02,2023-03-31,,press_release,https://niftyindices.com/Press_Release/ind_prs21022018.pdf,closed by ind_prs17022023_1.pdf
227,Nifty Smallcap 250,SUDARSCHEM,2017-03-31,2023-03-31,,press_release,https://niftyindices.com/Press_Release/ind_prs16022017.pdf,closed by ind_prs17022023_1.pdf
227,Nifty Smallcap 250,SYMPHONY,2021-03-31,2023-03-31,,press_release,https://niftyindices.com/Press_Release/ind_prs23022021.pdf,closed by ind_prs17022023_1.pdf
227,Nifty Smallcap 250,THYROCARE,2017-03-31,2023-03-31,,press_release,https://niftyindices.com/Press_Release/ind_prs16022017.pdf,closed by ind_prs17022023_1.pdf
227,Nifty Smallcap 250,TIMKEN,2016-04-01,2023-03-31,,snapshot_floor,,closed by ind_prs17022023_1.pdf
227,Nifty Smallcap 250,WOCKPHARMA,2018-09-28,2023-03-31,,press_release,https://niftyindices.com/Press_Release/ind_prs28082018.pdf,closed by ind_prs17022023_1.pdf
227,Nifty Smallcap 250,BAJAJELEC,2016-04-01,2023-04-28,,snapshot_floor,,closed by ind_prs19042023_1.pdf
227,Nifty Smallcap 250,EDELWEISS,2021-03-31,2023-04-28,,press_release,https://niftyindices.com/Press_Release/ind_prs23022021.pdf,closed by ind_prs19042023_1.pdf
227,Nifty Smallcap 250,MAHABANK,2019-03-29,2023-09-29,,press_release,https://niftyindices.com/Press_Release/ind_prs25022019.pdf,closed by ind_prs17082023.pdf
227,Nifty Smallcap 250,BASF,2016-04-01,2023-09-29,,snapshot_floor,,closed by ind_prs17082023.pdf
227,Nifty Smallcap 250,BDL,2018-08-08,2023-09-29,,press_release,https://niftyindices.com/Press_Release/ind_prs01082018.pdf,closed by ind_prs17082023.pdf
227,Nifty Smallcap 250,CARBORUNIV,2016-04-01,2023-09-29,,snapshot_floor,,closed by ind_prs17082023.pdf
227,Nifty Smallcap 250,FACT,2021-09-30,2023-09-29,,press_release,https://niftyindices.com/Press_Release/ind_prs15092021.pdf,closed by ind_prs17082023.pdf
227,Nifty Smallcap 250,GARFIBRES,2019-09-27,2023-09-29,,press_release,https://niftyindices.com/Press_Release/ind_prs28082019.pdf,closed by ind_prs17082023.pdf
227,Nifty Smallcap 250,GODREJAGRO,2021-09-30,2023-09-29,,press_release,https://niftyindices.com/Press_Release/ind_prs15092021.pdf,closed by ind_prs17082023.pdf
227,Nifty Smallcap 250,GREENPANEL,2022-09-30,2023-09-29,,press_release,https://niftyindices.com/Press_Release/ind_prs01092022.pdf,closed by ind_prs17082023.pdf
227,Nifty Smallcap 250,HIKAL,2021-09-30,2023-09-29,,press_release,https://niftyindices.com/Press_Release/ind_prs15092021.pdf,closed by ind_prs17082023.pdf
227,Nifty Smallcap 250,HGS,2021-09-30,2023-09-29,,press_release,https://niftyindices.com/Press_Release/ind_prs15092021.pdf,closed by ind_prs17082023.pdf
227,Nifty Smallcap 250,IFBIND,2017-09-29,2023-09-29,,press_release,https://niftyindices.com/Press_Release/ind_prs28082017.pdf,closed by ind_prs17082023.pdf
227,Nifty Smallcap 250,IBREALEST,2018-09-28,2023-09-29,,press_release,https://niftyindices.com/Press_Release/ind_prs28082018.pdf,closed by ind_prs17082023.pdf
227,Nifty Smallcap 250,JSL,2017-09-29,2023-09-29,,press_release,https://niftyindices.com/Press_Release/ind_prs28082017.pdf,closed by ind_prs17082023.pdf
227,Nifty Smallcap 250,JINDWORLD,2023-03-31,2023-09-29,,press_release,https://niftyindices.com/Press_Release/ind_prs17022023_1.pdf,closed by ind_prs17082023.pdf
227,Nifty Smallcap 250,KENNAMET,2023-03-31,2023-09-29,,press_release,https://niftyindices.com/Press_Release/ind_prs17022023_1.pdf,closed by ind_prs17082023.pdf
227,Nifty Smallcap 250,RUSTOMJEE,2023-03-31,2023-09-29,,press_release,https://niftyindices.com/Press_Release/ind_prs17022023_1.pdf,closed by ind_prs17082023.pdf
227,Nifty Smallcap 250,KPITTECH,2021-03-31,2023-09-29,,press_release,https://niftyindices.com/Press_Release/ind_prs23022021.pdf,closed by ind_prs17082023.pdf
227,Nifty Smallcap 250,MAHLOG,2018-09-28,2023-09-29,,press_release,https://niftyindices.com/Press_Release/ind_prs28082018.pdf,closed by ind_prs17082023.pdf
227,Nifty Smallcap 250,MAZDOCK,2021-03-31,2023-09-29,,press_release,https://niftyindices.com/Press_Release/ind_prs23022021.pdf,closed by ind_prs17082023.pdf
227,Nifty Smallcap 250,NOCIL,2020-09-14,2023-09-29,,press_release,https://niftyindices.com/Press_Release/ind_prs07092020.pdf,closed by ind_prs17082023.pdf
227,Nifty Smallcap 250,RVNL,2019-09-27,2023-09-29,,press_release,https://niftyindices.com/Press_Release/ind_prs28082019.pdf,closed by ind_prs17082023.pdf
227,Nifty Smallcap 250,TMB,2023-03-31,2023-09-29,,press_release,https://niftyindices.com/Press_Release/ind_prs17022023_1.pdf,closed by ind_prs17082023.pdf
227,Nifty Smallcap 250,TCIEXP,2019-09-27,2023-09-29,,press_release,https://niftyindices.com/Press_Release/ind_prs28082019.pdf,closed by ind_prs17082023.pdf
227,Nifty Smallcap 250,TCNSBRANDS,2019-03-29,2023-09-29,,press_release,https://niftyindices.com/Press_Release/ind_prs25022019.pdf,closed by ind_prs17082023.pdf
227,Nifty Smallcap 250,TCI,2022-09-30,2023-09-29,,press_release,https://niftyindices.com/Press_Release/ind_prs01092022.pdf,closed by ind_prs17082023.pdf
227,Nifty Smallcap 250,UFLEX,2016-04-01,2023-09-29,,snapshot_floor,,closed by ind_prs17082023.pdf
227,Nifty Smallcap 250,KIRLFER,2023-09-29,2023-10-26,,press_release,https://niftyindices.com/Press_Release/ind_prs17082023.pdf,closed by ind_prs17102023.pdf
227,Nifty Smallcap 250,AARTIDRUGS,2020-09-25,2024-03-28,,press_release,https://niftyindices.com/Press_Release/ind_prs20082020.pdf,closed by ind_prs28022024.pdf
227,Nifty Smallcap 250,BCG,2022-03-31,2024-03-28,,press_release,https://niftyindices.com/Press_Release/ind_prs24022022_1.pdf,closed by ind_prs28022024.pdf
227,Nifty Smallcap 250,DELTACORP,2016-04-01,2024-03-28,,snapshot_floor,,closed by ind_prs28022024.pdf
227,Nifty Smallcap 250,EPIGRAL,2016-04-01,2024-03-28,,snapshot_floor,,closed by ind_prs28022024.pdf
227,Nifty Smallcap 250,GRINFRA,2022-03-31,2024-03-28,,press_release,https://niftyindices.com/Press_Release/ind_prs24022022_1.pdf,closed by ind_prs28022024.pdf
227,Nifty Smallcap 250,GALAXYSURF,2018-09-28,2024-03-28,,press_release,https://niftyindices.com/Press_Release/ind_prs28082018.pdf,closed by ind_prs28022024.pdf
227,Nifty Smallcap 250,GOCOLORS,2022-03-31,2024-03-28,,press_release,https://niftyindices.com/Press_Release/ind_prs24022022_1.pdf,closed by ind_prs28022024.pdf
227,Nifty Smallcap 250,GUJALKALI,2017-03-31,2024-03-28,,press_release,https://niftyindices.com/Press_Release/ind_prs16022017.pdf,closed by ind_prs28022024.pdf
227,Nifty Smallcap 250,HLEGLAS,2022-03-31,2024-03-28,,press_release,https://niftyindices.com/Press_Release/ind_prs24022022_1.pdf,closed by ind_prs28022024.pdf
227,Nifty Smallcap 250,IDBI,2022-09-30,2024-03-28,,press_release,https://niftyindices.com/Press_Release/ind_prs01092022.pdf,closed by ind_prs28022024.pdf
227,Nifty Smallcap 250,INFIBEAM,2021-04-29,2024-03-28,,press_release,https://niftyindices.com/Press_Release/ind_prs22042021.pdf,closed by ind_prs28022024.pdf
227,Nifty Smallcap 250,INGERRAND,2023-03-31,2024-03-28,,press_release,https://niftyindices.com/Press_Release/ind_prs17022023_1.pdf,closed by ind_prs28022024.pdf
227,Nifty Smallcap 250,JAMNAAUTO,2019-03-29,2024-03-28,,press_release,https://niftyindices.com/Press_Release/ind_prs25022019.pdf,closed by ind_prs28022024.pdf
227,Nifty Smallcap 250,KALYANKJIL,2021-09-30,2024-03-28,,press_release,https://niftyindices.com/Press_Release/ind_prs15092021.pdf,closed by ind_prs28022024.pdf
227,Nifty Smallcap 250,KEI,2019-03-29,2024-03-28,,press_release,https://niftyindices.com/Press_Release/ind_prs25022019.pdf,closed by ind_prs28022024.pdf
227,Nifty Smallcap 250,LAXMIMACH,2016-04-01,2024-03-28,,snapshot_floor,,closed by ind_prs28022024.pdf
227,Nifty Smallcap 250,LUXIND,2018-09-28,2024-03-28,,press_release,https://niftyindices.com/Press_Release/ind_prs28082018.pdf,closed by ind_prs28022024.pdf
227,Nifty Smallcap 250,NAZARA,2021-09-30,2024-03-28,,press_release,https://niftyindices.com/Press_Release/ind_prs15092021.pdf,closed by ind_prs28022024.pdf
227,Nifty Smallcap 250,ORIENTELEC,2019-03-29,2024-03-28,,press_release,https://niftyindices.com/Press_Release/ind_prs25022019.pdf,closed by ind_prs28022024.pdf
227,Nifty Smallcap 250,POLYPLEX,2020-09-25,2024-03-28,,press_release,https://niftyindices.com/Press_Release/ind_prs20082020.pdf,closed by ind_prs28022024.pdf
227,Nifty Smallcap 250,PGHL,2023-09-29,2024-03-28,,press_release,https://niftyindices.com/Press_Release/ind_prs17082023.pdf,closed by ind_prs28022024.pdf
227,Nifty Smallcap 250,RAIN,2016-04-01,2024-03-28,,snapshot_floor,,closed by ind_prs28022024.pdf
227,Nifty Smallcap 250,RALLIS,2016-04-01,2024-03-28,,snapshot_floor,,closed by ind_prs28022024.pdf
227,Nifty Smallcap 250,ROSSARI,2021-03-31,2024-03-28,,press_release,https://niftyindices.com/Press_Release/ind_prs23022021.pdf,closed by ind_prs28022024.pdf
227,Nifty Smallcap 250,SHARDACROP,2022-09-30,2024-03-28,,press_release,https://niftyindices.com/Press_Release/ind_prs01092022.pdf,closed by ind_prs28022024.pdf
227,Nifty Smallcap 250,SFL,2023-09-29,2024-03-28,,press_release,https://niftyindices.com/Press_Release/ind_prs17082023.pdf,closed by ind_prs28022024.pdf
227,Nifty Smallcap 250,SHOPERSTOP,2022-09-30,2024-03-28,,press_release,https://niftyindices.com/Press_Release/ind_prs16092022.pdf,closed by ind_prs28022024.pdf
227,Nifty Smallcap 250,SJVN,2021-09-30,2024-03-28,,press_release,https://niftyindices.com/Press_Release/ind_prs15092021.pdf,closed by ind_prs28022024.pdf
227,Nifty Smallcap 250,SUPRAJIT,2019-03-29,2024-03-28,,press_release,https://niftyindices.com/Press_Release/ind_prs25022019.pdf,closed by ind_prs28022024.pdf
227,Nifty Smallcap 250,SUZLON,2018-09-28,2024-03-28,,press_release,https://niftyindices.com/Press_Release/ind_prs28082018.pdf,closed by ind_prs28022024.pdf
227,Nifty Smallcap 250,SYMPHONY,2023-09-29,2024-03-28,,press_release,https://niftyindices.com/Press_Release/ind_prs17082023.pdf,closed by ind_prs28022024.pdf
227,Nifty Smallcap 250,TEAMLEASE,2018-09-28,2024-03-28,,press_release,https://niftyindices.com/Press_Release/ind_prs28082018.pdf,closed by ind_prs28022024.pdf
227,Nifty Smallcap 250,TTKPRESTIG,2022-03-31,2024-03-28,,press_release,https://niftyindices.com/Press_Release/ind_prs24022022_1.pdf,closed by ind_prs28022024.pdf
227,Nifty Smallcap 250,VMART,2018-09-28,2024-03-28,,press_release,https://niftyindices.com/Press_Release/ind_prs28082018.pdf,closed by ind_prs28022024.pdf
227,Nifty Smallcap 250,ZYDUSWELL,2022-03-31,2024-03-28,,press_release,https://niftyindices.com/Press_Release/ind_prs24022022_1.pdf,closed by ind_prs28022024.pdf
227,Nifty Smallcap 250,BSE,2017-09-29,2024-03-28,,press_release,https://niftyindices.com/Press_Release/ind_prs28082017.pdf,closed by ind_prs19032024.pdf
227,Nifty Smallcap 250,AETHER,2022-09-30,2024-09-30,,press_release,https://niftyindices.com/Press_Release/ind_prs01092022.pdf,closed by ind_prs23082024.pdf
227,Nifty Smallcap 250,ALLCARGO,2023-09-29,2024-09-30,,press_release,https://niftyindices.com/Press_Release/ind_prs17082023.pdf,closed by ind_prs23082024.pdf
227,Nifty Smallcap 250,ANURAS,2021-09-30,2024-09-30,,press_release,https://niftyindices.com/Press_Release/ind_prs15092021.pdf,closed by ind_prs23082024.pdf
227,Nifty Smallcap 250,BORORENEW,2022-03-31,2024-09-30,,press_release,https://niftyindices.com/Press_Release/ind_prs24022022_1.pdf,closed by ind_prs23082024.pdf
227,Nifty Smallcap 250,CENTRALBK,2020-09-25,2024-09-30,,press_release,https://niftyindices.com/Press_Release/ind_prs20082020.pdf,closed by ind_prs23082024.pdf
227,Nifty Smallcap 250,COCHINSHIP,2018-02-05,2024-09-30,,press_release,https://niftyindices.com/Press_Release/ind_prs08012018.pdf,closed by ind_prs23082024.pdf
227,Nifty Smallcap 250,CSBBANK,2020-06-26,2024-09-30,,press_release,https://niftyindices.com/Press_Release/ind_prs10062020.pdf,closed by ind_prs23082024.pdf
227,Nifty Smallcap 250,DCMSHRIRAM,2016-04-01,2024-09-30,,snapshot_floor,,closed by ind_prs23082024.pdf
227,Nifty Smallcap 250,EPL,2019-03-29,2024-09-30,,press_release,https://niftyindices.com/Press_Release/ind_prs25022019.pdf,closed by ind_prs23082024.pdf
227,Nifty Smallcap 250,EXIDEIND,2022-09-30,2024-09-30,,press_release,https://niftyindices.com/Press_Release/ind_prs01092022.pdf,closed by ind_prs23082024.pdf
227,Nifty Smallcap 250,FDC,2018-09-28,2024-09-30,,press_release,https://niftyindices.com/Press_Release/ind_prs28082018.pdf,closed by ind_prs23082024.pdf
227,Nifty Smallcap 250,GLS,2023-09-29,2024-09-30,,press_release,https://niftyindices.com/Press_Release/ind_prs17082023.pdf,closed by ind_prs23082024.pdf
227,Nifty Smallcap 250,MEDANTA,2023-03-31,2024-09-30,,press_release,https://niftyindices.com/Press_Release/ind_prs17022023_1.pdf,closed by ind_prs23082024.pdf
227,Nifty Smallcap 250,GMMPFAUDLR,2020-06-26,2024-09-30,,press_release,https://niftyindices.com/Press_Release/ind_prs10062020.pdf,closed by ind_prs23082024.pdf
227,Nifty Smallcap 250,HAPPYFORGE,2024-03-28,2024-09-30,,press_release,https://niftyindices.com/Press_Release/ind_prs28022024.pdf,closed by ind_prs23082024.pdf
227,Nifty Smallcap 250,POWERINDIA,2020-09-25,2024-09-30,,press_release,https://niftyindices.com/Press_Release/ind_prs20082020.pdf,closed by ind_prs23082024.pdf
227,Nifty Smallcap 250,HUDCO,2021-03-31,2024-09-30,,press_release,https://niftyindices.com/Press_Release/ind_prs23022021.pdf,closed by ind_prs23082024.pdf
227,Nifty Smallcap 250,IOB,2020-09-25,2024-09-30,,press_release,https://niftyindices.com/Press_Release/ind_prs20082020.pdf,closed by ind_prs23082024.pdf
227,Nifty Smallcap 250,INDIGOPNTS,2021-09-30,2024-09-30,,press_release,https://niftyindices.com/Press_Release/ind_prs15092021.pdf,closed by ind_prs23082024.pdf
227,Nifty Smallcap 250,IRB,2018-09-28,2024-09-30,,press_release,https://niftyindices.com/Press_Release/ind_prs28082018.pdf,closed by ind_prs23082024.pdf
227,Nifty Smallcap 250,JAIBALAJI,2024-03-28,2024-09-30,,press_release,https://niftyindices.com/Press_Release/ind_prs28022024.pdf,closed by ind_prs23082024.pdf
227,Nifty Smallcap 250,JKPAPER,2019-03-29,2024-09-30,,press_release,https://niftyindices.com/Press_Release/ind_prs25022019.pdf,closed by ind_prs23082024.pdf
227,Nifty Smallcap 250,KRBL,2020-06-26,2024-09-30,,press_release,https://niftyindices.com/Press_Release/ind_prs10062020.pdf,closed by ind_prs23082024.pdf
227,Nifty Smallcap 250,LXCHEM,2021-09-30,2024-09-30,,press_release,https://niftyindices.com/Press_Release/ind_prs15092021.pdf,closed by ind_prs23082024.pdf
227,Nifty Smallcap 250,MHRIL,2016-04-01,2024-09-30,,snapshot_floor,,closed by ind_prs23082024.pdf
227,Nifty Smallcap 250,MRPL,2021-03-31,2024-09-30,,press_release,https://niftyindices.com/Press_Release/ind_prs23022021.pdf,closed by ind_prs23082024.pdf
227,Nifty Smallcap 250,MEDPLUS,2022-03-31,2024-09-30,,press_release,https://niftyindices.com/Press_Release/ind_prs24022022_1.pdf,closed by ind_prs23082024.pdf
227,Nifty Smallcap 250,MTARTECH,2022-04-07,2024-09-30,,press_release,https://niftyindices.com/Press_Release/ind_prs06042022.pdf,closed by ind_prs23082024.pdf
227,Nifty Smallcap 250,NAM-INDIA,2023-09-29,2024-09-30,,press_release,https://niftyindices.com/Press_Release/ind_prs17082023.pdf,closed by ind_prs23082024.pdf
227,Nifty Smallcap 250,NLCINDIA,2021-03-31,2024-09-30,,press_release,https://niftyindices.com/Press_Release/ind_prs23022021.pdf,closed by ind_prs23082024.pdf
227,Nifty Smallcap 250,PRINCEPIPE,2021-03-31,2024-09-30,,press_release,https://niftyindices.com/Press_Release/ind_prs23022021.pdf,closed by ind_prs23082024.pdf
227,Nifty Smallcap 250,RBA,2021-04-29,2024-09-30,,press_release,https://niftyindices.com/Press_Release/ind_prs22042021.pdf,closed by ind_prs23082024.pdf
227,Nifty Smallcap 250,SAFARI,2023-09-29,2024-09-30,,press_release,https://niftyindices.com/Press_Release/ind_prs17082023.pdf,closed by ind_prs23082024.pdf
227,Nifty Smallcap 250,STLTECH,2016-04-01,2024-09-30,,snapshot_floor,,closed by ind_prs23082024.pdf
227,Nifty Smallcap 250,SUNTECK,2016-04-01,2024-09-30,,snapshot_floor,,closed by ind_prs23082024.pdf
227,Nifty Smallcap 250,TMB,2024-03-28,2024-09-30,,press_release,https://niftyindices.com/Press_Release/ind_prs28022024.pdf,closed by ind_prs23082024.pdf
227,Nifty Smallcap 250,TATAINVEST,2022-03-31,2024-09-30,,press_release,https://niftyindices.com/Press_Release/ind_prs24022022_1.pdf,closed by ind_prs23082024.pdf
227,Nifty Smallcap 250,VAIBHAVGBL,2022-03-31,2024-09-30,,press_release,https://niftyindices.com/Press_Release/ind_prs24022022_1.pdf,closed by ind_prs23082024.pdf
227,Nifty Smallcap 250,IDFC,2018-09-28,2024-10-10,,press_release,https://niftyindices.com/Press_Release/ind_prs28082018.pdf,closed by ind_prs04102024.pdf
227,Nifty Smallcap 250,TV18BRDCST,2019-03-29,2024-10-16,,press_release,https://niftyindices.com/Press_Release/ind_prs25022019.pdf,closed by ind_prs10102024.pdf
227,Nifty Smallcap 250,ISEC,2024-09-30,2025-03-21,,press_release,https://niftyindices.com/Press_Release/ind_prs23082024.pdf,closed by ind_prs17032025.pdf
227,Nifty Smallcap 250,APARINDS,2023-03-31,2025-03-28,,press_release,https://niftyindices.com/Press_Release/ind_prs17022023_1.pdf,closed by ind_prs21022025.pdf
227,Nifty Smallcap 250,ACI,2023-03-31,2025-03-28,,press_release,https://niftyindices.com/Press_Release/ind_prs17022023_1.pdf,closed by ind_prs21022025.pdf
227,Nifty Smallcap 250,AVANTIFEED,2019-03-29,2025-03-28,,press_release,https://niftyindices.com/Press_Release/ind_prs25022019.pdf,closed by ind_prs21022025.pdf
227,Nifty Smallcap 250,BALAMINES,2021-03-31,2025-03-28,,press_release,https://niftyindices.com/Press_Release/ind_prs23022021.pdf,closed by ind_prs21022025.pdf
227,Nifty Smallcap 250,BIRLACORPN,2016-04-01,2025-03-28,,snapshot_floor,,closed by ind_prs21022025.pdf
227,Nifty Smallcap 250,BLUESTARCO,2016-04-01,2025-03-28,,snapshot_floor,,closed by ind_prs21022025.pdf
227,Nifty Smallcap 250,CELLO,2024-03-28,2025-03-28,,press_release,https://niftyindices.com/Press_Release/ind_prs28022024.pdf,closed by ind_prs21022025.pdf
227,Nifty Smallcap 250,CHEMPLASTS,2022-03-31,2025-03-28,,press_release,https://niftyindices.com/Press_Release/ind_prs24022022_1.pdf,closed by ind_prs21022025.pdf
227,Nifty Smallcap 250,CIEINDIA,2016-04-01,2025-03-28,,snapshot_floor,,closed by ind_prs21022025.pdf
227,Nifty Smallcap 250,EASEMYTRIP,2022-03-31,2025-03-28,,press_release,https://niftyindices.com/Press_Release/ind_prs24022022_1.pdf,closed by ind_prs21022025.pdf
227,Nifty Smallcap 250,EQUITASBNK,2021-09-30,2025-03-28,,press_release,https://niftyindices.com/Press_Release/ind_prs15092021.pdf,closed by ind_prs21022025.pdf
227,Nifty Smallcap 250,FINEORG,2023-09-29,2025-03-28,,press_release,https://niftyindices.com/Press_Release/ind_prs17082023.pdf,closed by ind_prs21022025.pdf
227,Nifty Smallcap 250,GRINFRA,2024-09-30,2025-03-28,,press_release,https://niftyindices.com/Press_Release/ind_prs23082024.pdf,closed by ind_prs21022025.pdf
227,Nifty Smallcap 250,GVT&D,2016-04-01,2025-03-28,,snapshot_floor,,closed by ind_prs21022025.pdf
227,Nifty Smallcap 250,GLENMARK,2022-09-30,2025-03-28,,press_release,https://niftyindices.com/Press_Release/ind_prs01092022.pdf,closed by ind_prs21022025.pdf
227,Nifty Smallcap 250,GAEL,2020-09-25,2025-03-28,,press_release,https://niftyindices.com/Press_Release/ind_prs20082020.pdf,closed by ind_prs21022025.pdf
227,Nifty Smallcap 250,GSFC,2016-04-01,2025-03-28,,snapshot_floor,,closed by ind_prs21022025.pdf
227,Nifty Smallcap 250,JKLAKSHMI,2016-04-01,2025-03-28,,snapshot_floor,,closed by ind_prs21022025.pdf
227,Nifty Smallcap 250,KSB,2023-03-31,2025-03-28,,press_release,https://niftyindices.com/Press_Release/ind_prs17022023_1.pdf,closed by ind_prs21022025.pdf
227,Nifty Smallcap 250,MAHLIFE,2022-09-30,2025-03-28,,press_release,https://niftyindices.com/Press_Release/ind_prs01092022.pdf,closed by ind_prs21022025.pdf
227,Nifty Smallcap 250,MOTILALOFS,2022-03-31,2025-03-28,,press_release,https://niftyindices.com/Press_Release/ind_prs24022022_1.pdf,closed by ind_prs21022025.pdf
227,Nifty Smallcap 250,NATIONALUM,2023-03-31,2025-03-28,,press_release,https://niftyindices.com/Press_Release/ind_prs17022023_1.pdf,closed by ind_prs21022025.pdf
227,Nifty Smallcap 250,NUVOCO,2022-09-30,2025-03-28,,press_release,https://niftyindices.com/Press_Release/ind_prs01092022.pdf,closed by ind_prs21022025.pdf
227,Nifty Smallcap 250,RAJESHEXPO,2024-03-28,2025-03-28,,press_release,https://niftyindices.com/Press_Release/ind_prs28022024.pdf,closed by ind_prs21022025.pdf
227,Nifty Smallcap 250,RATNAMANI,2019-09-27,2025-03-28,,press_release,https://niftyindices.com/Press_Release/ind_prs28082019.pdf,closed by ind_prs21022025.pdf
227,Nifty Smallcap 250,SANOFI,2023-03-31,2025-03-28,,press_release,https://niftyindices.com/Press_Release/ind_prs17022023_1.pdf,closed by ind_prs21022025.pdf
227,Nifty Smallcap 250,SPARC,2019-09-27,2025-03-28,,press_release,https://niftyindices.com/Press_Release/ind_prs28082019.pdf,closed by ind_prs21022025.pdf
227,Nifty Smallcap 250,TVSSCS,2024-03-28,2025-03-28,,press_release,https://niftyindices.com/Press_Release/ind_prs28022024.pdf,closed by ind_prs21022025.pdf
227,Nifty Smallcap 250,UJJIVANSFB,2023-09-29,2025-03-28,,press_release,https://niftyindices.com/Press_Release/ind_prs17082023.pdf,closed by ind_prs21022025.pdf
227,Nifty Smallcap 250,VIPIND,2016-04-01,2025-03-28,,snapshot_floor,,closed by ind_prs21022025.pdf
227,Nifty Smallcap 250,VARROC,2020-06-26,2025-03-28,,press_release,https://niftyindices.com/Press_Release/ind_prs10062020.pdf,closed by ind_prs21022025.pdf
227,Nifty Smallcap 250,VINATIORGA,2024-09-30,2025-03-28,,press_release,https://niftyindices.com/Press_Release/ind_prs23082024.pdf,closed by ind_prs21022025.pdf
227,Nifty Smallcap 250,QUESS,2020-09-25,2025-04-11,,press_release,https://niftyindices.com/Press_Release/ind_prs20082020.pdf,closed by ind_prs04042025_2.pdf
227,Nifty Smallcap 250,PEL,2024-09-30,2025-09-23,,press_release,https://niftyindices.com/Press_Release/ind_prs23082024.pdf,closed by ind_prs15092025_1.pdf
227,Nifty Smallcap 250,ALIVUS,2025-03-28,2025-09-30,,press_release,https://niftyindices.com/Press_Release/ind_prs21022025.pdf,closed by ind_prs22082025.pdf
227,Nifty Smallcap 250,FACT,2025-03-28,2025-09-30,,press_release,https://niftyindices.com/Press_Release/ind_prs21022025.pdf,closed by ind_prs22082025.pdf
227,Nifty Smallcap 250,GODFRYPHLP,2016-04-01,2025-09-30,,snapshot_floor,,closed by ind_prs22082025.pdf
227,Nifty Smallcap 250,GNFC,2017-03-31,2025-09-30,,press_release,https://niftyindices.com/Press_Release/ind_prs16022017.pdf,closed by ind_prs22082025.pdf
227,Nifty Smallcap 250,GPPL,2018-04-02,2025-09-30,,press_release,https://niftyindices.com/Press_Release/ind_prs21022018.pdf,closed by ind_prs22082025.pdf
227,Nifty Smallcap 250,IDBI,2025-03-28,2025-09-30,,press_release,https://niftyindices.com/Press_Release/ind_prs21022025.pdf,closed by ind_prs22082025.pdf
227,Nifty Smallcap 250,IOB,2025-03-28,2025-09-30,,press_release,https://niftyindices.com/Press_Release/ind_prs21022025.pdf,closed by ind_prs22082025.pdf
227,Nifty Smallcap 250,JSWHL,2025-03-28,2025-09-30,,press_release,https://niftyindices.com/Press_Release/ind_prs21022025.pdf,closed by ind_prs22082025.pdf
227,Nifty Smallcap 250,JUSTDIAL,2017-03-31,2025-09-30,,press_release,https://niftyindices.com/Press_Release/ind_prs16022017.pdf,closed by ind_prs22082025.pdf
227,Nifty Smallcap 250,KANSAINER,2024-09-30,2025-09-30,,press_release,https://niftyindices.com/Press_Release/ind_prs23082024.pdf,closed by ind_prs22082025.pdf
227,Nifty Smallcap 250,KNRCON,2018-04-02,2025-09-30,,press_release,https://niftyindices.com/Press_Release/ind_prs21022018.pdf,closed by ind_prs22082025.pdf
227,Nifty Smallcap 250,MASTEK,2021-09-30,2025-09-30,,press_release,https://niftyindices.com/Press_Release/ind_prs15092021.pdf,closed by ind_prs22082025.pdf
227,Nifty Smallcap 250,NETWORK18,2020-11-02,2025-09-30,,press_release,https://niftyindices.com/Press_Release/ind_prs26102020.pdf,closed by ind_prs22082025.pdf
227,Nifty Smallcap 250,PNCINFRA,2016-04-01,2025-09-30,,snapshot_floor,,closed by ind_prs22082025.pdf
227,Nifty Smallcap 250,RTNINDIA,2022-03-31,2025-09-30,,press_release,https://niftyindices.com/Press_Release/ind_prs24022022_1.pdf,closed by ind_prs22082025.pdf
227,Nifty Smallcap 250,RAYMONDLSL,2025-03-21,2025-09-30,,press_release,https://niftyindices.com/Press_Release/ind_prs17032025.pdf,closed by ind_prs22082025.pdf
227,Nifty Smallcap 250,RAYMOND,2022-09-30,2025-09-30,,press_release,https://niftyindices.com/Press_Release/ind_prs01092022.pdf,closed by ind_prs22082025.pdf
227,Nifty Smallcap 250,ROUTE,2021-03-31,2025-09-30,,press_release,https://niftyindices.com/Press_Release/ind_prs23022021.pdf,closed by ind_prs22082025.pdf
227,Nifty Smallcap 250,RENUKA,2022-03-31,2025-09-30,,press_release,https://niftyindices.com/Press_Release/ind_prs24022022_1.pdf,closed by ind_prs22082025.pdf
227,Nifty Smallcap 250,SWSOLAR,2020-03-27,2025-09-30,,press_release,https://niftyindices.com/Press_Release/ind_prs18022020.pdf,closed by ind_prs22082025.pdf
227,Nifty Smallcap 250,TANLA,2021-03-31,2025-09-30,,press_release,https://niftyindices.com/Press_Release/ind_prs23022021.pdf,closed by ind_prs22082025.pdf
227,Nifty Smallcap 250,UCOBANK,2022-12-30,2025-09-30,,press_release,https://niftyindices.com/Press_Release/ind_prs06122022.pdf,closed by ind_prs22082025.pdf
227,Nifty Smallcap 250,WESTLIFE,2019-12-27,2025-09-30,,press_release,https://niftyindices.com/Press_Release/ind_prs16122019.pdf,closed by ind_prs22082025.pdf
227,Nifty Smallcap 250,SKFINDIA,2025-03-28,2025-12-31,,press_release,https://niftyindices.com/Press_Release/ind_prs21022025.pdf,closed by ind_prs11122025.pdf
227,Nifty Smallcap 250,AKUMS,2024-10-16,2026-03-30,,press_release,https://niftyindices.com/Press_Release/ind_prs10102024.pdf,closed by ind_prs23022026.pdf
227,Nifty Smallcap 250,APLLTD,2023-03-31,2026-03-30,,press_release,https://niftyindices.com/Press_Release/ind_prs17022023_1.pdf,closed by ind_prs23022026.pdf
227,Nifty Smallcap 250,ALKYLAMINE,2023-09-29,2026-03-30,,press_release,https://niftyindices.com/Press_Release/ind_prs17082023.pdf,closed by ind_prs23022026.pdf
227,Nifty Smallcap 250,ALOKINDS,2023-09-29,2026-03-30,,press_release,https://niftyindices.com/Press_Release/ind_prs17082023.pdf,closed by ind_prs23022026.pdf
227,Nifty Smallcap 250,ASTRAZEN,2024-03-28,2026-03-30,,press_release,https://niftyindices.com/Press_Release/ind_prs28022024.pdf,closed by ind_prs23022026.pdf
227,Nifty Smallcap 250,AIIL,2025-03-28,2026-03-30,,press_release,https://niftyindices.com/Press_Release/ind_prs21022025.pdf,closed by ind_prs23022026.pdf
227,Nifty Smallcap 250,BASF,2024-09-30,2026-03-30,,press_release,https://niftyindices.com/Press_Release/ind_prs23082024.pdf,closed by ind_prs23022026.pdf
227,Nifty Smallcap 250,CAMPUS,2022-08-08,2026-03-30,,press_release,https://niftyindices.com/Press_Release/ind_prs11072022.pdf,closed by ind_prs23022026.pdf
227,Nifty Smallcap 250,CENTURYPLY,2016-04-01,2026-03-30,,snapshot_floor,,closed by ind_prs23022026.pdf
227,Nifty Smallcap 250,CERA,2016-04-01,2026-03-30,,snapshot_floor,,closed by ind_prs23022026.pdf
227,Nifty Smallcap 250,AGARWALEYE,2025-09-30,2026-03-30,,press_release,https://niftyindices.com/Press_Release/ind_prs22082025.pdf,closed by ind_prs23022026.pdf
227,Nifty Smallcap 250,FINPIPE,2016-04-01,2026-03-30,,snapshot_floor,,closed by ind_prs23022026.pdf
227,Nifty Smallcap 250,GODREJAGRO,2024-09-30,2026-03-30,,press_release,https://niftyindices.com/Press_Release/ind_prs23082024.pdf,closed by ind_prs23022026.pdf
227,Nifty Smallcap 250,HAPPSTMNDS,2023-09-29,2026-03-30,,press_release,https://niftyindices.com/Press_Release/ind_prs17082023.pdf,closed by ind_prs23022026.pdf
227,Nifty Smallcap 250,INOXINDIA,2024-09-30,2026-03-30,,press_release,https://niftyindices.com/Press_Release/ind_prs23082024.pdf,closed by ind_prs23022026.pdf
227,Nifty Smallcap 250,JYOTHYLAB,2018-04-02,2026-03-30,,press_release,https://niftyindices.com/Press_Release/ind_prs21022018.pdf,closed by ind_prs23022026.pdf
227,Nifty Smallcap 250,KIRLOSBROS,2024-09-30,2026-03-30,,press_release,https://niftyindices.com/Press_Release/ind_prs23082024.pdf,closed by ind_prs23022026.pdf
227,Nifty Smallcap 250,KSB,2025-09-30,2026-03-30,,press_release,https://niftyindices.com/Press_Release/ind_prs22082025.pdf,closed by ind_prs23022026.pdf
227,Nifty Smallcap 250,LAURUSLABS,2024-09-30,2026-03-30,,press_release,https://niftyindices.com/Press_Release/ind_prs23082024.pdf,closed by ind_prs23022026.pdf
227,Nifty Smallcap 250,MAHSCOOTER,2025-09-30,2026-03-30,,press_release,https://niftyindices.com/Press_Release/ind_prs22082025.pdf,closed by ind_prs23022026.pdf
227,Nifty Smallcap 250,MAHSEAMLES,2024-03-28,2026-03-30,,press_release,https://niftyindices.com/Press_Release/ind_prs28022024.pdf,closed by ind_prs23022026.pdf
227,Nifty Smallcap 250,METROPOLIS,2022-09-30,2026-03-30,,press_release,https://niftyindices.com/Press_Release/ind_prs01092022.pdf,closed by ind_prs23022026.pdf
227,Nifty Smallcap 250,MCX,2019-09-27,2026-03-30,,press_release,https://niftyindices.com/Press_Release/ind_prs28082019.pdf,closed by ind_prs23022026.pdf
227,Nifty Smallcap 250,PRAJIND,2021-09-30,2026-03-30,,press_release,https://niftyindices.com/Press_Release/ind_prs15092021.pdf,closed by ind_prs23022026.pdf
227,Nifty Smallcap 250,RADICO,2016-04-01,2026-03-30,,snapshot_floor,,closed by ind_prs23022026.pdf
227,Nifty Smallcap 250,RCF,2016-04-01,2026-03-30,,snapshot_floor,,closed by ind_prs23022026.pdf
227,Nifty Smallcap 250,RELINFRA,2025-09-23,2026-03-30,,press_release,https://niftyindices.com/Press_Release/ind_prs15092025_1.pdf,closed by ind_prs23022026.pdf
227,Nifty Smallcap 250,SUNDRMFAST,2025-04-11,2026-03-30,,press_release,https://niftyindices.com/Press_Release/ind_prs04042025_2.pdf,closed by ind_prs23022026.pdf
227,Nifty Smallcap 250,TRIVENI,2022-05-31,2026-03-30,,press_release,https://niftyindices.com/Press_Release/ind_prs24052022.pdf,closed by ind_prs23022026.pdf
227,Nifty Smallcap 250,DBREALTY,2024-09-30,2026-03-30,,press_release,https://niftyindices.com/Press_Release/ind_prs23082024.pdf,closed by ind_prs23022026.pdf
227,Nifty Smallcap 250,MANYAVAR,2024-09-30,2026-03-30,,press_release,https://niftyindices.com/Press_Release/ind_prs23082024.pdf,closed by ind_prs23022026.pdf
227,Nifty Smallcap 250,VENTIVE,2025-09-30,2026-03-30,,press_release,https://niftyindices.com/Press_Release/ind_prs22082025.pdf,closed by ind_prs23022026.pdf
227,Nifty Smallcap 250,VGUARD,2021-09-30,2026-03-30,,press_release,https://niftyindices.com/Press_Release/ind_prs15092021.pdf,closed by ind_prs23022026.pdf
227,Nifty Smallcap 250,GSPL,2023-03-31,2026-05-12,,press_release,https://niftyindices.com/Press_Release/ind_prs17022023_1.pdf,closed by ind_prs04052026.pdf
227,Nifty Smallcap 250,CHAMBLFERT,2016-04-01,,,snapshot_floor,,
227,Nifty Smallcap 250,ANGELONE,2016-04-01,,,snapshot_floor,,
227,Nifty Smallcap 250,SONATSOFTW,2016-04-01,,,snapshot_floor,,
227,Nifty Smallcap 250,JSWDULUX,2016-04-01,,,snapshot_floor,,
227,Nifty Smallcap 250,CANFINHOME,2016-04-01,,,snapshot_floor,,
227,Nifty Smallcap 250,GRANULES,2016-04-01,,,snapshot_floor,,
227,Nifty Smallcap 250,WELCORP,2016-04-01,,,snapshot_floor,,
227,Nifty Smallcap 250,EIDPARRY,2016-04-01,,,snapshot_floor,,
227,Nifty Smallcap 250,ABREL,2016-04-01,,,snapshot_floor,,
227,Nifty Smallcap 250,SWANCORP,2016-04-01,,,snapshot_floor,,
227,Nifty Smallcap 250,FSL,2016-04-01,,,snapshot_floor,,
227,Nifty Smallcap 250,WELSPUNLIV,2016-04-01,,,snapshot_floor,,
227,Nifty Smallcap 250,BALRAMCHIN,2016-04-01,,,snapshot_floor,,
227,Nifty Smallcap 250,CEATLTD,2016-04-01,,,snapshot_floor,,
227,Nifty Smallcap 250,HFCL,2016-04-01,,,snapshot_floor,,
227,Nifty Smallcap 250,AEGISLOG,2016-04-01,,,snapshot_floor,,
227,Nifty Smallcap 250,KPIL,2016-04-01,,,snapshot_floor,,
227,Nifty Smallcap 250,MMTC,2016-04-01,,,snapshot_floor,,
227,Nifty Smallcap 250,PCBL,2016-04-01,,,snapshot_floor,,
227,Nifty Smallcap 250,REDINGTON,2016-04-01,,,snapshot_floor,,
227,Nifty Smallcap 250,NCC,2016-04-01,,,snapshot_floor,,
227,Nifty Smallcap 250,JBCHEPHARM,2016-04-01,,,snapshot_floor,,
227,Nifty Smallcap 250,COHANCE,2016-04-01,,,snapshot_floor,,
227,Nifty Smallcap 250,RHIM,2016-04-01,,,snapshot_floor,,
227,Nifty Smallcap 250,HBLENGINE,2016-04-01,,,snapshot_floor,,
227,Nifty Smallcap 250,INDIACEM,2016-04-01,,,snapshot_floor,,
227,Nifty Smallcap 250,CCL,2016-04-01,,,snapshot_floor,,
227,Nifty Smallcap 250,SOBHA,2016-04-01,,,snapshot_floor,,
227,Nifty Smallcap 250,KEC,2016-04-01,,,snapshot_floor,,
227,Nifty Smallcap 250,BRIGADE,2017-09-29,,,press_release,https://niftyindices.com/Press_Release/ind_prs28082017.pdf,
227,Nifty Smallcap 250,CYIENT,2017-09-29,,,press_release,https://niftyindices.com/Press_Release/ind_prs28082017.pdf,
227,Nifty Smallcap 250,ECLERX,2017-09-29,,,press_release,https://niftyindices.com/Press_Release/ind_prs28082017.pdf,
227,Nifty Smallcap 250,GESHIP,2017-09-29,,,press_release,https://niftyindices.com/Press_Release/ind_prs28082017.pdf,
227,Nifty Smallcap 250,CDSL,2018-04-02,,,press_release,https://niftyindices.com/Press_Release/ind_prs21022018.pdf,
227,Nifty Smallcap 250,NH,2018-04-02,,,press_release,https://niftyindices.com/Press_Release/ind_prs21022018.pdf,
227,Nifty Smallcap 250,VTL,2018-04-02,,,press_release,https://niftyindices.com/Press_Release/ind_prs21022018.pdf,
227,Nifty Smallcap 250,WELSPUNIND,2018-04-02,2018-09-30,,press_release,https://niftyindices.com/Press_Release/ind_prs21022018.pdf,"inferred-exclude: not in NSE current snapshot, no PR found (closed at next semi-annual review)"
227,Nifty Smallcap 250,ASTERDM,2018-06-29,,,press_release,https://niftyindices.com/Press_Release/ind_prs20062018.pdf,
227,Nifty Smallcap 250,ELGIEQUIP,2018-09-28,,,press_release,https://niftyindices.com/Press_Release/ind_prs28082018.pdf,
227,Nifty Smallcap 250,KARURVYSYA,2018-09-28,,,press_release,https://niftyindices.com/Press_Release/ind_prs28082018.pdf,
227,Nifty Smallcap 250,PHILIPCARB,2018-09-28,2018-09-30,,press_release,https://niftyindices.com/Press_Release/ind_prs28082018.pdf,"inferred-exclude: not in NSE current snapshot, no PR found (closed at next semi-annual review)"
227,Nifty Smallcap 250,ZENSARTECH,2018-09-28,,,press_release,https://niftyindices.com/Press_Release/ind_prs28082018.pdf,
227,Nifty Smallcap 250,RITES,2018-12-28,,,press_release,https://niftyindices.com/Press_Release/ind_prs14122018.pdf,
227,Nifty Smallcap 250,IIFL,2019-09-27,,,press_release,https://niftyindices.com/Press_Release/ind_prs17092019.pdf,
227,Nifty Smallcap 250,AMBER,2019-09-27,,,press_release,https://niftyindices.com/Press_Release/ind_prs28082019.pdf,
227,Nifty Smallcap 250,BSOFT,2019-09-27,,,press_release,https://niftyindices.com/Press_Release/ind_prs28082019.pdf,
227,Nifty Smallcap 250,FINCABLES,2019-09-27,,,press_release,https://niftyindices.com/Press_Release/ind_prs28082019.pdf,
227,Nifty Smallcap 250,JCHAC,2019-09-27,2019-09-30,,press_release,https://niftyindices.com/Press_Release/ind_prs28082019.pdf,"inferred-exclude: not in NSE current snapshot, no PR found (closed at next semi-annual review)"
227,Nifty Smallcap 250,ORIENTREF,2019-09-27,2019-09-30,,press_release,https://niftyindices.com/Press_Release/ind_prs28082019.pdf,"inferred-exclude: not in NSE current snapshot, no PR found (closed at next semi-annual review)"
227,Nifty Smallcap 250,CENTURYTEX,2020-06-26,2020-09-30,,press_release,https://niftyindices.com/Press_Release/ind_prs10062020.pdf,"inferred-exclude: not in NSE current snapshot, no PR found (closed at next semi-annual review)"
227,Nifty Smallcap 250,FSC,2020-03-27,2020-03-31,,press_release,https://niftyindices.com/Press_Release/ind_prs18022020.pdf,"inferred-exclude: not in NSE current snapshot, no PR found (closed at next semi-annual review)"
227,Nifty Smallcap 250,GRAPHITE,2020-06-26,,,press_release,https://niftyindices.com/Press_Release/ind_prs10062020.pdf,
227,Nifty Smallcap 250,HEG,2020-06-26,,,press_release,https://niftyindices.com/Press_Release/ind_prs10062020.pdf,
227,Nifty Smallcap 250,NBCC,2020-06-26,,,press_release,https://niftyindices.com/Press_Release/ind_prs10062020.pdf,
227,Nifty Smallcap 250,STRTECH,2020-06-26,2020-09-30,,press_release,https://niftyindices.com/Press_Release/ind_prs10062020.pdf,"inferred-exclude: not in NSE current snapshot, no PR found (closed at next semi-annual review)"
227,Nifty Smallcap 250,ENGINERSIN,2020-06-26,,,press_release,https://niftyindices.com/Press_Release/ind_prs10062020.pdf,
227,Nifty Smallcap 250,POLYMED,2020-06-26,,,press_release,https://niftyindices.com/Press_Release/ind_prs10062020.pdf,
227,Nifty Smallcap 250,TATACOFFEE,2020-09-14,2020-09-30,,press_release,https://niftyindices.com/Press_Release/ind_prs07092020.pdf,"inferred-exclude: not in NSE current snapshot, no PR found (closed at next semi-annual review)"
227,Nifty Smallcap 250,CHALET,2020-09-25,,,press_release,https://niftyindices.com/Press_Release/ind_prs20082020.pdf,
227,Nifty Smallcap 250,EIHOTEL,2020-09-25,,,press_release,https://niftyindices.com/Press_Release/ind_prs20082020.pdf,
227,Nifty Smallcap 250,PAPERPROD,2020-09-25,2020-09-30,,press_release,https://niftyindices.com/Press_Release/ind_prs20082020.pdf,"inferred-exclude: not in NSE current snapshot, no PR found (closed at next semi-annual review)"
227,Nifty Smallcap 250,PNBHOUSING,2020-09-25,,,press_release,https://niftyindices.com/Press_Release/ind_prs20082020.pdf,
227,Nifty Smallcap 250,MAHINDCIE,2020-11-25,2021-03-31,,press_release,https://niftyindices.com/Press_Release/ind_prs18112020.pdf,"inferred-exclude: not in NSE current snapshot, no PR found (closed at next semi-annual review)"
227,Nifty Smallcap 250,ANGELBRKG,2021-03-31,2021-09-30,,press_release,https://niftyindices.com/Press_Release/ind_prs23022021.pdf,"inferred-exclude: not in NSE current snapshot, no PR found (closed at next semi-annual review)"
227,Nifty Smallcap 250,ASAHIINDIA,2021-03-31,,,press_release,https://niftyindices.com/Press_Release/ind_prs23022021.pdf,
227,Nifty Smallcap 250,CAMS,2021-03-31,,,press_release,https://niftyindices.com/Press_Release/ind_prs23022021.pdf,
227,Nifty Smallcap 250,INTELLECT,2021-03-31,,,press_release,https://niftyindices.com/Press_Release/ind_prs23022021.pdf,
227,Nifty Smallcap 250,TRITURBINE,2021-03-31,,,press_release,https://niftyindices.com/Press_Release/ind_prs23022021.pdf,
227,Nifty Smallcap 250,UTIAMC,2021-03-31,,,press_release,https://niftyindices.com/Press_Release/ind_prs23022021.pdf,
227,Nifty Smallcap 250,BBTC,2021-09-30,,,press_release,https://niftyindices.com/Press_Release/ind_prs15092021.pdf,
227,Nifty Smallcap 250,CESC,2021-09-30,,,press_release,https://niftyindices.com/Press_Release/ind_prs15092021.pdf,
227,Nifty Smallcap 250,CREDITACC,2021-09-30,,,press_release,https://niftyindices.com/Press_Release/ind_prs15092021.pdf,
227,Nifty Smallcap 250,HOMEFIRST,2021-09-30,,,press_release,https://niftyindices.com/Press_Release/ind_prs15092021.pdf,
227,Nifty Smallcap 250,IIFLWAM,2021-09-30,2022-03-31,,press_release,https://niftyindices.com/Press_Release/ind_prs15092021.pdf,"inferred-exclude: not in NSE current snapshot, no PR found (closed at next semi-annual review)"
227,Nifty Smallcap 250,SAMMAANCAP,2021-09-30,,,press_release,https://niftyindices.com/Press_Release/ind_prs15092021.pdf,
227,Nifty Smallcap 250,JMFINANCIL,2021-09-30,,,press_release,https://niftyindices.com/Press_Release/ind_prs15092021.pdf,
227,Nifty Smallcap 250,JUBLINGREA,2021-09-30,,,press_release,https://niftyindices.com/Press_Release/ind_prs15092021.pdf,
227,Nifty Smallcap 250,JUBLPHARMA,2021-09-30,,,press_release,https://niftyindices.com/Press_Release/ind_prs15092021.pdf,
227,Nifty Smallcap 250,ARE&M,2022-03-31,,,press_release,https://niftyindices.com/Press_Release/ind_prs24022022_1.pdf,
227,Nifty Smallcap 250,APTUS,2022-03-31,,,press_release,https://niftyindices.com/Press_Release/ind_prs24022022_1.pdf,
227,Nifty Smallcap 250,MAPMYINDIA,2022-03-31,,,press_release,https://niftyindices.com/Press_Release/ind_prs24022022_1.pdf,
227,Nifty Smallcap 250,CASTROLIND,2022-03-31,,,press_release,https://niftyindices.com/Press_Release/ind_prs24022022_1.pdf,
227,Nifty Smallcap 250,CHOLAHLDNG,2022-03-31,,,press_release,https://niftyindices.com/Press_Release/ind_prs24022022_1.pdf,
227,Nifty Smallcap 250,CUB,2022-03-31,,,press_release,https://niftyindices.com/Press_Release/ind_prs24022022_1.pdf,
227,Nifty Smallcap 250,HINDCOPPER,2022-03-31,,,press_release,https://niftyindices.com/Press_Release/ind_prs24022022_1.pdf,
227,Nifty Smallcap 250,ITI,2022-03-31,,,press_release,https://niftyindices.com/Press_Release/ind_prs24022022_1.pdf,
227,Nifty Smallcap 250,KIMS,2022-03-31,,,press_release,https://niftyindices.com/Press_Release/ind_prs24022022_1.pdf,
227,Nifty Smallcap 250,LATENTVIEW,2022-03-31,,,press_release,https://niftyindices.com/Press_Release/ind_prs24022022_1.pdf,
227,Nifty Smallcap 250,MGL,2022-03-31,,,press_release,https://niftyindices.com/Press_Release/ind_prs24022022_1.pdf,
227,Nifty Smallcap 250,RBLBANK,2022-03-31,,,press_release,https://niftyindices.com/Press_Release/ind_prs24022022_1.pdf,
227,Nifty Smallcap 250,SAPPHIRE,2022-03-31,,,press_release,https://niftyindices.com/Press_Release/ind_prs24022022_1.pdf,
227,Nifty Smallcap 250,SHYAMMETL,2022-03-31,,,press_release,https://niftyindices.com/Press_Release/ind_prs24022022_1.pdf,
227,Nifty Smallcap 250,SUVENPHAR,2022-03-31,2022-09-30,,press_release,https://niftyindices.com/Press_Release/ind_prs24022022_1.pdf,"inferred-exclude: not in NSE current snapshot, no PR found (closed at next semi-annual review)"
227,Nifty Smallcap 250,VIJAYA,2022-03-31,,,press_release,https://niftyindices.com/Press_Release/ind_prs24022022_1.pdf,
227,Nifty Smallcap 250,CGCL,2022-04-12,,,press_release,https://niftyindices.com/Press_Release/ind_prs05042022_1.pdf,
227,Nifty Smallcap 250,DEEPAKFERT,2022-09-30,,,press_release,https://niftyindices.com/Press_Release/ind_prs01092022.pdf,
227,Nifty Smallcap 250,JBMA,2022-09-30,,,press_release,https://niftyindices.com/Press_Release/ind_prs01092022.pdf,
227,Nifty Smallcap 250,MANAPPURAM,2022-09-30,,,press_release,https://niftyindices.com/Press_Release/ind_prs01092022.pdf,
227,Nifty Smallcap 250,OLECTRA,2022-09-30,,,press_release,https://niftyindices.com/Press_Release/ind_prs01092022.pdf,
227,Nifty Smallcap 250,SWANENERGY,2022-09-30,2023-03-31,,press_release,https://niftyindices.com/Press_Release/ind_prs01092022.pdf,"inferred-exclude: not in NSE current snapshot, no PR found (closed at next semi-annual review)"
227,Nifty Smallcap 250,TEJASNET,2022-09-30,,,press_release,https://niftyindices.com/Press_Release/ind_prs01092022.pdf,
227,Nifty Smallcap 250,BEML,2022-12-30,,,press_release,https://niftyindices.com/Press_Release/ind_prs06122022.pdf,
227,Nifty Smallcap 250,LEMONTREE,2022-12-30,,,press_release,https://niftyindices.com/Press_Release/ind_prs06122022.pdf,
227,Nifty Smallcap 250,RAINBOW,2022-12-30,,,press_release,https://niftyindices.com/Press_Release/ind_prs22122022.pdf,
227,Nifty Smallcap 250,PVRINOX,2023-02-06,,,merger,https://www.nseindia.com/companies-listing/corporate-filings-actions,
227,Nifty Smallcap 250,PPLPHARMA,2023-02-17,,,press_release,https://niftyindices.com/Press_Release/ind_prs09022023_1.pdf,
227,Nifty Smallcap 250,BIKAJI,2023-03-31,,,press_release,https://niftyindices.com/Press_Release/ind_prs17022023_1.pdf,
227,Nifty Smallcap 250,BLS,2023-03-31,,,press_release,https://niftyindices.com/Press_Release/ind_prs17022023_1.pdf,
227,Nifty Smallcap 250,CRAFTSMAN,2023-03-31,,,press_release,https://niftyindices.com/Press_Release/ind_prs17022023_1.pdf,
227,Nifty Smallcap 250,DATAPATTNS,2023-03-31,,,press_release,https://niftyindices.com/Press_Release/ind_prs17022023_1.pdf,
227,Nifty Smallcap 250,FIVESTAR,2023-03-31,,,press_release,https://niftyindices.com/Press_Release/ind_prs17022023_1.pdf,
227,Nifty Smallcap 250,INDIAMART,2023-03-31,,,press_release,https://niftyindices.com/Press_Release/ind_prs17022023_1.pdf,
227,Nifty Smallcap 250,IEX,2023-03-31,,,press_release,https://niftyindices.com/Press_Release/ind_prs17022023_1.pdf,
227,Nifty Smallcap 250,KFINTECH,2023-03-31,,,press_release,https://niftyindices.com/Press_Release/ind_prs17022023_1.pdf,
227,Nifty Smallcap 250,MFL,2023-03-31,2023-09-30,,press_release,https://niftyindices.com/Press_Release/ind_prs17022023_1.pdf,"inferred-exclude: not in NSE current snapshot, no PR found (closed at next semi-annual review)"
227,Nifty Smallcap 250,NATCOPHARM,2023-03-31,,,press_release,https://niftyindices.com/Press_Release/ind_prs17022023_1.pdf,
227,Nifty Smallcap 250,ERIS,2023-04-28,,,press_release,https://niftyindices.com/Press_Release/ind_prs19042023_1.pdf,
227,Nifty Smallcap 250,NSLNISP,2023-04-28,,,press_release,https://niftyindices.com/Press_Release/ind_prs19042023_1.pdf,
227,Nifty Smallcap 250,AAVAS,2023-09-29,,,press_release,https://niftyindices.com/Press_Release/ind_prs17082023.pdf,
227,Nifty Smallcap 250,AFFLE,2023-09-29,,,press_release,https://niftyindices.com/Press_Release/ind_prs17082023.pdf,
227,Nifty Smallcap 250,CLEAN,2023-09-29,,,press_release,https://niftyindices.com/Press_Release/ind_prs17082023.pdf,
227,Nifty Smallcap 250,GILLETTE,2023-09-29,,,press_release,https://niftyindices.com/Press_Release/ind_prs17082023.pdf,
227,Nifty Smallcap 250,GPIL,2023-09-29,,,press_release,https://niftyindices.com/Press_Release/ind_prs17082023.pdf,
227,Nifty Smallcap 250,IRCON,2023-09-29,,,press_release,https://niftyindices.com/Press_Release/ind_prs17082023.pdf,
227,Nifty Smallcap 250,JINDALSAW,2023-09-29,,,press_release,https://niftyindices.com/Press_Release/ind_prs17082023.pdf,
227,Nifty Smallcap 250,KAYNES,2023-09-29,,,press_release,https://niftyindices.com/Press_Release/ind_prs17082023.pdf,
227,Nifty Smallcap 250,MINDACORP,2023-09-29,,,press_release,https://niftyindices.com/Press_Release/ind_prs17082023.pdf,
227,Nifty Smallcap 250,SAREGAMA,2023-09-29,,,press_release,https://niftyindices.com/Press_Release/ind_prs17082023.pdf,
227,Nifty Smallcap 250,SYRMA,2023-09-29,,,press_release,https://niftyindices.com/Press_Release/ind_prs17082023.pdf,
227,Nifty Smallcap 250,TTML,2023-09-29,,,press_release,https://niftyindices.com/Press_Release/ind_prs17082023.pdf,
227,Nifty Smallcap 250,USHAMART,2023-09-29,,,press_release,https://niftyindices.com/Press_Release/ind_prs17082023.pdf,
227,Nifty Smallcap 250,CONCORDBIO,2023-10-26,,,press_release,https://niftyindices.com/Press_Release/ind_prs17102023.pdf,
227,Nifty Smallcap 250,AARTIIND,2024-03-28,,,press_release,https://niftyindices.com/Press_Release/ind_prs28022024.pdf,
227,Nifty Smallcap 250,ACE,2024-03-28,,,press_release,https://niftyindices.com/Press_Release/ind_prs28022024.pdf,
227,Nifty Smallcap 250,ANANDRATHI,2024-03-28,,,press_release,https://niftyindices.com/Press_Release/ind_prs28022024.pdf,
227,Nifty Smallcap 250,BLUEDART,2024-03-28,,,press_release,https://niftyindices.com/Press_Release/ind_prs28022024.pdf,
227,Nifty Smallcap 250,CAPLIPOINT,2024-03-28,,,press_release,https://niftyindices.com/Press_Release/ind_prs28022024.pdf,
227,Nifty Smallcap 250,CHENNPETRO,2024-03-28,,,press_release,https://niftyindices.com/Press_Release/ind_prs28022024.pdf,
227,Nifty Smallcap 250,CROMPTON,2024-03-28,,,press_release,https://niftyindices.com/Press_Release/ind_prs28022024.pdf,
227,Nifty Smallcap 250,DOMS,2024-03-28,,,press_release,https://niftyindices.com/Press_Release/ind_prs28022024.pdf,
227,Nifty Smallcap 250,ELECON,2024-03-28,,,press_release,https://niftyindices.com/Press_Release/ind_prs28022024.pdf,
227,Nifty Smallcap 250,GRSE,2024-03-28,,,press_release,https://niftyindices.com/Press_Release/ind_prs28022024.pdf,
227,Nifty Smallcap 250,GMDCLTD,2024-03-28,,,press_release,https://niftyindices.com/Press_Release/ind_prs28022024.pdf,
227,Nifty Smallcap 250,HBLPOWER,2024-03-28,2024-03-31,,press_release,https://niftyindices.com/Press_Release/ind_prs28022024.pdf,"inferred-exclude: not in NSE current snapshot, no PR found (closed at next semi-annual review)"
227,Nifty Smallcap 250,HSCL,2024-03-28,,,press_release,https://niftyindices.com/Press_Release/ind_prs28022024.pdf,
227,Nifty Smallcap 250,HONASA,2024-03-28,,,press_release,https://niftyindices.com/Press_Release/ind_prs28022024.pdf,
227,Nifty Smallcap 250,INOXWIND,2024-03-28,,,press_release,https://niftyindices.com/Press_Release/ind_prs28022024.pdf,
227,Nifty Smallcap 250,J&KBANK,2024-03-28,,,press_release,https://niftyindices.com/Press_Release/ind_prs28022024.pdf,
227,Nifty Smallcap 250,JWL,2024-03-28,,,press_release,https://niftyindices.com/Press_Release/ind_prs28022024.pdf,
227,Nifty Smallcap 250,NAVINFLUOR,2024-03-28,,,press_release,https://niftyindices.com/Press_Release/ind_prs28022024.pdf,
227,Nifty Smallcap 250,NUVAMA,2024-03-28,,,press_release,https://niftyindices.com/Press_Release/ind_prs28022024.pdf,
227,Nifty Smallcap 250,RRKABEL,2024-03-28,,,press_release,https://niftyindices.com/Press_Release/ind_prs28022024.pdf,
227,Nifty Smallcap 250,RAILTEL,2024-03-28,,,press_release,https://niftyindices.com/Press_Release/ind_prs28022024.pdf,
227,Nifty Smallcap 250,RKFORGE,2024-03-28,,,press_release,https://niftyindices.com/Press_Release/ind_prs28022024.pdf,
227,Nifty Smallcap 250,SBFC,2024-03-28,,,press_release,https://niftyindices.com/Press_Release/ind_prs28022024.pdf,
227,Nifty Smallcap 250,SCHNEIDER,2024-03-28,,,press_release,https://niftyindices.com/Press_Release/ind_prs28022024.pdf,
227,Nifty Smallcap 250,SIGNATURE,2024-03-28,,,press_release,https://niftyindices.com/Press_Release/ind_prs28022024.pdf,
227,Nifty Smallcap 250,TITAGARH,2024-03-28,,,press_release,https://niftyindices.com/Press_Release/ind_prs28022024.pdf,
227,Nifty Smallcap 250,TRIDENT,2024-03-28,,,press_release,https://niftyindices.com/Press_Release/ind_prs28022024.pdf,
227,Nifty Smallcap 250,WHIRLPOOL,2024-03-28,,,press_release,https://niftyindices.com/Press_Release/ind_prs28022024.pdf,
227,Nifty Smallcap 250,AADHARHFC,2024-09-30,,,press_release,https://niftyindices.com/Press_Release/ind_prs23082024.pdf,
227,Nifty Smallcap 250,ABSLAMC,2024-09-30,,,press_release,https://niftyindices.com/Press_Release/ind_prs23082024.pdf,
227,Nifty Smallcap 250,ANANTRAJ,2024-09-30,,,press_release,https://niftyindices.com/Press_Release/ind_prs23082024.pdf,
227,Nifty Smallcap 250,ATUL,2024-09-30,,,press_release,https://niftyindices.com/Press_Release/ind_prs23082024.pdf,
227,Nifty Smallcap 250,BATAINDIA,2024-09-30,,,press_release,https://niftyindices.com/Press_Release/ind_prs23082024.pdf,
227,Nifty Smallcap 250,DEVYANI,2024-09-30,,,press_release,https://niftyindices.com/Press_Release/ind_prs23082024.pdf,
227,Nifty Smallcap 250,LALPATHLAB,2024-09-30,,,press_release,https://niftyindices.com/Press_Release/ind_prs23082024.pdf,
227,Nifty Smallcap 250,GET&D,2024-09-30,2025-03-31,,press_release,https://niftyindices.com/Press_Release/ind_prs23082024.pdf,"inferred-exclude: not in NSE current snapshot, no PR found (closed at next semi-annual review)"
227,Nifty Smallcap 250,GODIGIT,2024-09-30,,,press_release,https://niftyindices.com/Press_Release/ind_prs23082024.pdf,
227,Nifty Smallcap 250,IFCI,2024-09-30,,,press_release,https://niftyindices.com/Press_Release/ind_prs23082024.pdf,
227,Nifty Smallcap 250,INDGN,2024-09-30,,,press_release,https://niftyindices.com/Press_Release/ind_prs23082024.pdf,
227,Nifty Smallcap 250,JPPOWER,2024-09-30,,,press_release,https://niftyindices.com/Press_Release/ind_prs23082024.pdf,
227,Nifty Smallcap 250,JKTYRE,2024-09-30,,,press_release,https://niftyindices.com/Press_Release/ind_prs23082024.pdf,
227,Nifty Smallcap 250,JYOTICNC,2024-09-30,,,press_release,https://niftyindices.com/Press_Release/ind_prs23082024.pdf,
227,Nifty Smallcap 250,KAJARIACER,2024-09-30,,,press_release,https://niftyindices.com/Press_Release/ind_prs23082024.pdf,
227,Nifty Smallcap 250,KIRLOSENG,2024-09-30,,,press_release,https://niftyindices.com/Press_Release/ind_prs23082024.pdf,
227,Nifty Smallcap 250,NETWEB,2024-09-30,,,press_release,https://niftyindices.com/Press_Release/ind_prs23082024.pdf,
227,Nifty Smallcap 250,NEWGEN,2024-09-30,,,press_release,https://niftyindices.com/Press_Release/ind_prs23082024.pdf,
227,Nifty Smallcap 250,PFIZER,2024-09-30,,,press_release,https://niftyindices.com/Press_Release/ind_prs23082024.pdf,
227,Nifty Smallcap 250,PTCIL,2024-09-30,,,press_release,https://niftyindices.com/Press_Release/ind_prs23082024.pdf,
227,Nifty Smallcap 250,SCI,2024-09-30,,,press_release,https://niftyindices.com/Press_Release/ind_prs23082024.pdf,
227,Nifty Smallcap 250,SUMICHEM,2024-09-30,,,press_release,https://niftyindices.com/Press_Release/ind_prs23082024.pdf,
227,Nifty Smallcap 250,TBOTEK,2024-09-30,,,press_release,https://niftyindices.com/Press_Release/ind_prs23082024.pdf,
227,Nifty Smallcap 250,TECHNOE,2024-09-30,,,press_release,https://niftyindices.com/Press_Release/ind_prs23082024.pdf,
227,Nifty Smallcap 250,RAMCOCEM,2024-09-30,,,press_release,https://niftyindices.com/Press_Release/ind_prs23082024.pdf,
227,Nifty Smallcap 250,ZEEL,2024-09-30,,,press_release,https://niftyindices.com/Press_Release/ind_prs23082024.pdf,
227,Nifty Smallcap 250,EMCURE,2024-10-10,,,press_release,https://niftyindices.com/Press_Release/ind_prs04102024.pdf,
227,Nifty Smallcap 250,ACMESOLAR,2025-03-28,,,press_release,https://niftyindices.com/Press_Release/ind_prs21022025.pdf,
227,Nifty Smallcap 250,AFCONS,2025-03-28,,,press_release,https://niftyindices.com/Press_Release/ind_prs21022025.pdf,
227,Nifty Smallcap 250,BAYERCROP,2025-03-28,,,press_release,https://niftyindices.com/Press_Release/ind_prs21022025.pdf,
227,Nifty Smallcap 250,FIRSTCRY,2025-03-28,,,press_release,https://niftyindices.com/Press_Release/ind_prs21022025.pdf,
227,Nifty Smallcap 250,CARBORUNIV,2025-03-28,,,press_release,https://niftyindices.com/Press_Release/ind_prs21022025.pdf,
227,Nifty Smallcap 250,DCMSHRIRAM,2025-03-28,,,press_release,https://niftyindices.com/Press_Release/ind_prs21022025.pdf,
227,Nifty Smallcap 250,DELHIVERY,2025-03-28,,,press_release,https://niftyindices.com/Press_Release/ind_prs21022025.pdf,
227,Nifty Smallcap 250,GRAVITA,2025-03-28,,,press_release,https://niftyindices.com/Press_Release/ind_prs21022025.pdf,
227,Nifty Smallcap 250,IGIL,2025-03-28,,,press_release,https://niftyindices.com/Press_Release/ind_prs21022025.pdf,
227,Nifty Smallcap 250,IKS,2025-03-28,,,press_release,https://niftyindices.com/Press_Release/ind_prs21022025.pdf,
227,Nifty Smallcap 250,LTFOODS,2025-03-28,,,press_release,https://niftyindices.com/Press_Release/ind_prs21022025.pdf,
227,Nifty Smallcap 250,NAVA,2025-03-28,,,press_release,https://niftyindices.com/Press_Release/ind_prs21022025.pdf,
227,Nifty Smallcap 250,NEULANDLAB,2025-03-28,,,press_release,https://niftyindices.com/Press_Release/ind_prs21022025.pdf,
227,Nifty Smallcap 250,NIVABUPA,2025-03-28,,,press_release,https://niftyindices.com/Press_Release/ind_prs21022025.pdf,
227,Nifty Smallcap 250,PGEL,2025-03-28,,,press_release,https://niftyindices.com/Press_Release/ind_prs21022025.pdf,
227,Nifty Smallcap 250,POONAWALLA,2025-03-28,,,press_release,https://niftyindices.com/Press_Release/ind_prs21022025.pdf,
227,Nifty Smallcap 250,RPOWER,2025-03-28,,,press_release,https://niftyindices.com/Press_Release/ind_prs21022025.pdf,
227,Nifty Smallcap 250,SAGILITY,2025-03-28,,,press_release,https://niftyindices.com/Press_Release/ind_prs21022025.pdf,
227,Nifty Smallcap 250,SAILIFE,2025-03-28,,,press_release,https://niftyindices.com/Press_Release/ind_prs21022025.pdf,
227,Nifty Smallcap 250,SARDAEN,2025-03-28,,,press_release,https://niftyindices.com/Press_Release/ind_prs21022025.pdf,
227,Nifty Smallcap 250,TATACHEM,2025-03-28,,,press_release,https://niftyindices.com/Press_Release/ind_prs21022025.pdf,
227,Nifty Smallcap 250,TIMKEN,2025-03-28,,,press_release,https://niftyindices.com/Press_Release/ind_prs21022025.pdf,
227,Nifty Smallcap 250,TARIL,2025-03-28,,,press_release,https://niftyindices.com/Press_Release/ind_prs21022025.pdf,
227,Nifty Smallcap 250,WOCKPHARMA,2025-03-28,,,press_release,https://niftyindices.com/Press_Release/ind_prs21022025.pdf,
227,Nifty Smallcap 250,ZENTEC,2025-03-28,,,press_release,https://niftyindices.com/Press_Release/ind_prs21022025.pdf,
227,Nifty Smallcap 250,ZFCVINDIA,2025-03-28,,,press_release,https://niftyindices.com/Press_Release/ind_prs21022025.pdf,
227,Nifty Smallcap 250,ABFRL,2025-09-30,,,press_release,https://niftyindices.com/Press_Release/ind_prs22082025.pdf,
227,Nifty Smallcap 250,ABLBL,2025-09-30,,,press_release,https://niftyindices.com/Press_Release/ind_prs22082025.pdf,
227,Nifty Smallcap 250,AEGISVOPAK,2025-09-30,,,press_release,https://niftyindices.com/Press_Release/ind_prs22082025.pdf,
227,Nifty Smallcap 250,AKZOINDIA,2025-09-30,2026-03-31,,press_release,https://niftyindices.com/Press_Release/ind_prs22082025.pdf,"inferred-exclude: not in NSE current snapshot, no PR found (closed at next semi-annual review)"
227,Nifty Smallcap 250,ATHERENERG,2025-09-30,,,press_release,https://niftyindices.com/Press_Release/ind_prs22082025.pdf,
227,Nifty Smallcap 250,BANDHANBNK,2025-09-30,,,press_release,https://niftyindices.com/Press_Release/ind_prs22082025.pdf,
227,Nifty Smallcap 250,BLUEJET,2025-09-30,,,press_release,https://niftyindices.com/Press_Release/ind_prs22082025.pdf,
227,Nifty Smallcap 250,CHOICEIN,2025-09-30,,,press_release,https://niftyindices.com/Press_Release/ind_prs22082025.pdf,
227,Nifty Smallcap 250,EMAMILTD,2025-09-30,,,press_release,https://niftyindices.com/Press_Release/ind_prs22082025.pdf,
227,Nifty Smallcap 250,FORCEMOT,2025-09-30,,,press_release,https://niftyindices.com/Press_Release/ind_prs22082025.pdf,
227,Nifty Smallcap 250,GLAND,2025-09-30,,,press_release,https://niftyindices.com/Press_Release/ind_prs22082025.pdf,
227,Nifty Smallcap 250,MRPL,2025-09-30,,,press_release,https://niftyindices.com/Press_Release/ind_prs22082025.pdf,
227,Nifty Smallcap 250,MOTHERSON,2025-09-30,,,press_release,https://niftyindices.com/Press_Release/ind_prs22082025.pdf,
227,Nifty Smallcap 250,NUVOCO,2025-09-30,,,press_release,https://niftyindices.com/Press_Release/ind_prs22082025.pdf,
227,Nifty Smallcap 250,OLAELEC,2025-09-30,,,press_release,https://niftyindices.com/Press_Release/ind_prs22082025.pdf,
227,Nifty Smallcap 250,ONESOURCE,2025-09-30,,,press_release,https://niftyindices.com/Press_Release/ind_prs22082025.pdf,
227,Nifty Smallcap 250,THELEELA,2025-09-30,,,press_release,https://niftyindices.com/Press_Release/ind_prs22082025.pdf,
227,Nifty Smallcap 250,STARHEALTH,2025-09-30,,,press_release,https://niftyindices.com/Press_Release/ind_prs22082025.pdf,
227,Nifty Smallcap 250,SUNTV,2025-09-30,,,press_release,https://niftyindices.com/Press_Release/ind_prs22082025.pdf,
227,Nifty Smallcap 250,JSWCEMENT,2025-12-31,,,press_release,https://niftyindices.com/Press_Release/ind_prs11122025.pdf,
227,Nifty Smallcap 250,ACUTAAS,2026-03-30,,,press_release,https://niftyindices.com/Press_Release/ind_prs23022026.pdf,
227,Nifty Smallcap 250,CPPLUS,2026-03-30,,,press_release,https://niftyindices.com/Press_Release/ind_prs23022026.pdf,
227,Nifty Smallcap 250,ABDL,2026-03-30,,,press_release,https://niftyindices.com/Press_Release/ind_prs23022026.pdf,
227,Nifty Smallcap 250,ANURAS,2026-03-30,,,press_release,https://niftyindices.com/Press_Release/ind_prs23022026.pdf,
227,Nifty Smallcap 250,BELRISE,2026-03-30,,,press_release,https://niftyindices.com/Press_Release/ind_prs23022026.pdf,
227,Nifty Smallcap 250,CANHLIFE,2026-03-30,,,press_release,https://niftyindices.com/Press_Release/ind_prs23022026.pdf,
227,Nifty Smallcap 250,CARTRADE,2026-03-30,,,press_release,https://niftyindices.com/Press_Release/ind_prs23022026.pdf,
227,Nifty Smallcap 250,CEMPRO,2026-03-30,,,press_release,https://niftyindices.com/Press_Release/ind_prs23022026.pdf,
227,Nifty Smallcap 250,DEEPAKNTR,2026-03-30,,,press_release,https://niftyindices.com/Press_Release/ind_prs23022026.pdf,
227,Nifty Smallcap 250,EMMVEE,2026-03-30,,,press_release,https://niftyindices.com/Press_Release/ind_prs23022026.pdf,
227,Nifty Smallcap 250,FACT,2026-03-30,,,press_release,https://niftyindices.com/Press_Release/ind_prs23022026.pdf,
227,Nifty Smallcap 250,GABRIEL,2026-03-30,,,press_release,https://niftyindices.com/Press_Release/ind_prs23022026.pdf,
227,Nifty Smallcap 250,GALLANTT,2026-03-30,,,press_release,https://niftyindices.com/Press_Release/ind_prs23022026.pdf,
227,Nifty Smallcap 250,IDBI,2026-03-30,,,press_release,https://niftyindices.com/Press_Release/ind_prs23022026.pdf,
227,Nifty Smallcap 250,IOB,2026-03-30,,,press_release,https://niftyindices.com/Press_Release/ind_prs23022026.pdf,
227,Nifty Smallcap 250,IGL,2026-03-30,,,press_release,https://niftyindices.com/Press_Release/ind_prs23022026.pdf,
227,Nifty Smallcap 250,IRB,2026-03-30,,,press_release,https://niftyindices.com/Press_Release/ind_prs23022026.pdf,
227,Nifty Smallcap 250,JAINREC,2026-03-30,,,press_release,https://niftyindices.com/Press_Release/ind_prs23022026.pdf,
227,Nifty Smallcap 250,MEESHO,2026-03-30,,,press_release,https://niftyindices.com/Press_Release/ind_prs23022026.pdf,
227,Nifty Smallcap 250,PARADEEP,2026-03-30,,,press_release,https://niftyindices.com/Press_Release/ind_prs23022026.pdf,
227,Nifty Smallcap 250,PWL,2026-03-30,,,press_release,https://niftyindices.com/Press_Release/ind_prs23022026.pdf,
227,Nifty Smallcap 250,PINELABS,2026-03-30,,,press_release,https://niftyindices.com/Press_Release/ind_prs23022026.pdf,
227,Nifty Smallcap 250,PIRAMALFIN,2026-03-30,,,press_release,https://niftyindices.com/Press_Release/ind_prs23022026.pdf,
227,Nifty Smallcap 250,SONACOMS,2026-03-30,,,press_release,https://niftyindices.com/Press_Release/ind_prs23022026.pdf,
227,Nifty Smallcap 250,SPLPETRO,2026-03-30,,,press_release,https://niftyindices.com/Press_Release/ind_prs23022026.pdf,
227,Nifty Smallcap 250,SYNGENE,2026-03-30,,,press_release,https://niftyindices.com/Press_Release/ind_prs23022026.pdf,
227,Nifty Smallcap 250,TATATECH,2026-03-30,,,press_release,https://niftyindices.com/Press_Release/ind_prs23022026.pdf,
227,Nifty Smallcap 250,TEGA,2026-03-30,,,press_release,https://niftyindices.com/Press_Release/ind_prs23022026.pdf,
227,Nifty Smallcap 250,TENNIND,2026-03-30,,,press_release,https://niftyindices.com/Press_Release/ind_prs23022026.pdf,
227,Nifty Smallcap 250,TRAVELFOOD,2026-03-30,,,press_release,https://niftyindices.com/Press_Release/ind_prs23022026.pdf,
227,Nifty Smallcap 250,UCOBANK,2026-03-30,,,press_release,https://niftyindices.com/Press_Release/ind_prs23022026.pdf,
227,Nifty Smallcap 250,URBANCO,2026-03-30,,,press_release,https://niftyindices.com/Press_Release/ind_prs23022026.pdf,
227,Nifty Smallcap 250,ZYDUSWELL,2026-03-30,,,press_release,https://niftyindices.com/Press_Release/ind_prs23022026.pdf,
227,Nifty Smallcap 250,CENTRALBK,2026-03-31,,,snapshot,,"inferred-include: in NSE current snapshot, no PR found (opened at most-recent semi-annual review)"
227,Nifty Smallcap 250,GSPL,2026-03-31,,,snapshot,,"inferred-include: in NSE current snapshot, no PR found (opened at most-recent semi-annual review)"
228,Nifty Microcap 250,AGCNET,2019-04-01,2021-09-30,,snapshot_floor,,closed by ind_prs15092021.pdf
228,Nifty Microcap 250,AHLUCONT,2019-04-01,2021-09-30,,snapshot_floor,,closed by ind_prs15092021.pdf
228,Nifty Microcap 250,ANDHRAPAP,2019-04-01,2021-09-30,,snapshot_floor,,closed by ind_prs15092021.pdf
228,Nifty Microcap 250,APEX,2019-04-01,2021-09-30,,snapshot_floor,,closed by ind_prs15092021.pdf
228,Nifty Microcap 250,ASIANTILES,2019-04-01,2021-09-30,,snapshot_floor,,closed by ind_prs15092021.pdf
228,Nifty Microcap 250,CGPOWER,2019-04-01,2021-09-30,,snapshot_floor,,closed by ind_prs15092021.pdf
228,Nifty Microcap 250,EQUITASBNK,2019-04-01,2021-09-30,,snapshot_floor,,closed by ind_prs15092021.pdf
228,Nifty Microcap 250,FACT,2019-04-01,2021-09-30,,snapshot_floor,,closed by ind_prs15092021.pdf
228,Nifty Microcap 250,FIEMIND,2019-04-01,2021-09-30,,snapshot_floor,,closed by ind_prs15092021.pdf
228,Nifty Microcap 250,FEL,2019-04-01,2021-09-30,,snapshot_floor,,closed by ind_prs15092021.pdf
228,Nifty Microcap 250,FLFL,2019-04-01,2021-09-30,,snapshot_floor,,closed by ind_prs15092021.pdf
228,Nifty Microcap 250,GOCLCORP,2019-04-01,2021-09-30,,snapshot_floor,,closed by ind_prs15092021.pdf
228,Nifty Microcap 250,GREENLAM,2019-04-01,2021-09-30,,snapshot_floor,,closed by ind_prs15092021.pdf
228,Nifty Microcap 250,GTLINFRA,2019-04-01,2021-09-30,,snapshot_floor,,closed by ind_prs15092021.pdf
228,Nifty Microcap 250,HIKAL,2019-04-01,2021-09-30,,snapshot_floor,,closed by ind_prs15092021.pdf
228,Nifty Microcap 250,HGS,2019-04-01,2021-09-30,,snapshot_floor,,closed by ind_prs15092021.pdf
228,Nifty Microcap 250,HONDAPOWER,2019-04-01,2021-09-30,,snapshot_floor,,closed by ind_prs15092021.pdf
228,Nifty Microcap 250,INDNIPPON,2019-04-01,2021-09-30,,snapshot_floor,,closed by ind_prs15092021.pdf
228,Nifty Microcap 250,JSWHL,2019-04-01,2021-09-30,,snapshot_floor,,closed by ind_prs15092021.pdf
228,Nifty Microcap 250,KENNAMET,2019-04-01,2021-09-30,,snapshot_floor,,closed by ind_prs15092021.pdf
228,Nifty Microcap 250,KINGFA,2019-04-01,2021-09-30,,snapshot_floor,,closed by ind_prs15092021.pdf
228,Nifty Microcap 250,KITEX,2019-04-01,2021-09-30,,snapshot_floor,,closed by ind_prs15092021.pdf
228,Nifty Microcap 250,LUMAXIND,2019-04-01,2021-09-30,,snapshot_floor,,closed by ind_prs15092021.pdf
228,Nifty Microcap 250,MMFL,2019-04-01,2021-09-30,,snapshot_floor,,closed by ind_prs15092021.pdf
228,Nifty Microcap 250,MAJESCO,2019-04-01,2021-09-30,,snapshot_floor,,closed by ind_prs15092021.pdf
228,Nifty Microcap 250,MASTEK,2019-04-01,2021-09-30,,snapshot_floor,,closed by ind_prs15092021.pdf
228,Nifty Microcap 250,MIRZAINT,2019-04-01,2021-09-30,,snapshot_floor,,closed by ind_prs15092021.pdf
228,Nifty Microcap 250,MUTHOOTCAP,2019-04-01,2021-09-30,,snapshot_floor,,closed by ind_prs15092021.pdf
228,Nifty Microcap 250,OMAXE,2019-04-01,2021-09-30,,snapshot_floor,,closed by ind_prs15092021.pdf
228,Nifty Microcap 250,POONAWALLA,2019-04-01,2021-09-30,,snapshot_floor,,closed by ind_prs15092021.pdf
228,Nifty Microcap 250,PRAJIND,2019-04-01,2021-09-30,,snapshot_floor,,closed by ind_prs15092021.pdf
228,Nifty Microcap 250,SAFARI,2019-04-01,2021-09-30,,snapshot_floor,,closed by ind_prs15092021.pdf
228,Nifty Microcap 250,SIRCA,2019-04-01,2021-09-30,,snapshot_floor,,closed by ind_prs15092021.pdf
228,Nifty Microcap 250,SMLISUZU,2019-04-01,2021-09-30,,snapshot_floor,,closed by ind_prs15092021.pdf
228,Nifty Microcap 250,SPENCERS,2019-04-01,2021-09-30,,snapshot_floor,,closed by ind_prs15092021.pdf
228,Nifty Microcap 250,SUNDARMHLD,2019-04-01,2021-09-30,,snapshot_floor,,closed by ind_prs15092021.pdf
228,Nifty Microcap 250,TAJGVK,2019-04-01,2021-09-30,,snapshot_floor,,closed by ind_prs15092021.pdf
228,Nifty Microcap 250,TATASTLLP,2019-04-01,2021-09-30,,snapshot_floor,,closed by ind_prs15092021.pdf
228,Nifty Microcap 250,TTML,2019-04-01,2021-09-30,,snapshot_floor,,closed by ind_prs15092021.pdf
228,Nifty Microcap 250,TEXRAIL,2019-04-01,2021-09-30,,snapshot_floor,,closed by ind_prs15092021.pdf
228,Nifty Microcap 250,GDL,2019-04-01,2021-10-29,,snapshot_floor,,closed by ind_prs22102021.pdf
228,Nifty Microcap 250,ATFL,2019-04-01,2022-03-31,,snapshot_floor,,closed by ind_prs24022022_1.pdf
228,Nifty Microcap 250,ALLCARGO,2021-09-30,2022-03-31,,press_release,https://niftyindices.com/Press_Release/ind_prs15092021.pdf,closed by ind_prs24022022_1.pdf
228,Nifty Microcap 250,BANCOINDIA,2019-04-01,2022-03-31,,snapshot_floor,,closed by ind_prs24022022_1.pdf
228,Nifty Microcap 250,BFINVEST,2019-04-01,2022-03-31,,snapshot_floor,,closed by ind_prs24022022_1.pdf
228,Nifty Microcap 250,BLISSGVS,2021-09-30,2022-03-31,,press_release,https://niftyindices.com/Press_Release/ind_prs15092021.pdf,closed by ind_prs24022022_1.pdf
228,Nifty Microcap 250,BODALCHEM,2019-04-01,2022-03-31,,snapshot_floor,,closed by ind_prs24022022_1.pdf
228,Nifty Microcap 250,BORORENEW,2019-04-01,2022-03-31,,snapshot_floor,,closed by ind_prs24022022_1.pdf
228,Nifty Microcap 250,CAPACITE,2019-04-01,2022-03-31,,snapshot_floor,,closed by ind_prs24022022_1.pdf
228,Nifty Microcap 250,CLNINDIA,2019-04-01,2022-03-31,,snapshot_floor,,closed by ind_prs24022022_1.pdf
228,Nifty Microcap 250,DREDGECORP,2019-04-01,2022-03-31,,snapshot_floor,,closed by ind_prs24022022_1.pdf
228,Nifty Microcap 250,EASEMYTRIP,2021-09-30,2022-03-31,,press_release,https://niftyindices.com/Press_Release/ind_prs15092021.pdf,closed by ind_prs24022022_1.pdf
228,Nifty Microcap 250,EXCELINDUS,2019-04-01,2022-03-31,,snapshot_floor,,closed by ind_prs24022022_1.pdf
228,Nifty Microcap 250,FMGOETZE,2021-09-30,2022-03-31,,press_release,https://niftyindices.com/Press_Release/ind_prs15092021.pdf,closed by ind_prs24022022_1.pdf
228,Nifty Microcap 250,GMBREW,2019-04-01,2022-03-31,,snapshot_floor,,closed by ind_prs24022022_1.pdf
228,Nifty Microcap 250,GIPCL,2019-04-01,2022-03-31,,snapshot_floor,,closed by ind_prs24022022_1.pdf
228,Nifty Microcap 250,HNDFDS,2019-04-01,2022-03-31,,snapshot_floor,,closed by ind_prs24022022_1.pdf
228,Nifty Microcap 250,HLEGLAS,2021-09-30,2022-03-31,,press_release,https://niftyindices.com/Press_Release/ind_prs15092021.pdf,closed by ind_prs24022022_1.pdf
228,Nifty Microcap 250,HUHTAMAKI,2021-09-30,2022-03-31,,press_release,https://niftyindices.com/Press_Release/ind_prs15092021.pdf,closed by ind_prs24022022_1.pdf
228,Nifty Microcap 250,ICRA,2019-04-01,2022-03-31,,snapshot_floor,,closed by ind_prs24022022_1.pdf
228,Nifty Microcap 250,ITDC,2019-04-01,2022-03-31,,snapshot_floor,,closed by ind_prs24022022_1.pdf
228,Nifty Microcap 250,INDIANHUME,2019-04-01,2022-03-31,,snapshot_floor,,closed by ind_prs24022022_1.pdf
228,Nifty Microcap 250,INSECTICID,2019-04-01,2022-03-31,,snapshot_floor,,closed by ind_prs24022022_1.pdf
228,Nifty Microcap 250,ITDCEM,2019-04-01,2022-03-31,,snapshot_floor,,closed by ind_prs24022022_1.pdf
228,Nifty Microcap 250,JKIL,2019-04-01,2022-03-31,,snapshot_floor,,closed by ind_prs24022022_1.pdf
228,Nifty Microcap 250,JAGRAN,2019-04-01,2022-03-31,,snapshot_floor,,closed by ind_prs24022022_1.pdf
228,Nifty Microcap 250,KIRLOSBROS,2019-04-01,2022-03-31,,snapshot_floor,,closed by ind_prs24022022_1.pdf
228,Nifty Microcap 250,LUMAXTECH,2019-04-01,2022-03-31,,snapshot_floor,,closed by ind_prs24022022_1.pdf
228,Nifty Microcap 250,MTNL,2019-04-01,2022-03-31,,snapshot_floor,,closed by ind_prs24022022_1.pdf
228,Nifty Microcap 250,NOVARTIND,2019-04-01,2022-03-31,,snapshot_floor,,closed by ind_prs24022022_1.pdf
228,Nifty Microcap 250,OAL,2019-04-01,2022-03-31,,snapshot_floor,,closed by ind_prs24022022_1.pdf
228,Nifty Microcap 250,OCCL,2019-04-01,2022-03-31,,snapshot_floor,,closed by ind_prs24022022_1.pdf
228,Nifty Microcap 250,PARAGMILK,2019-04-01,2022-03-31,,snapshot_floor,,closed by ind_prs24022022_1.pdf
228,Nifty Microcap 250,PCJEWELLER,2019-04-01,2022-03-31,,snapshot_floor,,closed by ind_prs24022022_1.pdf
228,Nifty Microcap 250,PNBGILTS,2019-04-01,2022-03-31,,snapshot_floor,,closed by ind_prs24022022_1.pdf
228,Nifty Microcap 250,PRAKASH,2019-04-01,2022-03-31,,snapshot_floor,,closed by ind_prs24022022_1.pdf
228,Nifty Microcap 250,PRIVISCL,2019-04-01,2022-03-31,,snapshot_floor,,closed by ind_prs24022022_1.pdf
228,Nifty Microcap 250,PFS,2019-04-01,2022-03-31,,snapshot_floor,,closed by ind_prs24022022_1.pdf
228,Nifty Microcap 250,PSB,2019-04-01,2022-03-31,,snapshot_floor,,closed by ind_prs24022022_1.pdf
228,Nifty Microcap 250,QUICKHEAL,2019-04-01,2022-03-31,,snapshot_floor,,closed by ind_prs24022022_1.pdf
228,Nifty Microcap 250,RAMCOSYS,2019-04-01,2022-03-31,,snapshot_floor,,closed by ind_prs24022022_1.pdf
228,Nifty Microcap 250,RANEHOLDIN,2019-04-01,2022-03-31,,snapshot_floor,,closed by ind_prs24022022_1.pdf
228,Nifty Microcap 250,RTNINDIA,2019-04-01,2022-03-31,,snapshot_floor,,closed by ind_prs24022022_1.pdf
228,Nifty Microcap 250,SADBHAV,2019-04-01,2022-03-31,,snapshot_floor,,closed by ind_prs24022022_1.pdf
228,Nifty Microcap 250,SAREGAMA,2021-09-30,2022-03-31,,press_release,https://niftyindices.com/Press_Release/ind_prs15092021.pdf,closed by ind_prs24022022_1.pdf
228,Nifty Microcap 250,SATIA,2019-04-01,2022-03-31,,snapshot_floor,,closed by ind_prs24022022_1.pdf
228,Nifty Microcap 250,SESHAPAPER,2019-04-01,2022-03-31,,snapshot_floor,,closed by ind_prs24022022_1.pdf
228,Nifty Microcap 250,SHANKARA,2019-04-01,2022-03-31,,snapshot_floor,,closed by ind_prs24022022_1.pdf
228,Nifty Microcap 250,SHANTIGEAR,2019-04-01,2022-03-31,,snapshot_floor,,closed by ind_prs24022022_1.pdf
228,Nifty Microcap 250,SHARDAMOTR,2021-09-30,2022-03-31,,press_release,https://niftyindices.com/Press_Release/ind_prs15092021.pdf,closed by ind_prs24022022_1.pdf
228,Nifty Microcap 250,RENUKA,2019-04-01,2022-03-31,,snapshot_floor,,closed by ind_prs24022022_1.pdf
228,Nifty Microcap 250,SMSPHARMA,2021-09-30,2022-03-31,,press_release,https://niftyindices.com/Press_Release/ind_prs15092021.pdf,closed by ind_prs24022022_1.pdf
228,Nifty Microcap 250,SNOWMAN,2019-04-01,2022-03-31,,snapshot_floor,,closed by ind_prs24022022_1.pdf
228,Nifty Microcap 250,SUNFLAG,2019-04-01,2022-03-31,,snapshot_floor,,closed by ind_prs24022022_1.pdf
228,Nifty Microcap 250,TAKE,2019-04-01,2022-03-31,,snapshot_floor,,closed by ind_prs24022022_1.pdf
228,Nifty Microcap 250,TNPL,2019-04-01,2022-03-31,,snapshot_floor,,closed by ind_prs24022022_1.pdf
228,Nifty Microcap 250,TATAINVEST,2021-09-30,2022-03-31,,press_release,https://niftyindices.com/Press_Release/ind_prs15092021.pdf,closed by ind_prs24022022_1.pdf
228,Nifty Microcap 250,VESUVIUS,2019-04-01,2022-03-31,,snapshot_floor,,closed by ind_prs24022022_1.pdf
228,Nifty Microcap 250,VINDHYATEL,2019-04-01,2022-03-31,,snapshot_floor,,closed by ind_prs24022022_1.pdf
228,Nifty Microcap 250,WHEELS,2019-04-01,2022-03-31,,snapshot_floor,,closed by ind_prs24022022_1.pdf
228,Nifty Microcap 250,WONDERLA,2019-04-01,2022-03-31,,snapshot_floor,,closed by ind_prs24022022_1.pdf
228,Nifty Microcap 250,GENUSPOWER,2019-04-01,2022-04-12,,snapshot_floor,,closed by ind_prs05042022_1.pdf
228,Nifty Microcap 250,ADFFOODS,2019-04-01,2022-09-30,,snapshot_floor,,closed by ind_prs01092022.pdf
228,Nifty Microcap 250,ASHIANA,2019-04-01,2022-09-30,,snapshot_floor,,closed by ind_prs01092022.pdf
228,Nifty Microcap 250,BHARATRAS,2022-03-31,2022-09-30,,press_release,https://niftyindices.com/Press_Release/ind_prs24022022_1.pdf,closed by ind_prs01092022.pdf
228,Nifty Microcap 250,CENTRUM,2019-04-01,2022-09-30,,snapshot_floor,,closed by ind_prs01092022.pdf
228,Nifty Microcap 250,CHEMCON,2019-04-01,2022-09-30,,snapshot_floor,,closed by ind_prs01092022.pdf
228,Nifty Microcap 250,DBCORP,2019-04-01,2022-09-30,,snapshot_floor,,closed by ind_prs01092022.pdf
228,Nifty Microcap 250,DEEPAKFERT,2019-04-01,2022-09-30,,snapshot_floor,,closed by ind_prs01092022.pdf
228,Nifty Microcap 250,DODLA,2022-03-31,2022-09-30,,press_release,https://niftyindices.com/Press_Release/ind_prs24022022_1.pdf,closed by ind_prs01092022.pdf
228,Nifty Microcap 250,FCONSUMER,2021-09-30,2022-09-30,,press_release,https://niftyindices.com/Press_Release/ind_prs15092021.pdf,closed by ind_prs01092022.pdf
228,Nifty Microcap 250,GEPIL,2021-09-30,2022-09-30,,press_release,https://niftyindices.com/Press_Release/ind_prs15092021.pdf,closed by ind_prs01092022.pdf
228,Nifty Microcap 250,GET&D,2019-04-01,2022-09-30,,snapshot_floor,,closed by ind_prs01092022.pdf
228,Nifty Microcap 250,GREENLAM,2022-03-31,2022-09-30,,press_release,https://niftyindices.com/Press_Release/ind_prs24022022_1.pdf,closed by ind_prs01092022.pdf
228,Nifty Microcap 250,GREENPANEL,2019-04-01,2022-09-30,,snapshot_floor,,closed by ind_prs01092022.pdf
228,Nifty Microcap 250,GTPL,2021-09-30,2022-09-30,,press_release,https://niftyindices.com/Press_Release/ind_prs15092021.pdf,closed by ind_prs01092022.pdf
228,Nifty Microcap 250,HESTERBIO,2019-04-01,2022-09-30,,snapshot_floor,,closed by ind_prs01092022.pdf
228,Nifty Microcap 250,IGARASHI,2019-04-01,2022-09-30,,snapshot_floor,,closed by ind_prs01092022.pdf
228,Nifty Microcap 250,JBMA,2019-04-01,2022-09-30,,snapshot_floor,,closed by ind_prs01092022.pdf
228,Nifty Microcap 250,JMCPROJECT,2019-04-01,2022-09-30,,snapshot_floor,,closed by ind_prs01092022.pdf
228,Nifty Microcap 250,JTEKTINDIA,2021-09-30,2022-09-30,,press_release,https://niftyindices.com/Press_Release/ind_prs15092021.pdf,closed by ind_prs01092022.pdf
228,Nifty Microcap 250,KSL,2019-04-01,2022-09-30,,snapshot_floor,,closed by ind_prs01092022.pdf
228,Nifty Microcap 250,MAHLIFE,2019-04-01,2022-09-30,,snapshot_floor,,closed by ind_prs01092022.pdf
228,Nifty Microcap 250,NIITLTD,2019-04-01,2022-09-30,,snapshot_floor,,closed by ind_prs01092022.pdf
228,Nifty Microcap 250,NILKAMAL,2022-03-31,2022-09-30,,press_release,https://niftyindices.com/Press_Release/ind_prs24022022_1.pdf,closed by ind_prs01092022.pdf
228,Nifty Microcap 250,NUCLEUS,2019-04-01,2022-09-30,,snapshot_floor,,closed by ind_prs01092022.pdf
228,Nifty Microcap 250,OLECTRA,2019-04-01,2022-09-30,,snapshot_floor,,closed by ind_prs01092022.pdf
228,Nifty Microcap 250,PANACEABIO,2019-04-01,2022-09-30,,snapshot_floor,,closed by ind_prs01092022.pdf
228,Nifty Microcap 250,PILANIINVS,2019-04-01,2022-09-30,,snapshot_floor,,closed by ind_prs01092022.pdf
228,Nifty Microcap 250,DIAMONDYD,2019-04-01,2022-09-30,,snapshot_floor,,closed by ind_prs01092022.pdf
228,Nifty Microcap 250,PUNJABCHEM,2021-09-30,2022-09-30,,press_release,https://niftyindices.com/Press_Release/ind_prs15092021.pdf,closed by ind_prs01092022.pdf
228,Nifty Microcap 250,PURVA,2019-04-01,2022-09-30,,snapshot_floor,,closed by ind_prs01092022.pdf
228,Nifty Microcap 250,RSYSTEMS,2019-04-01,2022-09-30,,snapshot_floor,,closed by ind_prs01092022.pdf
228,Nifty Microcap 250,RAMCOIND,2019-04-01,2022-09-30,,snapshot_floor,,closed by ind_prs01092022.pdf
228,Nifty Microcap 250,RAYMOND,2021-09-30,2022-09-30,,press_release,https://niftyindices.com/Press_Release/ind_prs15092021.pdf,closed by ind_prs01092022.pdf
228,Nifty Microcap 250,REPCOHOME,2019-04-01,2022-09-30,,snapshot_floor,,closed by ind_prs01092022.pdf
228,Nifty Microcap 250,SANDHAR,2019-04-01,2022-09-30,,snapshot_floor,,closed by ind_prs01092022.pdf
228,Nifty Microcap 250,SANGHIIND,2019-04-01,2022-09-30,,snapshot_floor,,closed by ind_prs01092022.pdf
228,Nifty Microcap 250,SASKEN,2019-04-01,2022-09-30,,snapshot_floor,,closed by ind_prs01092022.pdf
228,Nifty Microcap 250,SOTL,2019-04-01,2022-09-30,,snapshot_floor,,closed by ind_prs01092022.pdf
228,Nifty Microcap 250,SHALBY,2019-04-01,2022-09-30,,snapshot_floor,,closed by ind_prs01092022.pdf
228,Nifty Microcap 250,SHARDACROP,2022-03-31,2022-09-30,,press_release,https://niftyindices.com/Press_Release/ind_prs24022022_1.pdf,closed by ind_prs01092022.pdf
228,Nifty Microcap 250,STARCEMENT,2022-03-31,2022-09-30,,press_release,https://niftyindices.com/Press_Release/ind_prs24022022_1.pdf,closed by ind_prs01092022.pdf
228,Nifty Microcap 250,SUBROS,2019-04-01,2022-09-30,,snapshot_floor,,closed by ind_prs01092022.pdf
228,Nifty Microcap 250,SWANENERGY,2021-09-30,2022-09-30,,press_release,https://niftyindices.com/Press_Release/ind_prs15092021.pdf,closed by ind_prs01092022.pdf
228,Nifty Microcap 250,SWARAJENG,2019-04-01,2022-09-30,,snapshot_floor,,closed by ind_prs01092022.pdf
228,Nifty Microcap 250,TEJASNET,2019-04-01,2022-09-30,,snapshot_floor,,closed by ind_prs01092022.pdf
228,Nifty Microcap 250,TCI,2019-04-01,2022-09-30,,snapshot_floor,,closed by ind_prs01092022.pdf
228,Nifty Microcap 250,TVSSRICHAK,2019-04-01,2022-09-30,,snapshot_floor,,closed by ind_prs01092022.pdf
228,Nifty Microcap 250,UNICHEMLAB,2019-04-01,2022-09-30,,snapshot_floor,,closed by ind_prs01092022.pdf
228,Nifty Microcap 250,SHOPERSTOP,2021-09-30,2022-09-30,,press_release,https://niftyindices.com/Press_Release/ind_prs15092021.pdf,closed by ind_prs16092022.pdf
228,Nifty Microcap 250,FRETAIL,2022-03-31,2022-10-25,,press_release,https://niftyindices.com/Press_Release/ind_prs24022022_1.pdf,closed by ind_prs20102022.pdf
228,Nifty Microcap 250,PTC,2019-04-01,2022-10-25,,snapshot_floor,,closed by ind_prs20102022.pdf
228,Nifty Microcap 250,LEMONTREE,2022-03-31,2022-12-30,,press_release,https://niftyindices.com/Press_Release/ind_prs24022022_1.pdf,closed by ind_prs06122022.pdf
228,Nifty Microcap 250,SUNCLAYLTD,2021-09-30,2022-12-30,,press_release,https://niftyindices.com/Press_Release/ind_prs15092021.pdf,closed by ind_prs22122022.pdf
228,Nifty Microcap 250,DFMFOODS,2019-04-01,2023-02-17,,snapshot_floor,,closed by ind_prs09022023_1.pdf
228,Nifty Microcap 250,AHLUCONT,2022-03-31,2023-03-31,,press_release,https://niftyindices.com/Press_Release/ind_prs24022022_1.pdf,closed by ind_prs17022023_1.pdf
228,Nifty Microcap 250,ALEMBICLTD,2022-03-31,2023-03-31,,press_release,https://niftyindices.com/Press_Release/ind_prs24022022_1.pdf,closed by ind_prs17022023_1.pdf
228,Nifty Microcap 250,AMRUTANJAN,2019-04-01,2023-03-31,,snapshot_floor,,closed by ind_prs17022023_1.pdf
228,Nifty Microcap 250,APARINDS,2019-04-01,2023-03-31,,snapshot_floor,,closed by ind_prs17022023_1.pdf
228,Nifty Microcap 250,BLS,2019-04-01,2023-03-31,,snapshot_floor,,closed by ind_prs17022023_1.pdf
228,Nifty Microcap 250,CHOICEIN,2022-09-30,2023-03-31,,press_release,https://niftyindices.com/Press_Release/ind_prs01092022.pdf,closed by ind_prs17022023_1.pdf
228,Nifty Microcap 250,CRAFTSMAN,2021-09-30,2023-03-31,,press_release,https://niftyindices.com/Press_Release/ind_prs15092021.pdf,closed by ind_prs17022023_1.pdf
228,Nifty Microcap 250,DATAPATTNS,2022-03-31,2023-03-31,,press_release,https://niftyindices.com/Press_Release/ind_prs24022022_1.pdf,closed by ind_prs17022023_1.pdf
228,Nifty Microcap 250,DHANUKA,2022-03-31,2023-03-31,,press_release,https://niftyindices.com/Press_Release/ind_prs24022022_1.pdf,closed by ind_prs17022023_1.pdf
228,Nifty Microcap 250,DOLATALGO,2019-04-01,2023-03-31,,snapshot_floor,,closed by ind_prs17022023_1.pdf
228,Nifty Microcap 250,EKC,2022-09-30,2023-03-31,,press_release,https://niftyindices.com/Press_Release/ind_prs01092022.pdf,closed by ind_prs17022023_1.pdf
228,Nifty Microcap 250,GANESHHOUC,2022-09-30,2023-03-31,,press_release,https://niftyindices.com/Press_Release/ind_prs01092022.pdf,closed by ind_prs17022023_1.pdf
228,Nifty Microcap 250,GRWRHITECH,2022-09-30,2023-03-31,,press_release,https://niftyindices.com/Press_Release/ind_prs01092022.pdf,closed by ind_prs17022023_1.pdf
228,Nifty Microcap 250,GEOJITFSL,2019-04-01,2023-03-31,,snapshot_floor,,closed by ind_prs17022023_1.pdf
228,Nifty Microcap 250,GULFOILLUB,2021-09-30,2023-03-31,,press_release,https://niftyindices.com/Press_Release/ind_prs15092021.pdf,closed by ind_prs17022023_1.pdf
228,Nifty Microcap 250,HIMATSEIDE,2019-04-01,2023-03-31,,snapshot_floor,,closed by ind_prs17022023_1.pdf
228,Nifty Microcap 250,IGPL,2019-04-01,2023-03-31,,snapshot_floor,,closed by ind_prs17022023_1.pdf
228,Nifty Microcap 250,IIFLSEC,2019-04-01,2023-03-31,,snapshot_floor,,closed by ind_prs17022023_1.pdf
228,Nifty Microcap 250,INDORAMA,2022-09-30,2023-03-31,,press_release,https://niftyindices.com/Press_Release/ind_prs01092022.pdf,closed by ind_prs17022023_1.pdf
228,Nifty Microcap 250,INDOSTAR,2019-04-01,2023-03-31,,snapshot_floor,,closed by ind_prs17022023_1.pdf
228,Nifty Microcap 250,INGERRAND,2022-03-31,2023-03-31,,press_release,https://niftyindices.com/Press_Release/ind_prs24022022_1.pdf,closed by ind_prs17022023_1.pdf
228,Nifty Microcap 250,JINDWORLD,2019-04-01,2023-03-31,,snapshot_floor,,closed by ind_prs17022023_1.pdf
228,Nifty Microcap 250,JCHAC,2019-04-01,2023-03-31,,snapshot_floor,,closed by ind_prs17022023_1.pdf
228,Nifty Microcap 250,JSWISPL,2019-04-01,2023-03-31,,snapshot_floor,,closed by ind_prs17022023_1.pdf
228,Nifty Microcap 250,KENNAMET,2022-03-31,2023-03-31,,press_release,https://niftyindices.com/Press_Release/ind_prs24022022_1.pdf,closed by ind_prs17022023_1.pdf
228,Nifty Microcap 250,KSB,2022-03-31,2023-03-31,,press_release,https://niftyindices.com/Press_Release/ind_prs24022022_1.pdf,closed by ind_prs17022023_1.pdf
228,Nifty Microcap 250,MATRIMONY,2019-04-01,2023-03-31,,snapshot_floor,,closed by ind_prs17022023_1.pdf
228,Nifty Microcap 250,MFL,2022-03-31,2023-03-31,,press_release,https://niftyindices.com/Press_Release/ind_prs24022022_1.pdf,closed by ind_prs17022023_1.pdf
228,Nifty Microcap 250,OMAXE,2022-09-30,2023-03-31,,press_release,https://niftyindices.com/Press_Release/ind_prs01092022.pdf,closed by ind_prs17022023_1.pdf
228,Nifty Microcap 250,ORISSAMINE,2019-04-01,2023-03-31,,snapshot_floor,,closed by ind_prs17022023_1.pdf
228,Nifty Microcap 250,RESPONIND,2022-03-31,2023-03-31,,press_release,https://niftyindices.com/Press_Release/ind_prs24022022_1.pdf,closed by ind_prs17022023_1.pdf
228,Nifty Microcap 250,RPSGVENT,2019-04-01,2023-03-31,,snapshot_floor,,closed by ind_prs17022023_1.pdf
228,Nifty Microcap 250,SHK,2019-04-01,2023-03-31,,snapshot_floor,,closed by ind_prs17022023_1.pdf
228,Nifty Microcap 250,SEAMECLTD,2019-04-01,2023-03-31,,snapshot_floor,,closed by ind_prs17022023_1.pdf
228,Nifty Microcap 250,STEELXIND,2022-09-30,2023-03-31,,press_release,https://niftyindices.com/Press_Release/ind_prs01092022.pdf,closed by ind_prs17022023_1.pdf
228,Nifty Microcap 250,SURYODAY,2021-09-30,2023-03-31,,press_release,https://niftyindices.com/Press_Release/ind_prs15092021.pdf,closed by ind_prs17022023_1.pdf
228,Nifty Microcap 250,TMB,2022-12-30,2023-03-31,,press_release,https://niftyindices.com/Press_Release/ind_prs06122022.pdf,closed by ind_prs17022023_1.pdf
228,Nifty Microcap 250,TASTYBITE,2022-03-31,2023-03-31,,press_release,https://niftyindices.com/Press_Release/ind_prs24022022_1.pdf,closed by ind_prs17022023_1.pdf
228,Nifty Microcap 250,TIIL,2022-09-30,2023-03-31,,press_release,https://niftyindices.com/Press_Release/ind_prs01092022.pdf,closed by ind_prs17022023_1.pdf
228,Nifty Microcap 250,VIDHIING,2022-09-30,2023-03-31,,press_release,https://niftyindices.com/Press_Release/ind_prs01092022.pdf,closed by ind_prs17022023_1.pdf
228,Nifty Microcap 250,BESTAGRO,2022-03-31,2023-04-28,,press_release,https://niftyindices.com/Press_Release/ind_prs24022022_1.pdf,closed by ind_prs19042023_1.pdf
228,Nifty Microcap 250,HNDFDS,2022-09-30,2023-04-28,,press_release,https://niftyindices.com/Press_Release/ind_prs01092022.pdf,closed by ind_prs19042023_1.pdf
228,Nifty Microcap 250,SPICEJET,2022-09-30,2023-04-28,,press_release,https://niftyindices.com/Press_Release/ind_prs01092022.pdf,closed by ind_prs19042023_1.pdf
228,Nifty Microcap 250,VAKRANGEE,2022-09-30,2023-04-28,,press_release,https://niftyindices.com/Press_Release/ind_prs01092022.pdf,closed by ind_prs19042023_1.pdf
228,Nifty Microcap 250,AKZOINDIA,2022-04-12,2023-09-29,,press_release,https://niftyindices.com/Press_Release/ind_prs05042022_1.pdf,closed by ind_prs17082023.pdf
228,Nifty Microcap 250,ALOKINDS,2023-03-31,2023-09-29,,press_release,https://niftyindices.com/Press_Release/ind_prs17022023_1.pdf,closed by ind_prs17082023.pdf
228,Nifty Microcap 250,ANDHRSUGAR,2019-04-01,2023-09-29,,snapshot_floor,,closed by ind_prs17082023.pdf
228,Nifty Microcap 250,BFUTILITIE,2019-04-01,2023-09-29,,snapshot_floor,,closed by ind_prs17082023.pdf
228,Nifty Microcap 250,BUTTERFLY,2022-09-30,2023-09-29,,press_release,https://niftyindices.com/Press_Release/ind_prs01092022.pdf,closed by ind_prs17082023.pdf
228,Nifty Microcap 250,FAIRCHEMOR,2022-03-31,2023-09-29,,press_release,https://niftyindices.com/Press_Release/ind_prs24022022_1.pdf,closed by ind_prs17082023.pdf
228,Nifty Microcap 250,FILATEX,2019-04-01,2023-09-29,,snapshot_floor,,closed by ind_prs17082023.pdf
228,Nifty Microcap 250,GLS,2022-09-30,2023-09-29,,press_release,https://niftyindices.com/Press_Release/ind_prs01092022.pdf,closed by ind_prs17082023.pdf
228,Nifty Microcap 250,GPIL,2019-04-01,2023-09-29,,snapshot_floor,,closed by ind_prs17082023.pdf
228,Nifty Microcap 250,GRMOVER,2023-03-31,2023-09-29,,press_release,https://niftyindices.com/Press_Release/ind_prs17022023_1.pdf,closed by ind_prs17082023.pdf
228,Nifty Microcap 250,GTLINFRA,2022-03-31,2023-09-29,,press_release,https://niftyindices.com/Press_Release/ind_prs24022022_1.pdf,closed by ind_prs17082023.pdf
228,Nifty Microcap 250,HERANBA,2021-09-30,2023-09-29,,press_release,https://niftyindices.com/Press_Release/ind_prs15092021.pdf,closed by ind_prs17082023.pdf
228,Nifty Microcap 250,ICRA,2022-09-30,2023-09-29,,press_release,https://niftyindices.com/Press_Release/ind_prs01092022.pdf,closed by ind_prs17082023.pdf
228,Nifty Microcap 250,IPL,2022-03-31,2023-09-29,,press_release,https://niftyindices.com/Press_Release/ind_prs24022022_1.pdf,closed by ind_prs17082023.pdf
228,Nifty Microcap 250,IRCON,2022-09-30,2023-09-29,,press_release,https://niftyindices.com/Press_Release/ind_prs01092022.pdf,closed by ind_prs17082023.pdf
228,Nifty Microcap 250,JINDALSAW,2022-03-31,2023-09-29,,press_release,https://niftyindices.com/Press_Release/ind_prs24022022_1.pdf,closed by ind_prs17082023.pdf
228,Nifty Microcap 250,KAYNES,2023-03-31,2023-09-29,,press_release,https://niftyindices.com/Press_Release/ind_prs17022023_1.pdf,closed by ind_prs17082023.pdf
228,Nifty Microcap 250,KCP,2019-04-01,2023-09-29,,snapshot_floor,,closed by ind_prs17082023.pdf
228,Nifty Microcap 250,KIRLFER,2019-04-01,2023-09-29,,snapshot_floor,,closed by ind_prs17082023.pdf
228,Nifty Microcap 250,MMFL,2022-09-30,2023-09-29,,press_release,https://niftyindices.com/Press_Release/ind_prs01092022.pdf,closed by ind_prs17082023.pdf
228,Nifty Microcap 250,MAHSCOOTER,2021-09-30,2023-09-29,,press_release,https://niftyindices.com/Press_Release/ind_prs15092021.pdf,closed by ind_prs17082023.pdf
228,Nifty Microcap 250,MANALIPETC,2022-09-30,2023-09-29,,press_release,https://niftyindices.com/Press_Release/ind_prs01092022.pdf,closed by ind_prs17082023.pdf
228,Nifty Microcap 250,MINDACORP,2022-03-31,2023-09-29,,press_release,https://niftyindices.com/Press_Release/ind_prs24022022_1.pdf,closed by ind_prs17082023.pdf
228,Nifty Microcap 250,MOREPENLAB,2019-04-01,2023-09-29,,snapshot_floor,,closed by ind_prs17082023.pdf
228,Nifty Microcap 250,NDTV,2023-03-31,2023-09-29,,press_release,https://niftyindices.com/Press_Release/ind_prs17022023_1.pdf,closed by ind_prs17082023.pdf
228,Nifty Microcap 250,PANAMAPET,2022-09-30,2023-09-29,,press_release,https://niftyindices.com/Press_Release/ind_prs01092022.pdf,closed by ind_prs17082023.pdf
228,Nifty Microcap 250,PCJEWELLER,2023-03-31,2023-09-29,,press_release,https://niftyindices.com/Press_Release/ind_prs17022023_1.pdf,closed by ind_prs17082023.pdf
228,Nifty Microcap 250,POKARNA,2022-09-30,2023-09-29,,press_release,https://niftyindices.com/Press_Release/ind_prs01092022.pdf,closed by ind_prs17082023.pdf
228,Nifty Microcap 250,PGHL,2023-03-31,2023-09-29,,press_release,https://niftyindices.com/Press_Release/ind_prs17022023_1.pdf,closed by ind_prs17082023.pdf
228,Nifty Microcap 250,PURVA,2023-03-31,2023-09-29,,press_release,https://niftyindices.com/Press_Release/ind_prs17022023_1.pdf,closed by ind_prs17082023.pdf
228,Nifty Microcap 250,SAFARI,2022-09-30,2023-09-29,,press_release,https://niftyindices.com/Press_Release/ind_prs16092022.pdf,closed by ind_prs17082023.pdf
228,Nifty Microcap 250,SAGCEM,2019-04-01,2023-09-29,,snapshot_floor,,closed by ind_prs17082023.pdf
228,Nifty Microcap 250,SOTL,2023-03-31,2023-09-29,,press_release,https://niftyindices.com/Press_Release/ind_prs17022023_1.pdf,closed by ind_prs17082023.pdf
228,Nifty Microcap 250,SOLARA,2022-09-30,2023-09-29,,press_release,https://niftyindices.com/Press_Release/ind_prs01092022.pdf,closed by ind_prs17082023.pdf
228,Nifty Microcap 250,STOVEKRAFT,2021-09-30,2023-09-29,,press_release,https://niftyindices.com/Press_Release/ind_prs15092021.pdf,closed by ind_prs17082023.pdf
228,Nifty Microcap 250,SYMPHONY,2023-03-31,2023-09-29,,press_release,https://niftyindices.com/Press_Release/ind_prs17022023_1.pdf,closed by ind_prs17082023.pdf
228,Nifty Microcap 250,SYRMA,2022-10-25,2023-09-29,,press_release,https://niftyindices.com/Press_Release/ind_prs20102022.pdf,closed by ind_prs17082023.pdf
228,Nifty Microcap 250,TATASTLLP,2022-09-30,2023-09-29,,press_release,https://niftyindices.com/Press_Release/ind_prs01092022.pdf,closed by ind_prs17082023.pdf
228,Nifty Microcap 250,TVTODAY,2021-09-30,2023-09-29,,press_release,https://niftyindices.com/Press_Release/ind_prs15092021.pdf,closed by ind_prs17082023.pdf
228,Nifty Microcap 250,UJJIVANSFB,2022-03-31,2023-09-29,,press_release,https://niftyindices.com/Press_Release/ind_prs24022022_1.pdf,closed by ind_prs17082023.pdf
228,Nifty Microcap 250,USHAMART,2019-04-01,2023-09-29,,snapshot_floor,,closed by ind_prs17082023.pdf
228,Nifty Microcap 250,VALIANTORG,2022-03-31,2023-09-29,,press_release,https://niftyindices.com/Press_Release/ind_prs24022022_1.pdf,closed by ind_prs17082023.pdf
228,Nifty Microcap 250,VSTIND,2021-09-30,2023-09-29,,press_release,https://niftyindices.com/Press_Release/ind_prs15092021.pdf,closed by ind_prs17082023.pdf
228,Nifty Microcap 250,FORCEMOT,2019-04-01,2023-10-26,,snapshot_floor,,closed by ind_prs17102023.pdf
228,Nifty Microcap 250,GOODYEAR,2019-04-01,2023-10-26,,snapshot_floor,,closed by ind_prs17102023.pdf
228,Nifty Microcap 250,GRAUWEIL,2023-09-29,2023-10-26,,press_release,https://niftyindices.com/Press_Release/ind_prs17082023.pdf,closed by ind_prs17102023.pdf
228,Nifty Microcap 250,TINPLATE,2019-04-01,2024-01-19,,snapshot_floor,,closed by ind_prs10012024.pdf
228,Nifty Microcap 250,TATAMETALI,2019-04-01,2024-02-06,,snapshot_floor,,closed by ind_prs30012024.pdf
228,Nifty Microcap 250,ACE,2019-04-01,2024-03-28,,snapshot_floor,,closed by ind_prs28022024.pdf
228,Nifty Microcap 250,ACLGATI,2019-04-01,2024-03-28,,snapshot_floor,,closed by ind_prs28022024.pdf
228,Nifty Microcap 250,ANANDRATHI,2022-03-31,2024-03-28,,press_release,https://niftyindices.com/Press_Release/ind_prs24022022_1.pdf,closed by ind_prs28022024.pdf
228,Nifty Microcap 250,APCOTEXIND,2019-04-01,2024-03-28,,snapshot_floor,,closed by ind_prs28022024.pdf
228,Nifty Microcap 250,APOLLOPIPE,2022-03-31,2024-03-28,,press_release,https://niftyindices.com/Press_Release/ind_prs24022022_1.pdf,closed by ind_prs28022024.pdf
228,Nifty Microcap 250,ASTEC,2019-04-01,2024-03-28,,snapshot_floor,,closed by ind_prs28022024.pdf
228,Nifty Microcap 250,ASTRAZEN,2023-03-31,2024-03-28,,press_release,https://niftyindices.com/Press_Release/ind_prs17022023_1.pdf,closed by ind_prs28022024.pdf
228,Nifty Microcap 250,AUTOAXLES,2019-04-01,2024-03-28,,snapshot_floor,,closed by ind_prs28022024.pdf
228,Nifty Microcap 250,CAPLIPOINT,2023-03-31,2024-03-28,,press_release,https://niftyindices.com/Press_Release/ind_prs17022023_1.pdf,closed by ind_prs28022024.pdf
228,Nifty Microcap 250,CARYSIL,2019-04-01,2024-03-28,,snapshot_floor,,closed by ind_prs28022024.pdf
228,Nifty Microcap 250,CHENNPETRO,2019-04-01,2024-03-28,,snapshot_floor,,closed by ind_prs28022024.pdf
228,Nifty Microcap 250,COSMOFIRST,2019-04-01,2024-03-28,,snapshot_floor,,closed by ind_prs28022024.pdf
228,Nifty Microcap 250,DIVGIITTS,2023-09-29,2024-03-28,,press_release,https://niftyindices.com/Press_Release/ind_prs17082023.pdf,closed by ind_prs28022024.pdf
228,Nifty Microcap 250,DOLLAR,2019-04-01,2024-03-28,,snapshot_floor,,closed by ind_prs28022024.pdf
228,Nifty Microcap 250,DWARKESH,2022-09-30,2024-03-28,,press_release,https://niftyindices.com/Press_Release/ind_prs01092022.pdf,closed by ind_prs28022024.pdf
228,Nifty Microcap 250,ELECON,2022-09-30,2024-03-28,,press_release,https://niftyindices.com/Press_Release/ind_prs01092022.pdf,closed by ind_prs28022024.pdf
228,Nifty Microcap 250,ESABINDIA,2019-04-01,2024-03-28,,snapshot_floor,,closed by ind_prs28022024.pdf
228,Nifty Microcap 250,FINOPB,2022-03-31,2024-03-28,,press_release,https://niftyindices.com/Press_Release/ind_prs24022022_1.pdf,closed by ind_prs28022024.pdf
228,Nifty Microcap 250,GRSE,2021-09-30,2024-03-28,,press_release,https://niftyindices.com/Press_Release/ind_prs15092021.pdf,closed by ind_prs28022024.pdf
228,Nifty Microcap 250,GARFIBRES,2023-09-29,2024-03-28,,press_release,https://niftyindices.com/Press_Release/ind_prs17082023.pdf,closed by ind_prs28022024.pdf
228,Nifty Microcap 250,GET&D,2023-09-29,2024-03-28,,press_release,https://niftyindices.com/Press_Release/ind_prs17082023.pdf,closed by ind_prs28022024.pdf
228,Nifty Microcap 250,GREENLAM,2023-09-29,2024-03-28,,press_release,https://niftyindices.com/Press_Release/ind_prs17082023.pdf,closed by ind_prs28022024.pdf
228,Nifty Microcap 250,GMDCLTD,2019-04-01,2024-03-28,,snapshot_floor,,closed by ind_prs28022024.pdf
228,Nifty Microcap 250,HARSHA,2023-03-31,2024-03-28,,press_release,https://niftyindices.com/Press_Release/ind_prs17022023_1.pdf,closed by ind_prs28022024.pdf
228,Nifty Microcap 250,HBLPOWER,2019-04-01,2024-03-28,,snapshot_floor,,closed by ind_prs28022024.pdf
228,Nifty Microcap 250,HCG,2019-04-01,2024-03-28,,snapshot_floor,,closed by ind_prs28022024.pdf
228,Nifty Microcap 250,HIL,2019-04-01,2024-03-28,,snapshot_floor,,closed by ind_prs28022024.pdf
228,Nifty Microcap 250,HSCL,2021-09-30,2024-03-28,,press_release,https://niftyindices.com/Press_Release/ind_prs15092021.pdf,closed by ind_prs28022024.pdf
228,Nifty Microcap 250,HGS,2023-09-29,2024-03-28,,press_release,https://niftyindices.com/Press_Release/ind_prs17082023.pdf,closed by ind_prs28022024.pdf
228,Nifty Microcap 250,HNDFDS,2023-09-29,2024-03-28,,press_release,https://niftyindices.com/Press_Release/ind_prs17082023.pdf,closed by ind_prs28022024.pdf
228,Nifty Microcap 250,INOXWIND,2019-04-01,2024-03-28,,snapshot_floor,,closed by ind_prs28022024.pdf
228,Nifty Microcap 250,J&KBANK,2019-04-01,2024-03-28,,snapshot_floor,,closed by ind_prs28022024.pdf
228,Nifty Microcap 250,JINDALPOLY,2019-04-01,2024-03-28,,snapshot_floor,,closed by ind_prs28022024.pdf
228,Nifty Microcap 250,JWL,2023-03-31,2024-03-28,,press_release,https://niftyindices.com/Press_Release/ind_prs17022023_1.pdf,closed by ind_prs28022024.pdf
228,Nifty Microcap 250,KKCL,2023-03-31,2024-03-28,,press_release,https://niftyindices.com/Press_Release/ind_prs17022023_1.pdf,closed by ind_prs28022024.pdf
228,Nifty Microcap 250,KIRIINDUS,2019-04-01,2024-03-28,,snapshot_floor,,closed by ind_prs28022024.pdf
228,Nifty Microcap 250,KIRLPNU,2023-09-29,2024-03-28,,press_release,https://niftyindices.com/Press_Release/ind_prs17082023.pdf,closed by ind_prs28022024.pdf
228,Nifty Microcap 250,MAHSEAMLES,2021-09-30,2024-03-28,,press_release,https://niftyindices.com/Press_Release/ind_prs15092021.pdf,closed by ind_prs28022024.pdf
228,Nifty Microcap 250,MAYURUNIQ,2019-04-01,2024-03-28,,snapshot_floor,,closed by ind_prs28022024.pdf
228,Nifty Microcap 250,MOL,2022-03-31,2024-03-28,,press_release,https://niftyindices.com/Press_Release/ind_prs24022022_1.pdf,closed by ind_prs28022024.pdf
228,Nifty Microcap 250,MOLDTKPAC,2019-04-01,2024-03-28,,snapshot_floor,,closed by ind_prs28022024.pdf
228,Nifty Microcap 250,NEOGEN,2019-04-01,2024-03-28,,snapshot_floor,,closed by ind_prs28022024.pdf
228,Nifty Microcap 250,PRIVISCL,2023-03-31,2024-03-28,,press_release,https://niftyindices.com/Press_Release/ind_prs17022023_1.pdf,closed by ind_prs28022024.pdf
228,Nifty Microcap 250,PRUDENT,2022-09-30,2024-03-28,,press_release,https://niftyindices.com/Press_Release/ind_prs01092022.pdf,closed by ind_prs28022024.pdf
228,Nifty Microcap 250,PTCIL,2023-09-29,2024-03-28,,press_release,https://niftyindices.com/Press_Release/ind_prs17082023.pdf,closed by ind_prs28022024.pdf
228,Nifty Microcap 250,RAILTEL,2022-09-30,2024-03-28,,press_release,https://niftyindices.com/Press_Release/ind_prs01092022.pdf,closed by ind_prs28022024.pdf
228,Nifty Microcap 250,RAJRATAN,2022-09-30,2024-03-28,,press_release,https://niftyindices.com/Press_Release/ind_prs01092022.pdf,closed by ind_prs28022024.pdf
228,Nifty Microcap 250,RKFORGE,2019-04-01,2024-03-28,,snapshot_floor,,closed by ind_prs28022024.pdf
228,Nifty Microcap 250,ROLEXRINGS,2022-03-31,2024-03-28,,press_release,https://niftyindices.com/Press_Release/ind_prs24022022_1.pdf,closed by ind_prs28022024.pdf
228,Nifty Microcap 250,RUPA,2019-04-01,2024-03-28,,snapshot_floor,,closed by ind_prs28022024.pdf
228,Nifty Microcap 250,SAKSOFT,2023-09-29,2024-03-28,,press_release,https://niftyindices.com/Press_Release/ind_prs17082023.pdf,closed by ind_prs28022024.pdf
228,Nifty Microcap 250,SBFC,2023-10-26,2024-03-28,,press_release,https://niftyindices.com/Press_Release/ind_prs17102023.pdf,closed by ind_prs28022024.pdf
228,Nifty Microcap 250,SCHNEIDER,2022-03-31,2024-03-28,,press_release,https://niftyindices.com/Press_Release/ind_prs24022022_1.pdf,closed by ind_prs28022024.pdf
228,Nifty Microcap 250,SHANTIGEAR,2023-03-31,2024-03-28,,press_release,https://niftyindices.com/Press_Release/ind_prs17022023_1.pdf,closed by ind_prs28022024.pdf
228,Nifty Microcap 250,SIS,2023-03-31,2024-03-28,,press_release,https://niftyindices.com/Press_Release/ind_prs17022023_1.pdf,closed by ind_prs28022024.pdf
228,Nifty Microcap 250,SIYSIL,2019-04-01,2024-03-28,,snapshot_floor,,closed by ind_prs28022024.pdf
228,Nifty Microcap 250,SOMANYCERA,2019-04-01,2024-03-28,,snapshot_floor,,closed by ind_prs28022024.pdf
228,Nifty Microcap 250,STYRENIX,2019-04-01,2024-03-28,,snapshot_floor,,closed by ind_prs28022024.pdf
228,Nifty Microcap 250,SUBEXLTD,2021-09-30,2024-03-28,,press_release,https://niftyindices.com/Press_Release/ind_prs15092021.pdf,closed by ind_prs28022024.pdf
228,Nifty Microcap 250,SPLPETRO,2022-09-30,2024-03-28,,press_release,https://niftyindices.com/Press_Release/ind_prs01092022.pdf,closed by ind_prs28022024.pdf
228,Nifty Microcap 250,TMB,2023-09-29,2024-03-28,,press_release,https://niftyindices.com/Press_Release/ind_prs17082023.pdf,closed by ind_prs28022024.pdf
228,Nifty Microcap 250,TATVA,2022-03-31,2024-03-28,,press_release,https://niftyindices.com/Press_Release/ind_prs24022022_1.pdf,closed by ind_prs28022024.pdf
228,Nifty Microcap 250,TCIEXP,2023-09-29,2024-03-28,,press_release,https://niftyindices.com/Press_Release/ind_prs17082023.pdf,closed by ind_prs28022024.pdf
228,Nifty Microcap 250,TIIL,2023-09-29,2024-03-28,,press_release,https://niftyindices.com/Press_Release/ind_prs17082023.pdf,closed by ind_prs28022024.pdf
228,Nifty Microcap 250,THYROCARE,2023-03-31,2024-03-28,,press_release,https://niftyindices.com/Press_Release/ind_prs17022023_1.pdf,closed by ind_prs28022024.pdf
228,Nifty Microcap 250,TITAGARH,2019-04-01,2024-03-28,,snapshot_floor,,closed by ind_prs28022024.pdf
228,Nifty Microcap 250,TCI,2023-09-29,2024-03-28,,press_release,https://niftyindices.com/Press_Release/ind_prs17082023.pdf,closed by ind_prs28022024.pdf
228,Nifty Microcap 250,TVSSCS,2023-10-26,2024-03-28,,press_release,https://niftyindices.com/Press_Release/ind_prs17102023.pdf,closed by ind_prs28022024.pdf
228,Nifty Microcap 250,UNICHEMLAB,2023-03-31,2024-03-28,,press_release,https://niftyindices.com/Press_Release/ind_prs17022023_1.pdf,closed by ind_prs28022024.pdf
228,Nifty Microcap 250,VESUVIUS,2022-10-25,2024-03-28,,press_release,https://niftyindices.com/Press_Release/ind_prs20102022.pdf,closed by ind_prs28022024.pdf
228,Nifty Microcap 250,BCG,2024-03-28,2024-04-26,,press_release,https://niftyindices.com/Press_Release/ind_prs28022024.pdf,closed by ind_prs24042024.pdf
228,Nifty Microcap 250,UJJIVAN,2023-03-31,2024-05-03,,press_release,https://niftyindices.com/Press_Release/ind_prs17022023_1.pdf,closed by ind_prs24042024_1.pdf
228,Nifty Microcap 250,TCNSBRANDS,2023-09-29,2024-09-03,,press_release,https://niftyindices.com/Press_Release/ind_prs17082023.pdf,closed by ind_prs27082024.pdf
228,Nifty Microcap 250,ACCELYA,2019-04-01,2024-09-30,,snapshot_floor,,closed by ind_prs23082024.pdf
228,Nifty Microcap 250,ANANTRAJ,2021-09-30,2024-09-30,,press_release,https://niftyindices.com/Press_Release/ind_prs15092021.pdf,closed by ind_prs23082024.pdf
228,Nifty Microcap 250,BARBEQUE,2021-09-30,2024-09-30,,press_release,https://niftyindices.com/Press_Release/ind_prs15092021.pdf,closed by ind_prs23082024.pdf
228,Nifty Microcap 250,BASF,2024-02-06,2024-09-30,,press_release,https://niftyindices.com/Press_Release/ind_prs30012024.pdf,closed by ind_prs23082024.pdf
228,Nifty Microcap 250,CAMLINFINE,2019-04-01,2024-09-30,,snapshot_floor,,closed by ind_prs23082024.pdf
228,Nifty Microcap 250,CARERATING,2019-04-01,2024-09-30,,snapshot_floor,,closed by ind_prs23082024.pdf
228,Nifty Microcap 250,DBCORP,2023-09-29,2024-09-30,,press_release,https://niftyindices.com/Press_Release/ind_prs17082023.pdf,closed by ind_prs23082024.pdf
228,Nifty Microcap 250,DALMIASUG,2019-04-01,2024-09-30,,snapshot_floor,,closed by ind_prs23082024.pdf
228,Nifty Microcap 250,FEDFINA,2024-03-28,2024-09-30,,press_release,https://niftyindices.com/Press_Release/ind_prs28022024.pdf,closed by ind_prs23082024.pdf
228,Nifty Microcap 250,FLAIR,2024-03-28,2024-09-30,,press_release,https://niftyindices.com/Press_Release/ind_prs28022024.pdf,closed by ind_prs23082024.pdf
228,Nifty Microcap 250,GRINFRA,2024-03-28,2024-09-30,,press_release,https://niftyindices.com/Press_Release/ind_prs28022024.pdf,closed by ind_prs23082024.pdf
228,Nifty Microcap 250,GALAXYSURF,2024-03-28,2024-09-30,,press_release,https://niftyindices.com/Press_Release/ind_prs28022024.pdf,closed by ind_prs23082024.pdf
228,Nifty Microcap 250,GLOBUSSPR,2022-03-31,2024-09-30,,press_release,https://niftyindices.com/Press_Release/ind_prs24022022_1.pdf,closed by ind_prs23082024.pdf
228,Nifty Microcap 250,GODREJAGRO,2023-09-29,2024-09-30,,press_release,https://niftyindices.com/Press_Release/ind_prs17082023.pdf,closed by ind_prs23082024.pdf
228,Nifty Microcap 250,GUFICBIO,2022-09-30,2024-09-30,,press_release,https://niftyindices.com/Press_Release/ind_prs01092022.pdf,closed by ind_prs23082024.pdf
228,Nifty Microcap 250,HLEGLAS,2024-03-28,2024-09-30,,press_release,https://niftyindices.com/Press_Release/ind_prs28022024.pdf,closed by ind_prs23082024.pdf
228,Nifty Microcap 250,HMAAGRO,2024-03-28,2024-09-30,,press_release,https://niftyindices.com/Press_Release/ind_prs28022024.pdf,closed by ind_prs23082024.pdf
228,Nifty Microcap 250,IFCI,2019-04-01,2024-09-30,,snapshot_floor,,closed by ind_prs23082024.pdf
228,Nifty Microcap 250,IKIO,2023-09-29,2024-09-30,,press_release,https://niftyindices.com/Press_Release/ind_prs17082023.pdf,closed by ind_prs23082024.pdf
228,Nifty Microcap 250,INDOCO,2023-03-31,2024-09-30,,press_release,https://niftyindices.com/Press_Release/ind_prs17022023_1.pdf,closed by ind_prs23082024.pdf
228,Nifty Microcap 250,INOXINDIA,2024-03-28,2024-09-30,,press_release,https://niftyindices.com/Press_Release/ind_prs28022024.pdf,closed by ind_prs23082024.pdf
228,Nifty Microcap 250,IOLCP,2022-03-31,2024-09-30,,press_release,https://niftyindices.com/Press_Release/ind_prs24022022_1.pdf,closed by ind_prs23082024.pdf
228,Nifty Microcap 250,JPASSOCIAT,2019-04-01,2024-09-30,,snapshot_floor,,closed by ind_prs23082024.pdf
228,Nifty Microcap 250,JPPOWER,2019-04-01,2024-09-30,,snapshot_floor,,closed by ind_prs23082024.pdf
228,Nifty Microcap 250,JKTYRE,2022-03-31,2024-09-30,,press_release,https://niftyindices.com/Press_Release/ind_prs24022022_1.pdf,closed by ind_prs23082024.pdf
228,Nifty Microcap 250,JSWHL,2024-03-28,2024-09-30,,press_release,https://niftyindices.com/Press_Release/ind_prs28022024.pdf,closed by ind_prs23082024.pdf
228,Nifty Microcap 250,JYOTICNC,2019-04-01,2024-09-30,,snapshot_floor,,closed by ind_prs23082024.pdf
228,Nifty Microcap 250,KIRLOSBROS,2023-03-31,2024-09-30,,press_release,https://niftyindices.com/Press_Release/ind_prs17022023_1.pdf,closed by ind_prs23082024.pdf
228,Nifty Microcap 250,KIRLOSENG,2019-04-01,2024-09-30,,snapshot_floor,,closed by ind_prs23082024.pdf
228,Nifty Microcap 250,KPIGREEN,2024-03-28,2024-09-30,,press_release,https://niftyindices.com/Press_Release/ind_prs28022024.pdf,closed by ind_prs23082024.pdf
228,Nifty Microcap 250,KRSNAA,2022-03-31,2024-09-30,,press_release,https://niftyindices.com/Press_Release/ind_prs24022022_1.pdf,closed by ind_prs23082024.pdf
228,Nifty Microcap 250,LAOPALA,2022-03-31,2024-09-30,,press_release,https://niftyindices.com/Press_Release/ind_prs24022022_1.pdf,closed by ind_prs23082024.pdf
228,Nifty Microcap 250,LGBBROSLTD,2019-04-01,2024-09-30,,snapshot_floor,,closed by ind_prs23082024.pdf
228,Nifty Microcap 250,MASFIN,2021-09-30,2024-09-30,,press_release,https://niftyindices.com/Press_Release/ind_prs15092021.pdf,closed by ind_prs23082024.pdf
228,Nifty Microcap 250,NAVNETEDUL,2019-04-01,2024-09-30,,snapshot_floor,,closed by ind_prs23082024.pdf
228,Nifty Microcap 250,NETWEB,2024-03-28,2024-09-30,,press_release,https://niftyindices.com/Press_Release/ind_prs28022024.pdf,closed by ind_prs23082024.pdf
228,Nifty Microcap 250,NEWGEN,2019-04-01,2024-09-30,,snapshot_floor,,closed by ind_prs23082024.pdf
228,Nifty Microcap 250,NUCLEUS,2024-03-28,2024-09-30,,press_release,https://niftyindices.com/Press_Release/ind_prs28022024.pdf,closed by ind_prs23082024.pdf
228,Nifty Microcap 250,PDSL,2022-12-30,2024-09-30,,press_release,https://niftyindices.com/Press_Release/ind_prs22122022.pdf,closed by ind_prs23082024.pdf
228,Nifty Microcap 250,PSPPROJECT,2019-04-01,2024-09-30,,snapshot_floor,,closed by ind_prs23082024.pdf
228,Nifty Microcap 250,RTNPOWER,2019-04-01,2024-09-30,,snapshot_floor,,closed by ind_prs23082024.pdf
228,Nifty Microcap 250,RPOWER,2019-04-01,2024-09-30,,snapshot_floor,,closed by ind_prs23082024.pdf
228,Nifty Microcap 250,SAGCEM,2024-03-28,2024-09-30,,press_release,https://niftyindices.com/Press_Release/ind_prs28022024.pdf,closed by ind_prs23082024.pdf
228,Nifty Microcap 250,SCI,2023-09-29,2024-09-30,,press_release,https://niftyindices.com/Press_Release/ind_prs17082023.pdf,closed by ind_prs23082024.pdf
228,Nifty Microcap 250,SHOPERSTOP,2024-03-28,2024-09-30,,press_release,https://niftyindices.com/Press_Release/ind_prs28022024.pdf,closed by ind_prs23082024.pdf
228,Nifty Microcap 250,SUNCLAY,2024-03-28,2024-09-30,,press_release,https://niftyindices.com/Press_Release/ind_prs28022024.pdf,closed by ind_prs23082024.pdf
228,Nifty Microcap 250,TARSONS,2022-03-31,2024-09-30,,press_release,https://niftyindices.com/Press_Release/ind_prs24022022_1.pdf,closed by ind_prs23082024.pdf
228,Nifty Microcap 250,TECHNOE,2019-04-01,2024-09-30,,snapshot_floor,,closed by ind_prs23082024.pdf
228,Nifty Microcap 250,TTKPRESTIG,2024-03-28,2024-09-30,,press_release,https://niftyindices.com/Press_Release/ind_prs28022024.pdf,closed by ind_prs23082024.pdf
228,Nifty Microcap 250,TVSHLTD,2024-01-19,2024-09-30,,press_release,https://niftyindices.com/Press_Release/ind_prs10012024.pdf,closed by ind_prs23082024.pdf
228,Nifty Microcap 250,UFLEX,2023-09-29,2024-09-30,,press_release,https://niftyindices.com/Press_Release/ind_prs17082023.pdf,closed by ind_prs23082024.pdf
228,Nifty Microcap 250,UNIPARTS,2023-03-31,2024-09-30,,press_release,https://niftyindices.com/Press_Release/ind_prs17022023_1.pdf,closed by ind_prs23082024.pdf
228,Nifty Microcap 250,VSTTILLERS,2019-04-01,2024-09-30,,snapshot_floor,,closed by ind_prs23082024.pdf
228,Nifty Microcap 250,DBREALTY,2022-09-30,2024-09-30,,press_release,https://niftyindices.com/Press_Release/ind_prs01092022.pdf,closed by ind_prs23082024.pdf
228,Nifty Microcap 250,VRLLOG,2019-04-01,2024-09-30,,snapshot_floor,,closed by ind_prs23082024.pdf
228,Nifty Microcap 250,KESORAMIND,2024-03-28,2025-03-10,,press_release,https://niftyindices.com/Press_Release/ind_prs28022024.pdf,closed by ind_prs06032025.pdf
228,Nifty Microcap 250,ALIVUS,2019-04-01,2025-03-28,,snapshot_floor,,closed by ind_prs21022025.pdf
228,Nifty Microcap 250,ANURAS,2024-09-30,2025-03-28,,press_release,https://niftyindices.com/Press_Release/ind_prs23082024.pdf,closed by ind_prs21022025.pdf
228,Nifty Microcap 250,BAJAJCON,2022-03-31,2025-03-28,,press_release,https://niftyindices.com/Press_Release/ind_prs24022022_1.pdf,closed by ind_prs21022025.pdf
228,Nifty Microcap 250,BAJAJELEC,2024-09-30,2025-03-28,,press_release,https://niftyindices.com/Press_Release/ind_prs23082024.pdf,closed by ind_prs21022025.pdf
228,Nifty Microcap 250,BALMLAWRIE,2021-09-30,2025-03-28,,press_release,https://niftyindices.com/Press_Release/ind_prs15092021.pdf,closed by ind_prs21022025.pdf
228,Nifty Microcap 250,CONFIPET,2019-04-01,2025-03-28,,snapshot_floor,,closed by ind_prs21022025.pdf
228,Nifty Microcap 250,DCMSHRIRAM,2019-04-01,2025-03-28,,snapshot_floor,,closed by ind_prs21022025.pdf
228,Nifty Microcap 250,DELTACORP,2024-03-28,2025-03-28,,press_release,https://niftyindices.com/Press_Release/ind_prs28022024.pdf,closed by ind_prs21022025.pdf
228,Nifty Microcap 250,DEN,2021-09-30,2025-03-28,,press_release,https://niftyindices.com/Press_Release/ind_prs15092021.pdf,closed by ind_prs21022025.pdf
228,Nifty Microcap 250,DHANUKA,2024-03-28,2025-03-28,,press_release,https://niftyindices.com/Press_Release/ind_prs28022024.pdf,closed by ind_prs21022025.pdf
228,Nifty Microcap 250,DISHTV,2021-09-30,2025-03-28,,press_release,https://niftyindices.com/Press_Release/ind_prs15092021.pdf,closed by ind_prs21022025.pdf
228,Nifty Microcap 250,DREAMFOLKS,2023-09-29,2025-03-28,,press_release,https://niftyindices.com/Press_Release/ind_prs17082023.pdf,closed by ind_prs21022025.pdf
228,Nifty Microcap 250,ESAFSFB,2024-03-28,2025-03-28,,press_release,https://niftyindices.com/Press_Release/ind_prs28022024.pdf,closed by ind_prs21022025.pdf
228,Nifty Microcap 250,EVEREADY,2019-04-01,2025-03-28,,snapshot_floor,,closed by ind_prs21022025.pdf
228,Nifty Microcap 250,FUSION,2023-03-31,2025-03-28,,press_release,https://niftyindices.com/Press_Release/ind_prs17022023_1.pdf,closed by ind_prs21022025.pdf
228,Nifty Microcap 250,GOCOLORS,2024-03-28,2025-03-28,,press_release,https://niftyindices.com/Press_Release/ind_prs28022024.pdf,closed by ind_prs21022025.pdf
228,Nifty Microcap 250,GRAVITA,2022-09-30,2025-03-28,,press_release,https://niftyindices.com/Press_Release/ind_prs01092022.pdf,closed by ind_prs21022025.pdf
228,Nifty Microcap 250,GUJALKALI,2024-03-28,2025-03-28,,press_release,https://niftyindices.com/Press_Release/ind_prs28022024.pdf,closed by ind_prs21022025.pdf
228,Nifty Microcap 250,HAPPYFORGE,2024-09-30,2025-03-28,,press_release,https://niftyindices.com/Press_Release/ind_prs23082024.pdf,closed by ind_prs21022025.pdf
228,Nifty Microcap 250,HARSHA,2024-09-30,2025-03-28,,press_release,https://niftyindices.com/Press_Release/ind_prs23082024.pdf,closed by ind_prs21022025.pdf
228,Nifty Microcap 250,HNDFDS,2024-09-30,2025-03-28,,press_release,https://niftyindices.com/Press_Release/ind_prs23082024.pdf,closed by ind_prs21022025.pdf
228,Nifty Microcap 250,HINDOILEXP,2019-04-01,2025-03-28,,snapshot_floor,,closed by ind_prs21022025.pdf
228,Nifty Microcap 250,HINDWAREAP,2019-04-01,2025-03-28,,snapshot_floor,,closed by ind_prs21022025.pdf
228,Nifty Microcap 250,IDEAFORGE,2024-03-28,2025-03-28,,press_release,https://niftyindices.com/Press_Release/ind_prs28022024.pdf,closed by ind_prs21022025.pdf
228,Nifty Microcap 250,IPL,2024-03-28,2025-03-28,,press_release,https://niftyindices.com/Press_Release/ind_prs28022024.pdf,closed by ind_prs21022025.pdf
228,Nifty Microcap 250,JTEKTINDIA,2023-03-31,2025-03-28,,press_release,https://niftyindices.com/Press_Release/ind_prs17022023_1.pdf,closed by ind_prs21022025.pdf
228,Nifty Microcap 250,JUNIPER,2024-05-03,2025-03-28,,press_release,https://niftyindices.com/Press_Release/ind_prs24042024_1.pdf,closed by ind_prs21022025.pdf
228,Nifty Microcap 250,JLHL,2024-03-28,2025-03-28,,press_release,https://niftyindices.com/Press_Release/ind_prs28022024.pdf,closed by ind_prs21022025.pdf
228,Nifty Microcap 250,KOLTEPATIL,2019-04-01,2025-03-28,,snapshot_floor,,closed by ind_prs21022025.pdf
228,Nifty Microcap 250,LANDMARK,2023-03-31,2025-03-28,,press_release,https://niftyindices.com/Press_Release/ind_prs17022023_1.pdf,closed by ind_prs21022025.pdf
228,Nifty Microcap 250,LTFOODS,2019-04-01,2025-03-28,,snapshot_floor,,closed by ind_prs21022025.pdf
228,Nifty Microcap 250,MHRIL,2024-09-30,2025-03-28,,press_release,https://niftyindices.com/Press_Release/ind_prs23082024.pdf,closed by ind_prs21022025.pdf
228,Nifty Microcap 250,MAHLOG,2023-09-29,2025-03-28,,press_release,https://niftyindices.com/Press_Release/ind_prs17082023.pdf,closed by ind_prs21022025.pdf
228,Nifty Microcap 250,MAITHANALL,2019-04-01,2025-03-28,,snapshot_floor,,closed by ind_prs21022025.pdf
228,Nifty Microcap 250,MUTHOOTMF,2024-03-28,2025-03-28,,press_release,https://niftyindices.com/Press_Release/ind_prs28022024.pdf,closed by ind_prs21022025.pdf
228,Nifty Microcap 250,NAVA,2019-04-01,2025-03-28,,snapshot_floor,,closed by ind_prs21022025.pdf
228,Nifty Microcap 250,NEULANDLAB,2019-04-01,2025-03-28,,snapshot_floor,,closed by ind_prs21022025.pdf
228,Nifty Microcap 250,NIITMTS,2024-03-28,2025-03-28,,press_release,https://niftyindices.com/Press_Release/ind_prs28022024.pdf,closed by ind_prs21022025.pdf
228,Nifty Microcap 250,NRBBEARING,2019-04-01,2025-03-28,,snapshot_floor,,closed by ind_prs21022025.pdf
228,Nifty Microcap 250,ORIENTELEC,2024-03-28,2025-03-28,,press_release,https://niftyindices.com/Press_Release/ind_prs28022024.pdf,closed by ind_prs21022025.pdf
228,Nifty Microcap 250,PGEL,2023-03-31,2025-03-28,,press_release,https://niftyindices.com/Press_Release/ind_prs17022023_1.pdf,closed by ind_prs21022025.pdf
228,Nifty Microcap 250,PGHL,2024-09-30,2025-03-28,,press_release,https://niftyindices.com/Press_Release/ind_prs23082024.pdf,closed by ind_prs21022025.pdf
228,Nifty Microcap 250,PURVA,2024-03-28,2025-03-28,,press_release,https://niftyindices.com/Press_Release/ind_prs28022024.pdf,closed by ind_prs21022025.pdf
228,Nifty Microcap 250,RAMKY,2023-09-29,2025-03-28,,press_release,https://niftyindices.com/Press_Release/ind_prs17082023.pdf,closed by ind_prs21022025.pdf
228,Nifty Microcap 250,ROLEXRINGS,2024-09-30,2025-03-28,,press_release,https://niftyindices.com/Press_Release/ind_prs23082024.pdf,closed by ind_prs21022025.pdf
228,Nifty Microcap 250,KALAMANDIR,2024-03-28,2025-03-28,,press_release,https://niftyindices.com/Press_Release/ind_prs28022024.pdf,closed by ind_prs21022025.pdf
228,Nifty Microcap 250,SANDUMA,2024-03-28,2025-03-28,,press_release,https://niftyindices.com/Press_Release/ind_prs28022024.pdf,closed by ind_prs21022025.pdf
228,Nifty Microcap 250,SANGHIIND,2024-03-28,2025-03-28,,press_release,https://niftyindices.com/Press_Release/ind_prs28022024.pdf,closed by ind_prs21022025.pdf
228,Nifty Microcap 250,SANGHVIMOV,2024-03-28,2025-03-28,,press_release,https://niftyindices.com/Press_Release/ind_prs28022024.pdf,closed by ind_prs21022025.pdf
228,Nifty Microcap 250,SARDAEN,2019-04-01,2025-03-28,,snapshot_floor,,closed by ind_prs21022025.pdf
228,Nifty Microcap 250,SHARDAMOTR,2024-03-28,2025-03-28,,press_release,https://niftyindices.com/Press_Release/ind_prs28022024.pdf,closed by ind_prs21022025.pdf
228,Nifty Microcap 250,SINDHUTRAD,2024-03-28,2025-03-28,,press_release,https://niftyindices.com/Press_Release/ind_prs28022024.pdf,closed by ind_prs21022025.pdf
228,Nifty Microcap 250,SSWL,2019-04-01,2025-03-28,,snapshot_floor,,closed by ind_prs21022025.pdf
228,Nifty Microcap 250,SPLPETRO,2024-04-26,2025-03-28,,press_release,https://niftyindices.com/Press_Release/ind_prs24042024.pdf,closed by ind_prs21022025.pdf
228,Nifty Microcap 250,TCIEXP,2024-09-30,2025-03-28,,press_release,https://niftyindices.com/Press_Release/ind_prs23082024.pdf,closed by ind_prs21022025.pdf
228,Nifty Microcap 250,UTKARSHBNK,2024-03-28,2025-03-28,,press_release,https://niftyindices.com/Press_Release/ind_prs28022024.pdf,closed by ind_prs21022025.pdf
228,Nifty Microcap 250,VEEDOL,2019-04-01,2025-03-28,,snapshot_floor,,closed by ind_prs21022025.pdf
228,Nifty Microcap 250,VENKEYS,2022-09-30,2025-03-28,,press_release,https://niftyindices.com/Press_Release/ind_prs01092022.pdf,closed by ind_prs21022025.pdf
228,Nifty Microcap 250,WSTCSTPAPR,2019-04-01,2025-03-28,,snapshot_floor,,closed by ind_prs21022025.pdf
228,Nifty Microcap 250,WOCKPHARMA,2023-03-31,2025-03-28,,press_release,https://niftyindices.com/Press_Release/ind_prs17022023_1.pdf,closed by ind_prs21022025.pdf
228,Nifty Microcap 250,ZENTEC,2023-09-29,2025-03-28,,press_release,https://niftyindices.com/Press_Release/ind_prs17082023.pdf,closed by ind_prs21022025.pdf
228,Nifty Microcap 250,AVL,2025-03-28,2025-09-30,,press_release,https://niftyindices.com/Press_Release/ind_prs21022025.pdf,closed by ind_prs22082025.pdf
228,Nifty Microcap 250,AKZOINDIA,2025-03-28,2025-09-30,,press_release,https://niftyindices.com/Press_Release/ind_prs21022025.pdf,closed by ind_prs22082025.pdf
228,Nifty Microcap 250,BAJAJHIND,2019-04-01,2025-09-30,,snapshot_floor,,closed by ind_prs22082025.pdf
228,Nifty Microcap 250,BANSALWIRE,2025-03-28,2025-09-30,,press_release,https://niftyindices.com/Press_Release/ind_prs21022025.pdf,closed by ind_prs22082025.pdf
228,Nifty Microcap 250,BEPL,2019-04-01,2025-09-30,,snapshot_floor,,closed by ind_prs22082025.pdf
228,Nifty Microcap 250,BLUEJET,2024-03-28,2025-09-30,,press_release,https://niftyindices.com/Press_Release/ind_prs28022024.pdf,closed by ind_prs22082025.pdf
228,Nifty Microcap 250,BOMDYEING,2019-04-01,2025-09-30,,snapshot_floor,,closed by ind_prs22082025.pdf
228,Nifty Microcap 250,BOROLTD,2024-09-30,2025-09-30,,press_release,https://niftyindices.com/Press_Release/ind_prs23082024.pdf,closed by ind_prs22082025.pdf
228,Nifty Microcap 250,CHEMPLASTS,2025-03-28,2025-09-30,,press_release,https://niftyindices.com/Press_Release/ind_prs21022025.pdf,closed by ind_prs22082025.pdf
228,Nifty Microcap 250,CHOICEIN,2023-04-28,2025-09-30,,press_release,https://niftyindices.com/Press_Release/ind_prs19042023_1.pdf,closed by ind_prs22082025.pdf
228,Nifty Microcap 250,DCXINDIA,2023-03-31,2025-09-30,,press_release,https://niftyindices.com/Press_Release/ind_prs17022023_1.pdf,closed by ind_prs22082025.pdf
228,Nifty Microcap 250,FCL,2022-09-30,2025-09-30,,press_release,https://niftyindices.com/Press_Release/ind_prs01092022.pdf,closed by ind_prs22082025.pdf
228,Nifty Microcap 250,FORCEMOT,2024-09-30,2025-09-30,,press_release,https://niftyindices.com/Press_Release/ind_prs23082024.pdf,closed by ind_prs22082025.pdf
228,Nifty Microcap 250,GOPAL,2024-09-30,2025-09-30,,press_release,https://niftyindices.com/Press_Release/ind_prs23082024.pdf,closed by ind_prs22082025.pdf
228,Nifty Microcap 250,GREENPLY,2019-04-01,2025-09-30,,snapshot_floor,,closed by ind_prs22082025.pdf
228,Nifty Microcap 250,HATHWAY,2022-09-30,2025-09-30,,press_release,https://niftyindices.com/Press_Release/ind_prs01092022.pdf,closed by ind_prs22082025.pdf
228,Nifty Microcap 250,HEIDELBERG,2022-03-31,2025-09-30,,press_release,https://niftyindices.com/Press_Release/ind_prs24022022_1.pdf,closed by ind_prs22082025.pdf
228,Nifty Microcap 250,JAICORPLTD,2019-04-01,2025-09-30,,snapshot_floor,,closed by ind_prs22082025.pdf
228,Nifty Microcap 250,JTLIND,2023-09-29,2025-09-30,,press_release,https://niftyindices.com/Press_Release/ind_prs17082023.pdf,closed by ind_prs22082025.pdf
228,Nifty Microcap 250,KSB,2025-03-28,2025-09-30,,press_release,https://niftyindices.com/Press_Release/ind_prs21022025.pdf,closed by ind_prs22082025.pdf
228,Nifty Microcap 250,MAHSCOOTER,2025-03-28,2025-09-30,,press_release,https://niftyindices.com/Press_Release/ind_prs21022025.pdf,closed by ind_prs22082025.pdf
228,Nifty Microcap 250,NOCIL,2023-09-29,2025-09-30,,press_release,https://niftyindices.com/Press_Release/ind_prs17082023.pdf,closed by ind_prs22082025.pdf
228,Nifty Microcap 250,NUVOCO,2025-03-28,2025-09-30,,press_release,https://niftyindices.com/Press_Release/ind_prs21022025.pdf,closed by ind_prs22082025.pdf
228,Nifty Microcap 250,ORISSAMINE,2024-03-28,2025-09-30,,press_release,https://niftyindices.com/Press_Release/ind_prs28022024.pdf,closed by ind_prs22082025.pdf
228,Nifty Microcap 250,PAISALO,2019-04-01,2025-09-30,,snapshot_floor,,closed by ind_prs22082025.pdf
228,Nifty Microcap 250,REDTAPE,2024-03-28,2025-09-30,,press_release,https://niftyindices.com/Press_Release/ind_prs28022024.pdf,closed by ind_prs22082025.pdf
228,Nifty Microcap 250,RESPONIND,2023-09-29,2025-09-30,,press_release,https://niftyindices.com/Press_Release/ind_prs17082023.pdf,closed by ind_prs22082025.pdf
228,Nifty Microcap 250,ROSSARI,2024-03-28,2025-09-30,,press_release,https://niftyindices.com/Press_Release/ind_prs28022024.pdf,closed by ind_prs22082025.pdf
228,Nifty Microcap 250,SBCL,2022-09-30,2025-09-30,,press_release,https://niftyindices.com/Press_Release/ind_prs01092022.pdf,closed by ind_prs22082025.pdf
228,Nifty Microcap 250,SHOPERSTOP,2025-03-28,2025-09-30,,press_release,https://niftyindices.com/Press_Release/ind_prs21022025.pdf,closed by ind_prs22082025.pdf
228,Nifty Microcap 250,SPANDANA,2022-03-31,2025-09-30,,press_release,https://niftyindices.com/Press_Release/ind_prs24022022_1.pdf,closed by ind_prs22082025.pdf
228,Nifty Microcap 250,STYLAMIND,2023-09-29,2025-09-30,,press_release,https://niftyindices.com/Press_Release/ind_prs17082023.pdf,closed by ind_prs22082025.pdf
228,Nifty Microcap 250,SULA,2023-03-31,2025-09-30,,press_release,https://niftyindices.com/Press_Release/ind_prs17022023_1.pdf,closed by ind_prs22082025.pdf
228,Nifty Microcap 250,SUPRAJIT,2024-03-28,2025-09-30,,press_release,https://niftyindices.com/Press_Release/ind_prs28022024.pdf,closed by ind_prs22082025.pdf
228,Nifty Microcap 250,TIIL,2024-09-30,2025-09-30,,press_release,https://niftyindices.com/Press_Release/ind_prs23082024.pdf,closed by ind_prs22082025.pdf
228,Nifty Microcap 250,TIRUMALCHM,2019-04-01,2025-09-30,,snapshot_floor,,closed by ind_prs22082025.pdf
228,Nifty Microcap 250,VENTIVE,2025-03-28,2025-09-30,,press_release,https://niftyindices.com/Press_Release/ind_prs21022025.pdf,closed by ind_prs22082025.pdf
228,Nifty Microcap 250,VENUSPIPES,2024-09-30,2025-09-30,,press_release,https://niftyindices.com/Press_Release/ind_prs23082024.pdf,closed by ind_prs22082025.pdf
228,Nifty Microcap 250,WONDERLA,2023-09-29,2025-09-30,,press_release,https://niftyindices.com/Press_Release/ind_prs17082023.pdf,closed by ind_prs22082025.pdf
228,Nifty Microcap 250,DHANI,2023-03-31,2025-10-28,,press_release,https://niftyindices.com/Press_Release/ind_prs17022023_1.pdf,closed by ind_prs20102025.pdf
228,Nifty Microcap 250,RAJESHEXPO,2025-03-28,2025-12-26,,press_release,https://niftyindices.com/Press_Release/ind_prs21022025.pdf,closed by ind_prs23122025.pdf
228,Nifty Microcap 250,ACUTAAS,2019-04-01,2026-03-30,,snapshot_floor,,closed by ind_prs23022026.pdf
228,Nifty Microcap 250,AGI,2019-04-01,2026-03-30,,snapshot_floor,,closed by ind_prs23022026.pdf
228,Nifty Microcap 250,AJAXENGG,2025-09-30,2026-03-30,,press_release,https://niftyindices.com/Press_Release/ind_prs22082025.pdf,closed by ind_prs23022026.pdf
228,Nifty Microcap 250,ABDL,2025-03-28,2026-03-30,,press_release,https://niftyindices.com/Press_Release/ind_prs21022025.pdf,closed by ind_prs23022026.pdf
228,Nifty Microcap 250,ANURAS,2025-09-30,2026-03-30,,press_release,https://niftyindices.com/Press_Release/ind_prs22082025.pdf,closed by ind_prs23022026.pdf
228,Nifty Microcap 250,PARKHOTELS,2024-09-30,2026-03-30,,press_release,https://niftyindices.com/Press_Release/ind_prs23082024.pdf,closed by ind_prs23022026.pdf
228,Nifty Microcap 250,BELRISE,2025-09-30,2026-03-30,,press_release,https://niftyindices.com/Press_Release/ind_prs22082025.pdf,closed by ind_prs23022026.pdf
228,Nifty Microcap 250,BBL,2024-09-30,2026-03-30,,press_release,https://niftyindices.com/Press_Release/ind_prs23082024.pdf,closed by ind_prs23022026.pdf
228,Nifty Microcap 250,BOSCH-HCIL,2019-04-01,2026-03-30,,snapshot_floor,,closed by ind_prs23022026.pdf
228,Nifty Microcap 250,CARTRADE,2022-03-31,2026-03-30,,press_release,https://niftyindices.com/Press_Release/ind_prs24022022_1.pdf,closed by ind_prs23022026.pdf
228,Nifty Microcap 250,CEIGALL,2025-03-28,2026-03-30,,press_release,https://niftyindices.com/Press_Release/ind_prs21022025.pdf,closed by ind_prs23022026.pdf
228,Nifty Microcap 250,CEMPRO,2019-04-01,2026-03-30,,snapshot_floor,,closed by ind_prs23022026.pdf
228,Nifty Microcap 250,CYIENTDLM,2024-03-28,2026-03-30,,press_release,https://niftyindices.com/Press_Release/ind_prs28022024.pdf,closed by ind_prs23022026.pdf
228,Nifty Microcap 250,DHANUKA,2025-09-30,2026-03-30,,press_release,https://niftyindices.com/Press_Release/ind_prs22082025.pdf,closed by ind_prs23022026.pdf
228,Nifty Microcap 250,DCAL,2021-09-30,2026-03-30,,press_release,https://niftyindices.com/Press_Release/ind_prs15092021.pdf,closed by ind_prs23022026.pdf
228,Nifty Microcap 250,DODLA,2023-09-29,2026-03-30,,press_release,https://niftyindices.com/Press_Release/ind_prs17082023.pdf,closed by ind_prs23022026.pdf
228,Nifty Microcap 250,EASEMYTRIP,2025-03-28,2026-03-30,,press_release,https://niftyindices.com/Press_Release/ind_prs21022025.pdf,closed by ind_prs23022026.pdf
228,Nifty Microcap 250,EMUDHRA,2022-09-30,2026-03-30,,press_release,https://niftyindices.com/Press_Release/ind_prs01092022.pdf,closed by ind_prs23022026.pdf
228,Nifty Microcap 250,EPIGRAL,2024-03-28,2026-03-30,,press_release,https://niftyindices.com/Press_Release/ind_prs28022024.pdf,closed by ind_prs23022026.pdf
228,Nifty Microcap 250,FDC,2024-09-30,2026-03-30,,press_release,https://niftyindices.com/Press_Release/ind_prs23082024.pdf,closed by ind_prs23022026.pdf
228,Nifty Microcap 250,FINEORG,2025-03-28,2026-03-30,,press_release,https://niftyindices.com/Press_Release/ind_prs21022025.pdf,closed by ind_prs23022026.pdf
228,Nifty Microcap 250,GRINFRA,2025-03-28,2026-03-30,,press_release,https://niftyindices.com/Press_Release/ind_prs21022025.pdf,closed by ind_prs23022026.pdf
228,Nifty Microcap 250,GABRIEL,2019-04-01,2026-03-30,,snapshot_floor,,closed by ind_prs23022026.pdf
228,Nifty Microcap 250,GALLANTT,2025-09-30,2026-03-30,,press_release,https://niftyindices.com/Press_Release/ind_prs22082025.pdf,closed by ind_prs23022026.pdf
228,Nifty Microcap 250,GANESHHOU,2019-04-01,2026-03-30,,snapshot_floor,,closed by ind_prs23022026.pdf
228,Nifty Microcap 250,GANECOS,2025-03-28,2026-03-30,,press_release,https://niftyindices.com/Press_Release/ind_prs21022025.pdf,closed by ind_prs23022026.pdf
228,Nifty Microcap 250,GARFIBRES,2025-03-28,2026-03-30,,press_release,https://niftyindices.com/Press_Release/ind_prs21022025.pdf,closed by ind_prs23022026.pdf
228,Nifty Microcap 250,GATEWAY,2022-05-31,2026-03-30,,press_release,https://niftyindices.com/Press_Release/ind_prs24052022.pdf,closed by ind_prs23022026.pdf
228,Nifty Microcap 250,GREENPANEL,2023-09-29,2026-03-30,,press_release,https://niftyindices.com/Press_Release/ind_prs17082023.pdf,closed by ind_prs23022026.pdf
228,Nifty Microcap 250,GULFOILLUB,2024-03-28,2026-03-30,,press_release,https://niftyindices.com/Press_Release/ind_prs28022024.pdf,closed by ind_prs23022026.pdf
228,Nifty Microcap 250,HIKAL,2023-09-29,2026-03-30,,press_release,https://niftyindices.com/Press_Release/ind_prs17082023.pdf,closed by ind_prs23022026.pdf
228,Nifty Microcap 250,IMAGICAA,2024-09-30,2026-03-30,,press_release,https://niftyindices.com/Press_Release/ind_prs23082024.pdf,closed by ind_prs23022026.pdf
228,Nifty Microcap 250,INGERRAND,2024-03-28,2026-03-30,,press_release,https://niftyindices.com/Press_Release/ind_prs28022024.pdf,closed by ind_prs23022026.pdf
228,Nifty Microcap 250,INNOVACAP,2025-03-10,2026-03-30,,press_release,https://niftyindices.com/Press_Release/ind_prs06032025.pdf,closed by ind_prs23022026.pdf
228,Nifty Microcap 250,ISGEC,2021-10-29,2026-03-30,,press_release,https://niftyindices.com/Press_Release/ind_prs22102021.pdf,closed by ind_prs23022026.pdf
228,Nifty Microcap 250,JKIL,2022-09-30,2026-03-30,,press_release,https://niftyindices.com/Press_Release/ind_prs01092022.pdf,closed by ind_prs23022026.pdf
228,Nifty Microcap 250,JISLJALEQS,2022-04-07,2026-03-30,,press_release,https://niftyindices.com/Press_Release/ind_prs06042022.pdf,closed by ind_prs23022026.pdf
228,Nifty Microcap 250,JINDWORLD,2023-10-26,2026-03-30,,press_release,https://niftyindices.com/Press_Release/ind_prs17102023.pdf,closed by ind_prs23022026.pdf
228,Nifty Microcap 250,KSL,2024-09-03,2026-03-30,,press_release,https://niftyindices.com/Press_Release/ind_prs27082024.pdf,closed by ind_prs23022026.pdf
228,Nifty Microcap 250,LMW,2019-04-01,2026-03-30,,snapshot_floor,,closed by ind_prs23022026.pdf
228,Nifty Microcap 250,LUXIND,2024-03-28,2026-03-30,,press_release,https://niftyindices.com/Press_Release/ind_prs28022024.pdf,closed by ind_prs23022026.pdf
228,Nifty Microcap 250,MAHLIFE,2025-03-28,2026-03-30,,press_release,https://niftyindices.com/Press_Release/ind_prs21022025.pdf,closed by ind_prs23022026.pdf
228,Nifty Microcap 250,MANINFRA,2019-04-01,2026-03-30,,snapshot_floor,,closed by ind_prs23022026.pdf
228,Nifty Microcap 250,MAXESTATES,2025-03-28,2026-03-30,,press_release,https://niftyindices.com/Press_Release/ind_prs21022025.pdf,closed by ind_prs23022026.pdf
228,Nifty Microcap 250,ORCHPHARMA,2024-09-30,2026-03-30,,press_release,https://niftyindices.com/Press_Release/ind_prs23082024.pdf,closed by ind_prs23022026.pdf
228,Nifty Microcap 250,PARADEEP,2022-09-30,2026-03-30,,press_release,https://niftyindices.com/Press_Release/ind_prs01092022.pdf,closed by ind_prs23022026.pdf
228,Nifty Microcap 250,PATELENG,2024-03-28,2026-03-30,,press_release,https://niftyindices.com/Press_Release/ind_prs28022024.pdf,closed by ind_prs23022026.pdf
228,Nifty Microcap 250,POLYPLEX,2024-03-28,2026-03-30,,press_release,https://niftyindices.com/Press_Release/ind_prs28022024.pdf,closed by ind_prs23022026.pdf
228,Nifty Microcap 250,PRINCEPIPE,2024-09-30,2026-03-30,,press_release,https://niftyindices.com/Press_Release/ind_prs23082024.pdf,closed by ind_prs23022026.pdf
228,Nifty Microcap 250,RATNAMANI,2025-10-28,2026-03-30,,press_release,https://niftyindices.com/Press_Release/ind_prs20102025.pdf,closed by ind_prs23022026.pdf
228,Nifty Microcap 250,SANOFICONR,2025-03-28,2026-03-30,,press_release,https://niftyindices.com/Press_Release/ind_prs21022025.pdf,closed by ind_prs23022026.pdf
228,Nifty Microcap 250,SANOFI,2025-03-28,2026-03-30,,press_release,https://niftyindices.com/Press_Release/ind_prs21022025.pdf,closed by ind_prs23022026.pdf
228,Nifty Microcap 250,SHARDAMOTR,2025-09-30,2026-03-30,,press_release,https://niftyindices.com/Press_Release/ind_prs22082025.pdf,closed by ind_prs23022026.pdf
228,Nifty Microcap 250,SUNFLAG,2023-09-29,2026-03-30,,press_release,https://niftyindices.com/Press_Release/ind_prs17082023.pdf,closed by ind_prs23022026.pdf
228,Nifty Microcap 250,SYMPHONY,2024-09-30,2026-03-30,,press_release,https://niftyindices.com/Press_Release/ind_prs23082024.pdf,closed by ind_prs23022026.pdf
228,Nifty Microcap 250,TEAMLEASE,2024-03-28,2026-03-30,,press_release,https://niftyindices.com/Press_Release/ind_prs28022024.pdf,closed by ind_prs23022026.pdf
228,Nifty Microcap 250,TEGA,2022-03-31,2026-03-30,,press_release,https://niftyindices.com/Press_Release/ind_prs24022022_1.pdf,closed by ind_prs23022026.pdf
228,Nifty Microcap 250,UNIMECH,2025-03-28,2026-03-30,,press_release,https://niftyindices.com/Press_Release/ind_prs21022025.pdf,closed by ind_prs23022026.pdf
228,Nifty Microcap 250,VESUVIUS,2024-09-30,2026-03-30,,press_release,https://niftyindices.com/Press_Release/ind_prs23082024.pdf,closed by ind_prs23022026.pdf
228,Nifty Microcap 250,VINATIORGA,2025-09-30,2026-03-30,,press_release,https://niftyindices.com/Press_Release/ind_prs22082025.pdf,closed by ind_prs23022026.pdf
228,Nifty Microcap 250,VSTIND,2024-09-30,2026-03-30,,press_release,https://niftyindices.com/Press_Release/ind_prs23082024.pdf,closed by ind_prs23022026.pdf
228,Nifty Microcap 250,ZYDUSWELL,2024-03-28,2026-03-30,,press_release,https://niftyindices.com/Press_Release/ind_prs28022024.pdf,closed by ind_prs23022026.pdf
228,Nifty Microcap 250,CIEINDIA,2025-03-28,2026-05-12,,press_release,https://niftyindices.com/Press_Release/ind_prs21022025.pdf,closed by ind_prs04052026.pdf
228,Nifty Microcap 250,CIGNITITEC,2019-04-01,2026-05-15,,snapshot_floor,,closed by ind_prs08052026.pdf
228,Nifty Microcap 250,TIMETECHNO,2019-04-01,,,snapshot_floor,,
228,Nifty Microcap 250,VOLTAMP,2019-04-01,,,snapshot_floor,,
228,Nifty Microcap 250,ARVINDFASN,2019-04-01,,,snapshot_floor,,
228,Nifty Microcap 250,ASTRAMICRO,2019-04-01,,,snapshot_floor,,
228,Nifty Microcap 250,SOUTHBANK,2019-04-01,,,snapshot_floor,,
228,Nifty Microcap 250,THOMASCOOK,2019-04-01,,,snapshot_floor,,
228,Nifty Microcap 250,ARVIND,2019-04-01,,,snapshot_floor,,
228,Nifty Microcap 250,HGINFRA,2019-04-01,,,snapshot_floor,,
228,Nifty Microcap 250,RELIGARE,2019-04-01,,,snapshot_floor,,
228,Nifty Microcap 250,KTKBANK,2019-04-01,,,snapshot_floor,,
228,Nifty Microcap 250,ELECTCAST,2019-04-01,,,snapshot_floor,,
228,Nifty Microcap 250,LLOYDSENGG,2019-04-01,,,snapshot_floor,,
228,Nifty Microcap 250,HERITGFOOD,2019-04-01,,,snapshot_floor,,
228,Nifty Microcap 250,MSTCLTD,2019-04-01,,,snapshot_floor,,
228,Nifty Microcap 250,MARKSANS,2019-04-01,,,snapshot_floor,,
228,Nifty Microcap 250,CCAVENUE,2019-04-01,,,snapshot_floor,,
228,Nifty Microcap 250,TIPSMUSIC,2019-04-01,,,snapshot_floor,,
228,Nifty Microcap 250,ORIENTCEM,2019-04-01,,,snapshot_floor,,
228,Nifty Microcap 250,IMFA,2019-04-01,,,snapshot_floor,,
228,Nifty Microcap 250,SURYAROSNI,2019-04-01,,,snapshot_floor,,
228,Nifty Microcap 250,INDIAGLYCO,2019-04-01,,,snapshot_floor,,
228,Nifty Microcap 250,HCC,2019-04-01,,,snapshot_floor,,
228,Nifty Microcap 250,WABAG,2019-04-01,,,snapshot_floor,,
228,Nifty Microcap 250,IIFLCAPS,2019-04-01,,,snapshot_floor,,
228,Nifty Microcap 250,WELENT,2019-04-01,,,snapshot_floor,,
228,Nifty Microcap 250,EMBDL,2019-04-01,,,snapshot_floor,,
228,Nifty Microcap 250,TSFINV,2019-04-01,,,snapshot_floor,,
228,Nifty Microcap 250,VIYASH,2019-04-01,,,snapshot_floor,,
228,Nifty Microcap 250,HSIL,2021-09-30,2022-03-31,,press_release,https://niftyindices.com/Press_Release/ind_prs15092021.pdf,"inferred-exclude: not in NSE current snapshot, no PR found (closed at next semi-annual review)"
228,Nifty Microcap 250,BECTORFOOD,2021-09-30,,,press_release,https://niftyindices.com/Press_Release/ind_prs15092021.pdf,
228,Nifty Microcap 250,MTARTECH,2024-09-30,,,press_release,https://niftyindices.com/Press_Release/ind_prs23082024.pdf,
228,Nifty Microcap 250,AMIORG,2022-03-31,2022-09-30,,press_release,https://niftyindices.com/Press_Release/ind_prs24022022_1.pdf,"inferred-exclude: not in NSE current snapshot, no PR found (closed at next semi-annual review)"
228,Nifty Microcap 250,ASHOKA,2022-03-31,,,press_release,https://niftyindices.com/Press_Release/ind_prs24022022_1.pdf,
228,Nifty Microcap 250,CGCL,2022-03-31,2022-09-30,,press_release,https://niftyindices.com/Press_Release/ind_prs24022022_1.pdf,"inferred-exclude: not in NSE current snapshot, no PR found (closed at next semi-annual review)"
228,Nifty Microcap 250,CMSINFO,2022-03-31,,,press_release,https://niftyindices.com/Press_Release/ind_prs24022022_1.pdf,
228,Nifty Microcap 250,DCBBANK,2022-03-31,,,press_release,https://niftyindices.com/Press_Release/ind_prs24022022_1.pdf,
228,Nifty Microcap 250,GHCL,2023-09-29,,,press_release,https://niftyindices.com/Press_Release/ind_prs17082023.pdf,
228,Nifty Microcap 250,GREAVESCOT,2022-03-31,,,press_release,https://niftyindices.com/Press_Release/ind_prs24022022_1.pdf,
228,Nifty Microcap 250,KSCL,2022-03-31,,,press_release,https://niftyindices.com/Press_Release/ind_prs24022022_1.pdf,
228,Nifty Microcap 250,MIDHANI,2022-03-31,,,press_release,https://niftyindices.com/Press_Release/ind_prs24022022_1.pdf,
228,Nifty Microcap 250,NFL,2022-03-31,,,press_release,https://niftyindices.com/Press_Release/ind_prs24022022_1.pdf,
228,Nifty Microcap 250,OPTIEMUS,2022-03-31,,,press_release,https://niftyindices.com/Press_Release/ind_prs24022022_1.pdf,
228,Nifty Microcap 250,PARAS,2022-03-31,,,press_release,https://niftyindices.com/Press_Release/ind_prs24022022_1.pdf,
228,Nifty Microcap 250,RATEGAIN,2022-03-31,,,press_release,https://niftyindices.com/Press_Release/ind_prs24022022_1.pdf,
228,Nifty Microcap 250,SANSERA,2022-03-31,,,press_release,https://niftyindices.com/Press_Release/ind_prs24022022_1.pdf,
228,Nifty Microcap 250,SHAREINDIA,2022-03-31,,,press_release,https://niftyindices.com/Press_Release/ind_prs24022022_1.pdf,
228,Nifty Microcap 250,SUPRIYA,2022-03-31,,,press_release,https://niftyindices.com/Press_Release/ind_prs24022022_1.pdf,
228,Nifty Microcap 250,IONEXCHANG,2022-04-12,,,press_release,https://niftyindices.com/Press_Release/ind_prs05042022_1.pdf,
228,Nifty Microcap 250,ACRYSIL,2022-09-30,2023-03-31,,press_release,https://niftyindices.com/Press_Release/ind_prs01092022.pdf,"inferred-exclude: not in NSE current snapshot, no PR found (closed at next semi-annual review)"
228,Nifty Microcap 250,ADVENZYMES,2022-09-30,,,press_release,https://niftyindices.com/Press_Release/ind_prs01092022.pdf,
228,Nifty Microcap 250,DATAMATICS,2022-09-30,,,press_release,https://niftyindices.com/Press_Release/ind_prs01092022.pdf,
228,Nifty Microcap 250,ETHOSLTD,2022-09-30,,,press_release,https://niftyindices.com/Press_Release/ind_prs01092022.pdf,
228,Nifty Microcap 250,GOKEX,2022-09-30,,,press_release,https://niftyindices.com/Press_Release/ind_prs01092022.pdf,
228,Nifty Microcap 250,HEMIPROP,2022-09-30,,,press_release,https://niftyindices.com/Press_Release/ind_prs01092022.pdf,
228,Nifty Microcap 250,ICIL,2022-09-30,,,press_release,https://niftyindices.com/Press_Release/ind_prs01092022.pdf,
228,Nifty Microcap 250,NESCO,2022-09-30,,,press_release,https://niftyindices.com/Press_Release/ind_prs01092022.pdf,
228,Nifty Microcap 250,RAINBOW,2022-09-30,2023-03-31,,press_release,https://niftyindices.com/Press_Release/ind_prs01092022.pdf,"inferred-exclude: not in NSE current snapshot, no PR found (closed at next semi-annual review)"
228,Nifty Microcap 250,SEQUENT,2022-09-30,2023-03-31,,press_release,https://niftyindices.com/Press_Release/ind_prs01092022.pdf,"inferred-exclude: not in NSE current snapshot, no PR found (closed at next semi-annual review)"
228,Nifty Microcap 250,STAR,2022-09-30,,,press_release,https://niftyindices.com/Press_Release/ind_prs01092022.pdf,
228,Nifty Microcap 250,STARCEMENT,2022-12-30,,,press_release,https://niftyindices.com/Press_Release/ind_prs22122022.pdf,
228,Nifty Microcap 250,ERIS,2023-02-17,2023-03-31,,press_release,https://niftyindices.com/Press_Release/ind_prs09022023_1.pdf,"inferred-exclude: not in NSE current snapshot, no PR found (closed at next semi-annual review)"
228,Nifty Microcap 250,DBL,2023-03-31,,,press_release,https://niftyindices.com/Press_Release/ind_prs17022023_1.pdf,
228,Nifty Microcap 250,EMIL,2023-03-31,,,press_release,https://niftyindices.com/Press_Release/ind_prs17022023_1.pdf,
228,Nifty Microcap 250,FIEMIND,2023-03-31,,,press_release,https://niftyindices.com/Press_Release/ind_prs17022023_1.pdf,
228,Nifty Microcap 250,MOIL,2023-03-31,,,press_release,https://niftyindices.com/Press_Release/ind_prs17022023_1.pdf,
228,Nifty Microcap 250,POWERMECH,2023-03-31,,,press_release,https://niftyindices.com/Press_Release/ind_prs17022023_1.pdf,
228,Nifty Microcap 250,PRICOLLTD,2023-03-31,,,press_release,https://niftyindices.com/Press_Release/ind_prs17022023_1.pdf,
228,Nifty Microcap 250,PTC,2023-03-31,,,press_release,https://niftyindices.com/Press_Release/ind_prs17022023_1.pdf,
228,Nifty Microcap 250,SHILPAMED,2023-03-31,,,press_release,https://niftyindices.com/Press_Release/ind_prs17022023_1.pdf,
228,Nifty Microcap 250,SUDARSCHEM,2023-03-31,,,press_release,https://niftyindices.com/Press_Release/ind_prs17022023_1.pdf,
228,Nifty Microcap 250,TIPSINDLTD,2023-03-31,2023-09-30,,press_release,https://niftyindices.com/Press_Release/ind_prs17022023_1.pdf,"inferred-exclude: not in NSE current snapshot, no PR found (closed at next semi-annual review)"
228,Nifty Microcap 250,AARTIPHARM,2023-04-28,,,press_release,https://niftyindices.com/Press_Release/ind_prs19042023_1.pdf,
228,Nifty Microcap 250,AHLUCONT,2023-04-28,,,press_release,https://niftyindices.com/Press_Release/ind_prs19042023_1.pdf,
228,Nifty Microcap 250,JCHAC,2023-04-28,2023-09-30,,press_release,https://niftyindices.com/Press_Release/ind_prs19042023_1.pdf,"inferred-exclude: not in NSE current snapshot, no PR found (closed at next semi-annual review)"
228,Nifty Microcap 250,TWL,2023-04-28,2023-09-30,,press_release,https://niftyindices.com/Press_Release/ind_prs19042023_1.pdf,"inferred-exclude: not in NSE current snapshot, no PR found (closed at next semi-annual review)"
228,Nifty Microcap 250,AVALON,2023-09-29,,,press_release,https://niftyindices.com/Press_Release/ind_prs17082023.pdf,
228,Nifty Microcap 250,EDELWEISS,2023-09-29,,,press_release,https://niftyindices.com/Press_Release/ind_prs17082023.pdf,
228,Nifty Microcap 250,GANESHHOUC,2023-09-29,2023-09-30,,press_release,https://niftyindices.com/Press_Release/ind_prs17082023.pdf,"inferred-exclude: not in NSE current snapshot, no PR found (closed at next semi-annual review)"
228,Nifty Microcap 250,IFBIND,2023-09-29,,,press_release,https://niftyindices.com/Press_Release/ind_prs17082023.pdf,
228,Nifty Microcap 250,IBREALEST,2023-09-29,2023-09-30,,press_release,https://niftyindices.com/Press_Release/ind_prs17082023.pdf,"inferred-exclude: not in NSE current snapshot, no PR found (closed at next semi-annual review)"
228,Nifty Microcap 250,ITDCEM,2023-09-29,2023-09-30,,press_release,https://niftyindices.com/Press_Release/ind_prs17082023.pdf,"inferred-exclude: not in NSE current snapshot, no PR found (closed at next semi-annual review)"
228,Nifty Microcap 250,LSIL,2023-09-29,2023-09-30,,press_release,https://niftyindices.com/Press_Release/ind_prs17082023.pdf,"inferred-exclude: not in NSE current snapshot, no PR found (closed at next semi-annual review)"
228,Nifty Microcap 250,TDPOWERSYS,2023-09-29,,,press_release,https://niftyindices.com/Press_Release/ind_prs17082023.pdf,
228,Nifty Microcap 250,TI,2023-09-29,,,press_release,https://niftyindices.com/Press_Release/ind_prs17082023.pdf,
228,Nifty Microcap 250,AARTIDRUGS,2024-03-28,,,press_release,https://niftyindices.com/Press_Release/ind_prs28022024.pdf,
228,Nifty Microcap 250,ASKAUTOLTD,2024-03-28,,,press_release,https://niftyindices.com/Press_Release/ind_prs28022024.pdf,
228,Nifty Microcap 250,AZAD,2024-03-28,,,press_release,https://niftyindices.com/Press_Release/ind_prs28022024.pdf,
228,Nifty Microcap 250,BANCOINDIA,2024-03-28,,,press_release,https://niftyindices.com/Press_Release/ind_prs28022024.pdf,
228,Nifty Microcap 250,GRWRHITECH,2024-03-28,,,press_release,https://niftyindices.com/Press_Release/ind_prs28022024.pdf,
228,Nifty Microcap 250,IIFLSEC,2024-03-28,2024-03-31,,press_release,https://niftyindices.com/Press_Release/ind_prs28022024.pdf,"inferred-exclude: not in NSE current snapshot, no PR found (closed at next semi-annual review)"
228,Nifty Microcap 250,INDIASHLTR,2024-03-28,,,press_release,https://niftyindices.com/Press_Release/ind_prs28022024.pdf,
228,Nifty Microcap 250,INFIBEAM,2024-03-28,2024-03-31,,press_release,https://niftyindices.com/Press_Release/ind_prs28022024.pdf,"inferred-exclude: not in NSE current snapshot, no PR found (closed at next semi-annual review)"
228,Nifty Microcap 250,JAMNAAUTO,2024-03-28,,,press_release,https://niftyindices.com/Press_Release/ind_prs28022024.pdf,
228,Nifty Microcap 250,NAZARA,2024-03-28,,,press_release,https://niftyindices.com/Press_Release/ind_prs28022024.pdf,
228,Nifty Microcap 250,RAIN,2024-03-28,,,press_release,https://niftyindices.com/Press_Release/ind_prs28022024.pdf,
228,Nifty Microcap 250,RALLIS,2024-03-28,,,press_release,https://niftyindices.com/Press_Release/ind_prs28022024.pdf,
228,Nifty Microcap 250,SAMHI,2024-03-28,,,press_release,https://niftyindices.com/Press_Release/ind_prs28022024.pdf,
228,Nifty Microcap 250,SENCO,2024-03-28,,,press_release,https://niftyindices.com/Press_Release/ind_prs28022024.pdf,
228,Nifty Microcap 250,SFL,2024-03-28,,,press_release,https://niftyindices.com/Press_Release/ind_prs28022024.pdf,
228,Nifty Microcap 250,TARC,2024-03-28,,,press_release,https://niftyindices.com/Press_Release/ind_prs28022024.pdf,
228,Nifty Microcap 250,TEXRAIL,2024-03-28,,,press_release,https://niftyindices.com/Press_Release/ind_prs28022024.pdf,
228,Nifty Microcap 250,VGUARD,2026-03-30,,,press_release,https://niftyindices.com/Press_Release/ind_prs23022026.pdf,
228,Nifty Microcap 250,VMART,2024-03-28,,,press_release,https://niftyindices.com/Press_Release/ind_prs28022024.pdf,
228,Nifty Microcap 250,YATHARTH,2024-03-28,,,press_release,https://niftyindices.com/Press_Release/ind_prs28022024.pdf,
228,Nifty Microcap 250,AETHER,2024-09-30,,,press_release,https://niftyindices.com/Press_Release/ind_prs23082024.pdf,
228,Nifty Microcap 250,ALLCARGO,2024-09-30,2025-03-31,,press_release,https://niftyindices.com/Press_Release/ind_prs23082024.pdf,"inferred-exclude: not in NSE current snapshot, no PR found (closed at next semi-annual review)"
228,Nifty Microcap 250,BORORENEW,2024-09-30,,,press_release,https://niftyindices.com/Press_Release/ind_prs23082024.pdf,
228,Nifty Microcap 250,CSBBANK,2024-09-30,,,press_release,https://niftyindices.com/Press_Release/ind_prs23082024.pdf,
228,Nifty Microcap 250,DYNAMATECH,2024-09-30,,,press_release,https://niftyindices.com/Press_Release/ind_prs23082024.pdf,
228,Nifty Microcap 250,ENTERO,2024-09-30,,,press_release,https://niftyindices.com/Press_Release/ind_prs23082024.pdf,
228,Nifty Microcap 250,EPL,2024-09-30,,,press_release,https://niftyindices.com/Press_Release/ind_prs23082024.pdf,
228,Nifty Microcap 250,EXICOM,2024-09-30,2025-03-31,,press_release,https://niftyindices.com/Press_Release/ind_prs23082024.pdf,"inferred-exclude: not in NSE current snapshot, no PR found (closed at next semi-annual review)"
228,Nifty Microcap 250,GLS,2024-09-30,2025-03-31,,press_release,https://niftyindices.com/Press_Release/ind_prs23082024.pdf,"inferred-exclude: not in NSE current snapshot, no PR found (closed at next semi-annual review)"
228,Nifty Microcap 250,GMMPFAUDLR,2024-09-30,,,press_release,https://niftyindices.com/Press_Release/ind_prs23082024.pdf,
228,Nifty Microcap 250,HCG,2024-09-30,,,press_release,https://niftyindices.com/Press_Release/ind_prs23082024.pdf,
228,Nifty Microcap 250,INDIGOPNTS,2024-09-30,,,press_release,https://niftyindices.com/Press_Release/ind_prs23082024.pdf,
228,Nifty Microcap 250,INOXGREEN,2024-09-30,,,press_release,https://niftyindices.com/Press_Release/ind_prs23082024.pdf,
228,Nifty Microcap 250,JAIBALAJI,2024-09-30,,,press_release,https://niftyindices.com/Press_Release/ind_prs23082024.pdf,
228,Nifty Microcap 250,JSFB,2024-09-30,,,press_release,https://niftyindices.com/Press_Release/ind_prs23082024.pdf,
228,Nifty Microcap 250,JKPAPER,2024-09-30,,,press_release,https://niftyindices.com/Press_Release/ind_prs23082024.pdf,
228,Nifty Microcap 250,JNKINDIA,2024-09-30,2025-03-31,,press_release,https://niftyindices.com/Press_Release/ind_prs23082024.pdf,"inferred-exclude: not in NSE current snapshot, no PR found (closed at next semi-annual review)"
228,Nifty Microcap 250,KIRLPNU,2024-09-30,,,press_release,https://niftyindices.com/Press_Release/ind_prs23082024.pdf,
228,Nifty Microcap 250,KRBL,2024-09-30,,,press_release,https://niftyindices.com/Press_Release/ind_prs23082024.pdf,
228,Nifty Microcap 250,LXCHEM,2024-09-30,,,press_release,https://niftyindices.com/Press_Release/ind_prs23082024.pdf,
228,Nifty Microcap 250,IXIGO,2024-09-30,,,press_release,https://niftyindices.com/Press_Release/ind_prs23082024.pdf,
228,Nifty Microcap 250,MEDPLUS,2024-09-30,,,press_release,https://niftyindices.com/Press_Release/ind_prs23082024.pdf,
228,Nifty Microcap 250,PRUDENT,2024-09-30,,,press_release,https://niftyindices.com/Press_Release/ind_prs23082024.pdf,
228,Nifty Microcap 250,RBA,2024-09-30,,,press_release,https://niftyindices.com/Press_Release/ind_prs23082024.pdf,
228,Nifty Microcap 250,SAFARI,2024-09-30,,,press_release,https://niftyindices.com/Press_Release/ind_prs23082024.pdf,
228,Nifty Microcap 250,SHRIPISTON,2024-09-30,,,press_release,https://niftyindices.com/Press_Release/ind_prs23082024.pdf,
228,Nifty Microcap 250,STLTECH,2024-09-30,,,press_release,https://niftyindices.com/Press_Release/ind_prs23082024.pdf,
228,Nifty Microcap 250,SUBROS,2024-09-30,,,press_release,https://niftyindices.com/Press_Release/ind_prs23082024.pdf,
228,Nifty Microcap 250,SUNTECK,2024-09-30,,,press_release,https://niftyindices.com/Press_Release/ind_prs23082024.pdf,
228,Nifty Microcap 250,VAIBHAVGBL,2024-09-30,,,press_release,https://niftyindices.com/Press_Release/ind_prs23082024.pdf,
228,Nifty Microcap 250,ACI,2025-03-28,,,press_release,https://niftyindices.com/Press_Release/ind_prs21022025.pdf,
228,Nifty Microcap 250,AURIONPRO,2025-03-28,,,press_release,https://niftyindices.com/Press_Release/ind_prs21022025.pdf,
228,Nifty Microcap 250,AVANTIFEED,2025-03-28,,,press_release,https://niftyindices.com/Press_Release/ind_prs21022025.pdf,
228,Nifty Microcap 250,AWFIS,2025-03-28,,,press_release,https://niftyindices.com/Press_Release/ind_prs21022025.pdf,
228,Nifty Microcap 250,BALAMINES,2025-03-28,,,press_release,https://niftyindices.com/Press_Release/ind_prs21022025.pdf,
228,Nifty Microcap 250,BALUFORGE,2025-03-28,,,press_release,https://niftyindices.com/Press_Release/ind_prs21022025.pdf,
228,Nifty Microcap 250,BIRLACORPN,2025-03-28,,,press_release,https://niftyindices.com/Press_Release/ind_prs21022025.pdf,
228,Nifty Microcap 250,CELLO,2025-03-28,,,press_release,https://niftyindices.com/Press_Release/ind_prs21022025.pdf,
228,Nifty Microcap 250,EIEL,2025-03-28,,,press_release,https://niftyindices.com/Press_Release/ind_prs21022025.pdf,
228,Nifty Microcap 250,EQUITASBNK,2025-03-28,,,press_release,https://niftyindices.com/Press_Release/ind_prs21022025.pdf,
228,Nifty Microcap 250,EUREKAFORB,2025-03-28,,,press_release,https://niftyindices.com/Press_Release/ind_prs21022025.pdf,
228,Nifty Microcap 250,GMRP&UI,2025-03-28,,,press_release,https://niftyindices.com/Press_Release/ind_prs21022025.pdf,
228,Nifty Microcap 250,GAEL,2025-03-28,,,press_release,https://niftyindices.com/Press_Release/ind_prs21022025.pdf,
228,Nifty Microcap 250,GSFC,2025-03-28,,,press_release,https://niftyindices.com/Press_Release/ind_prs21022025.pdf,
228,Nifty Microcap 250,JKLAKSHMI,2025-03-28,,,press_release,https://niftyindices.com/Press_Release/ind_prs21022025.pdf,
228,Nifty Microcap 250,KPIGREEN,2025-03-28,,,press_release,https://niftyindices.com/Press_Release/ind_prs21022025.pdf,
228,Nifty Microcap 250,LLOYDSENT,2025-03-28,,,press_release,https://niftyindices.com/Press_Release/ind_prs21022025.pdf,
228,Nifty Microcap 250,PNGJL,2025-03-28,,,press_release,https://niftyindices.com/Press_Release/ind_prs21022025.pdf,
228,Nifty Microcap 250,PCJEWELLER,2025-03-28,,,press_release,https://niftyindices.com/Press_Release/ind_prs21022025.pdf,
228,Nifty Microcap 250,PGIL,2025-03-28,,,press_release,https://niftyindices.com/Press_Release/ind_prs21022025.pdf,
228,Nifty Microcap 250,PRSMJOHNSN,2025-03-28,,,press_release,https://niftyindices.com/Press_Release/ind_prs21022025.pdf,
228,Nifty Microcap 250,RTNPOWER,2025-03-28,,,press_release,https://niftyindices.com/Press_Release/ind_prs21022025.pdf,
228,Nifty Microcap 250,RAYMONDLSL,2025-09-30,,,press_release,https://niftyindices.com/Press_Release/ind_prs22082025.pdf,
228,Nifty Microcap 250,REFEX,2025-03-28,,,press_release,https://niftyindices.com/Press_Release/ind_prs21022025.pdf,
228,Nifty Microcap 250,SHAILY,2025-03-28,,,press_release,https://niftyindices.com/Press_Release/ind_prs21022025.pdf,
228,Nifty Microcap 250,SHAKTIPUMP,2025-03-28,,,press_release,https://niftyindices.com/Press_Release/ind_prs21022025.pdf,
228,Nifty Microcap 250,SHARDACROP,2025-03-28,,,press_release,https://niftyindices.com/Press_Release/ind_prs21022025.pdf,
228,Nifty Microcap 250,SKIPPER,2025-03-28,,,press_release,https://niftyindices.com/Press_Release/ind_prs21022025.pdf,
228,Nifty Microcap 250,SPARC,2025-03-28,,,press_release,https://niftyindices.com/Press_Release/ind_prs21022025.pdf,
228,Nifty Microcap 250,THANGAMAYL,2025-03-28,,,press_release,https://niftyindices.com/Press_Release/ind_prs21022025.pdf,
228,Nifty Microcap 250,ANUP,2025-03-28,,,press_release,https://niftyindices.com/Press_Release/ind_prs21022025.pdf,
228,Nifty Microcap 250,TRANSRAILL,2025-03-28,,,press_release,https://niftyindices.com/Press_Release/ind_prs21022025.pdf,
228,Nifty Microcap 250,TVSSCS,2025-03-28,,,press_release,https://niftyindices.com/Press_Release/ind_prs21022025.pdf,
228,Nifty Microcap 250,UJJIVANSFB,2025-03-28,,,press_release,https://niftyindices.com/Press_Release/ind_prs21022025.pdf,
228,Nifty Microcap 250,VIPIND,2025-03-28,,,press_release,https://niftyindices.com/Press_Release/ind_prs21022025.pdf,
228,Nifty Microcap 250,VARROC,2025-03-28,,,press_release,https://niftyindices.com/Press_Release/ind_prs21022025.pdf,
228,Nifty Microcap 250,WEBELSOLAR,2025-03-28,,,press_release,https://niftyindices.com/Press_Release/ind_prs21022025.pdf,
228,Nifty Microcap 250,ZAGGLE,2025-03-28,,,press_release,https://niftyindices.com/Press_Release/ind_prs21022025.pdf,
228,Nifty Microcap 250,BLACKBUCK,2025-03-28,,,press_release,https://niftyindices.com/Press_Release/ind_prs21022025.pdf,
228,Nifty Microcap 250,KITEX,2025-09-23,,,press_release,https://niftyindices.com/Press_Release/ind_prs15092025_1.pdf,
228,Nifty Microcap 250,ALIVUS,2025-09-30,,,press_release,https://niftyindices.com/Press_Release/ind_prs22082025.pdf,
228,Nifty Microcap 250,BAJAJELEC,2025-09-30,,,press_release,https://niftyindices.com/Press_Release/ind_prs22082025.pdf,
228,Nifty Microcap 250,DIACABS,2025-09-30,,,press_release,https://niftyindices.com/Press_Release/ind_prs22082025.pdf,
228,Nifty Microcap 250,GNFC,2025-09-30,,,press_release,https://niftyindices.com/Press_Release/ind_prs22082025.pdf,
228,Nifty Microcap 250,GPPL,2025-09-30,,,press_release,https://niftyindices.com/Press_Release/ind_prs22082025.pdf,
228,Nifty Microcap 250,JUSTDIAL,2025-09-30,,,press_release,https://niftyindices.com/Press_Release/ind_prs22082025.pdf,
228,Nifty Microcap 250,KNRCON,2025-09-30,,,press_release,https://niftyindices.com/Press_Release/ind_prs22082025.pdf,
228,Nifty Microcap 250,KRN,2025-09-30,,,press_release,https://niftyindices.com/Press_Release/ind_prs22082025.pdf,
228,Nifty Microcap 250,LUMAXTECH,2025-09-30,,,press_release,https://niftyindices.com/Press_Release/ind_prs22082025.pdf,
228,Nifty Microcap 250,MANORAMA,2025-09-30,,,press_release,https://niftyindices.com/Press_Release/ind_prs22082025.pdf,
228,Nifty Microcap 250,MASTEK,2025-09-30,,,press_release,https://niftyindices.com/Press_Release/ind_prs22082025.pdf,
228,Nifty Microcap 250,NETWORK18,2025-09-30,,,press_release,https://niftyindices.com/Press_Release/ind_prs22082025.pdf,
228,Nifty Microcap 250,OSWALPUMPS,2025-09-30,,,press_release,https://niftyindices.com/Press_Release/ind_prs22082025.pdf,
228,Nifty Microcap 250,PNCINFRA,2025-09-30,,,press_release,https://niftyindices.com/Press_Release/ind_prs22082025.pdf,
228,Nifty Microcap 250,PRIVISCL,2025-09-30,,,press_release,https://niftyindices.com/Press_Release/ind_prs22082025.pdf,
228,Nifty Microcap 250,PURVA,2025-09-30,,,press_release,https://niftyindices.com/Press_Release/ind_prs22082025.pdf,
228,Nifty Microcap 250,QUESS,2025-09-30,,,press_release,https://niftyindices.com/Press_Release/ind_prs22082025.pdf,
228,Nifty Microcap 250,RTNINDIA,2025-09-30,,,press_release,https://niftyindices.com/Press_Release/ind_prs22082025.pdf,
228,Nifty Microcap 250,RELAXO,2025-09-30,,,press_release,https://niftyindices.com/Press_Release/ind_prs22082025.pdf,
228,Nifty Microcap 250,ROUTE,2025-09-30,,,press_release,https://niftyindices.com/Press_Release/ind_prs22082025.pdf,
228,Nifty Microcap 250,SANDUMA,2025-09-30,,,press_release,https://niftyindices.com/Press_Release/ind_prs22082025.pdf,
228,Nifty Microcap 250,RENUKA,2025-09-30,,,press_release,https://niftyindices.com/Press_Release/ind_prs22082025.pdf,
228,Nifty Microcap 250,SKYGOLD,2025-09-30,,,press_release,https://niftyindices.com/Press_Release/ind_prs22082025.pdf,
228,Nifty Microcap 250,SWSOLAR,2025-09-30,,,press_release,https://niftyindices.com/Press_Release/ind_prs22082025.pdf,
228,Nifty Microcap 250,STYRENIX,2025-09-30,,,press_release,https://niftyindices.com/Press_Release/ind_prs22082025.pdf,
228,Nifty Microcap 250,SUNDARMHLD,2025-09-30,2026-03-31,,press_release,https://niftyindices.com/Press_Release/ind_prs22082025.pdf,"inferred-exclude: not in NSE current snapshot, no PR found (closed at next semi-annual review)"
228,Nifty Microcap 250,TANLA,2025-09-30,,,press_release,https://niftyindices.com/Press_Release/ind_prs22082025.pdf,
228,Nifty Microcap 250,THYROCARE,2025-09-30,,,press_release,https://niftyindices.com/Press_Release/ind_prs22082025.pdf,
228,Nifty Microcap 250,V2RETAIL,2025-09-30,,,press_release,https://niftyindices.com/Press_Release/ind_prs22082025.pdf,
228,Nifty Microcap 250,WAAREERTL,2025-09-30,,,press_release,https://niftyindices.com/Press_Release/ind_prs22082025.pdf,
228,Nifty Microcap 250,WESTLIFE,2025-09-30,,,press_release,https://niftyindices.com/Press_Release/ind_prs22082025.pdf,
228,Nifty Microcap 250,KANSAINER,2025-12-26,,,press_release,https://niftyindices.com/Press_Release/ind_prs23122025.pdf,
228,Nifty Microcap 250,AVL,2026-03-30,,,press_release,https://niftyindices.com/Press_Release/ind_prs23022026.pdf,
228,Nifty Microcap 250,AEQUS,2026-03-30,,,press_release,https://niftyindices.com/Press_Release/ind_prs23022026.pdf,
228,Nifty Microcap 250,AKUMS,2026-03-30,,,press_release,https://niftyindices.com/Press_Release/ind_prs23022026.pdf,
228,Nifty Microcap 250,APLLTD,2026-03-30,,,press_release,https://niftyindices.com/Press_Release/ind_prs23022026.pdf,
228,Nifty Microcap 250,ALKYLAMINE,2026-03-30,,,press_release,https://niftyindices.com/Press_Release/ind_prs23022026.pdf,
228,Nifty Microcap 250,ALOKINDS,2026-03-30,,,press_release,https://niftyindices.com/Press_Release/ind_prs23022026.pdf,
228,Nifty Microcap 250,APOLLO,2026-03-30,,,press_release,https://niftyindices.com/Press_Release/ind_prs23022026.pdf,
228,Nifty Microcap 250,ASHAPURMIN,2026-03-30,,,press_release,https://niftyindices.com/Press_Release/ind_prs23022026.pdf,
228,Nifty Microcap 250,ATLANTAELE,2026-03-30,,,press_release,https://niftyindices.com/Press_Release/ind_prs23022026.pdf,
228,Nifty Microcap 250,AXISCADES,2026-03-30,,,press_release,https://niftyindices.com/Press_Release/ind_prs23022026.pdf,
228,Nifty Microcap 250,BBOX,2026-03-30,,,press_release,https://niftyindices.com/Press_Release/ind_prs23022026.pdf,
228,Nifty Microcap 250,BLUESTONE,2026-03-30,,,press_release,https://niftyindices.com/Press_Release/ind_prs23022026.pdf,
228,Nifty Microcap 250,CAMPUS,2026-03-30,,,press_release,https://niftyindices.com/Press_Release/ind_prs23022026.pdf,
228,Nifty Microcap 250,CRAMC,2026-03-30,,,press_release,https://niftyindices.com/Press_Release/ind_prs23022026.pdf,
228,Nifty Microcap 250,CAPILLARY,2026-03-30,,,press_release,https://niftyindices.com/Press_Release/ind_prs23022026.pdf,
228,Nifty Microcap 250,CENTURYPLY,2026-03-30,,,press_release,https://niftyindices.com/Press_Release/ind_prs23022026.pdf,
228,Nifty Microcap 250,CERA,2026-03-30,,,press_release,https://niftyindices.com/Press_Release/ind_prs23022026.pdf,
228,Nifty Microcap 250,CORONA,2026-03-30,,,press_release,https://niftyindices.com/Press_Release/ind_prs23022026.pdf,
228,Nifty Microcap 250,CRIZAC,2026-03-30,,,press_release,https://niftyindices.com/Press_Release/ind_prs23022026.pdf,
228,Nifty Microcap 250,CUPID,2026-03-30,,,press_release,https://niftyindices.com/Press_Release/ind_prs23022026.pdf,
228,Nifty Microcap 250,AGARWALEYE,2026-03-30,,,press_release,https://niftyindices.com/Press_Release/ind_prs23022026.pdf,
228,Nifty Microcap 250,ELLEN,2026-03-30,,,press_release,https://niftyindices.com/Press_Release/ind_prs23022026.pdf,
228,Nifty Microcap 250,FEDFINA,2026-03-30,,,press_release,https://niftyindices.com/Press_Release/ind_prs23022026.pdf,
228,Nifty Microcap 250,FINPIPE,2026-03-30,,,press_release,https://niftyindices.com/Press_Release/ind_prs23022026.pdf,
228,Nifty Microcap 250,UTLSOLAR,2026-03-30,,,press_release,https://niftyindices.com/Press_Release/ind_prs23022026.pdf,
228,Nifty Microcap 250,GODREJAGRO,2026-03-30,,,press_release,https://niftyindices.com/Press_Release/ind_prs23022026.pdf,
228,Nifty Microcap 250,GOKULAGRO,2026-03-30,,,press_release,https://niftyindices.com/Press_Release/ind_prs23022026.pdf,
228,Nifty Microcap 250,HAPPSTMNDS,2026-03-30,,,press_release,https://niftyindices.com/Press_Release/ind_prs23022026.pdf,
228,Nifty Microcap 250,INOXINDIA,2026-03-30,,,press_release,https://niftyindices.com/Press_Release/ind_prs23022026.pdf,
228,Nifty Microcap 250,JAYNECOIND,2026-03-30,,,press_release,https://niftyindices.com/Press_Release/ind_prs23022026.pdf,
228,Nifty Microcap 250,JSLL,2026-03-30,,,press_release,https://niftyindices.com/Press_Release/ind_prs23022026.pdf,
228,Nifty Microcap 250,JLHL,2026-03-30,,,press_release,https://niftyindices.com/Press_Release/ind_prs23022026.pdf,
228,Nifty Microcap 250,JYOTHYLAB,2026-03-30,,,press_release,https://niftyindices.com/Press_Release/ind_prs23022026.pdf,
228,Nifty Microcap 250,KIRLOSBROS,2026-03-30,,,press_release,https://niftyindices.com/Press_Release/ind_prs23022026.pdf,
228,Nifty Microcap 250,KSB,2026-03-30,,,press_release,https://niftyindices.com/Press_Release/ind_prs23022026.pdf,
228,Nifty Microcap 250,MAHSCOOTER,2026-03-30,,,press_release,https://niftyindices.com/Press_Release/ind_prs23022026.pdf,
228,Nifty Microcap 250,MAHSEAMLES,2026-03-30,,,press_release,https://niftyindices.com/Press_Release/ind_prs23022026.pdf,
228,Nifty Microcap 250,METROPOLIS,2026-03-30,,,press_release,https://niftyindices.com/Press_Release/ind_prs23022026.pdf,
228,Nifty Microcap 250,ORKLAINDIA,2026-03-30,,,press_release,https://niftyindices.com/Press_Release/ind_prs23022026.pdf,
228,Nifty Microcap 250,PARKHOSPS,2026-03-30,,,press_release,https://niftyindices.com/Press_Release/ind_prs23022026.pdf,
228,Nifty Microcap 250,PICCADIL,2026-03-30,,,press_release,https://niftyindices.com/Press_Release/ind_prs23022026.pdf,
228,Nifty Microcap 250,PRAJIND,2026-03-30,,,press_release,https://niftyindices.com/Press_Release/ind_prs23022026.pdf,
228,Nifty Microcap 250,PFOCUS,2026-03-30,,,press_release,https://niftyindices.com/Press_Release/ind_prs23022026.pdf,
228,Nifty Microcap 250,QPOWER,2026-03-30,,,press_release,https://niftyindices.com/Press_Release/ind_prs23022026.pdf,
228,Nifty Microcap 250,RCF,2026-03-30,,,press_release,https://niftyindices.com/Press_Release/ind_prs23022026.pdf,
228,Nifty Microcap 250,REDTAPE,2026-03-30,,,press_release,https://niftyindices.com/Press_Release/ind_prs23022026.pdf,
228,Nifty Microcap 250,RUBICON,2026-03-30,,,press_release,https://niftyindices.com/Press_Release/ind_prs23022026.pdf,
228,Nifty Microcap 250,SAATVIKGL,2026-03-30,,,press_release,https://niftyindices.com/Press_Release/ind_prs23022026.pdf,
228,Nifty Microcap 250,STYL,2026-03-30,,,press_release,https://niftyindices.com/Press_Release/ind_prs23022026.pdf,
228,Nifty Microcap 250,SKFINDUS,2026-03-30,,,press_release,https://niftyindices.com/Press_Release/ind_prs23022026.pdf,
228,Nifty Microcap 250,SKFINDIA,2026-03-30,,,press_release,https://niftyindices.com/Press_Release/ind_prs23022026.pdf,
228,Nifty Microcap 250,SMARTWORKS,2026-03-30,,,press_release,https://niftyindices.com/Press_Release/ind_prs23022026.pdf,
228,Nifty Microcap 250,SMLMAH,2026-03-30,,,press_release,https://niftyindices.com/Press_Release/ind_prs23022026.pdf,
228,Nifty Microcap 250,LOTUSDEV,2026-03-30,,,press_release,https://niftyindices.com/Press_Release/ind_prs23022026.pdf,
228,Nifty Microcap 250,SUDEEPPHRM,2026-03-30,,,press_release,https://niftyindices.com/Press_Release/ind_prs23022026.pdf,
228,Nifty Microcap 250,TMB,2026-03-30,,,press_release,https://niftyindices.com/Press_Release/ind_prs23022026.pdf,
228,Nifty Microcap 250,TRIVENI,2026-03-30,,,press_release,https://niftyindices.com/Press_Release/ind_prs23022026.pdf,
228,Nifty Microcap 250,DBREALTY,2026-03-30,,,press_release,https://niftyindices.com/Press_Release/ind_prs23022026.pdf,
228,Nifty Microcap 250,MANYAVAR,2026-03-30,,,press_release,https://niftyindices.com/Press_Release/ind_prs23022026.pdf,
228,Nifty Microcap 250,VIKRAMSOLR,2026-03-30,,,press_release,https://niftyindices.com/Press_Release/ind_prs23022026.pdf,
228,Nifty Microcap 250,WAKEFIT,2026-03-30,,,press_release,https://niftyindices.com/Press_Release/ind_prs23022026.pdf,
228,Nifty Microcap 250,WEWORK,2026-03-30,,,press_release,https://niftyindices.com/Press_Release/ind_prs23022026.pdf,
228,Nifty Microcap 250,RATNAMANI,2026-05-12,,,press_release,https://niftyindices.com/Press_Release/ind_prs04052026.pdf,
228,Nifty Microcap 250,SANOFICONR,2026-05-15,,,press_release,https://niftyindices.com/Press_Release/ind_prs08052026.pdf,
228,Nifty Microcap 250,NEOGEN,2026-03-31,,,snapshot,,"inferred-include: in NSE current snapshot, no PR found (opened at most-recent semi-annual review)"
1001,Nifty Bank,UNIONBANK,2014-01-01,2014-03-28,,snapshot_floor,,closed by ind_prs27022014.pdf
1001,Nifty Bank,BANKINDIA,2014-01-01,2017-03-31,,snapshot_floor,,closed by ind_prs16022017.pdf
1001,Nifty Bank,CANBK,2014-01-01,2018-04-02,,snapshot_floor,,closed by ind_prs21022018.pdf
1001,Nifty Bank,YESBANK,2014-01-01,2020-03-27,,snapshot_floor,,closed by ind_prs12032020.pdf
1001,Nifty Bank,BANKBARODA,2014-01-01,2021-03-31,,snapshot_floor,,closed by ind_prs23022021.pdf
1001,Nifty Bank,RBLBANK,2018-04-02,2022-03-31,,press_release,https://niftyindices.com/Press_Release/ind_prs21022018.pdf,closed by ind_prs24022022_1.pdf
1001,Nifty Bank,BANDHANBNK,2020-03-27,2024-09-30,,press_release,https://niftyindices.com/Press_Release/ind_prs12032020.pdf,closed by ind_prs23082024.pdf
1001,Nifty Bank,AXISBANK,2014-01-01,,,snapshot_floor,,
1001,Nifty Bank,INDUSINDBK,2014-01-01,,,snapshot_floor,,
1001,Nifty Bank,ICICIBANK,2014-01-01,,,snapshot_floor,,
1001,Nifty Bank,HDFCBANK,2014-01-01,,,snapshot_floor,,
1001,Nifty Bank,KOTAKBANK,2014-01-01,,,snapshot_floor,,
1001,Nifty Bank,SBIN,2014-01-01,,,snapshot_floor,,
1001,Nifty Bank,PNB,2014-01-01,,,snapshot_floor,,
1001,Nifty Bank,IDFCFIRSTB,2014-01-01,,,snapshot_floor,,
1001,Nifty Bank,FEDERALBNK,2014-03-28,,,press_release,https://niftyindices.com/Press_Release/ind_prs27022014.pdf,
1001,Nifty Bank,IDFCBANK,2017-03-31,2017-09-30,,press_release,https://niftyindices.com/Press_Release/ind_prs16022017.pdf,"inferred-exclude: not in NSE current snapshot, no PR found (closed at next semi-annual review)"
1001,Nifty Bank,AUBANK,2021-03-31,,,press_release,https://niftyindices.com/Press_Release/ind_prs23022021.pdf,
1001,Nifty Bank,BANKBARODA,2022-03-31,,,press_release,https://niftyindices.com/Press_Release/ind_prs24022022_1.pdf,
1001,Nifty Bank,CANBK,2024-09-30,,,press_release,https://niftyindices.com/Press_Release/ind_prs23082024.pdf,
1001,Nifty Bank,UNIONBANK,2026-03-31,,,snapshot,,"inferred-include: in NSE current snapshot, no PR found (opened at most-recent semi-annual review)"
1001,Nifty Bank,YESBANK,2026-03-31,,,snapshot,,"inferred-include: in NSE current snapshot, no PR found (opened at most-recent semi-annual review)"
1002,Nifty IT,COREEDUTEC,2014-01-01,2014-03-28,,snapshot_floor,,closed by ind_prs27022014.pdf
1002,Nifty IT,FINANTECH,2014-01-01,2014-03-28,,snapshot_floor,,closed by ind_prs27022014.pdf
1002,Nifty IT,POLARIS,2014-01-01,2014-09-26,,snapshot_floor,,closed by ind_prs26082014.pdf
1002,Nifty IT,CMC,2014-01-01,2015-03-24,,snapshot_floor,,closed by ind_prs18032015_2.pdf
1002,Nifty IT,VAKRANGEE,2014-01-01,2015-03-27,,snapshot_floor,,closed by ind_prs20022015.pdf
1002,Nifty IT,JUSTDIAL,2014-03-28,2017-09-29,,press_release,https://niftyindices.com/Press_Release/ind_prs27022014.pdf,closed by ind_prs28082017.pdf
1002,Nifty IT,KPIT,2014-01-01,2018-09-28,,snapshot_floor,,closed by ind_prs31082018.pdf
1002,Nifty IT,INFIBEAM,2017-09-29,2019-09-27,,press_release,https://niftyindices.com/Press_Release/ind_prs28082017.pdf,closed by ind_prs28082019.pdf
1002,Nifty IT,OFSS,2014-01-01,2019-09-27,,snapshot_floor,,closed by ind_prs28082019.pdf
1002,Nifty IT,HEXAWARE,2019-09-27,2020-06-26,,press_release,https://niftyindices.com/Press_Release/ind_prs28082019.pdf,closed by ind_prs10062020.pdf
1002,Nifty IT,JUSTDIAL,2019-09-27,2020-06-26,,press_release,https://niftyindices.com/Press_Release/ind_prs28082019.pdf,closed by ind_prs10062020.pdf
1002,Nifty IT,TATAELXSI,2014-09-26,2020-06-26,,press_release,https://niftyindices.com/Press_Release/ind_prs26082014.pdf,closed by ind_prs10062020.pdf
1002,Nifty IT,NAUKRI,2020-06-26,2021-03-31,,press_release,https://niftyindices.com/Press_Release/ind_prs10062020.pdf,closed by ind_prs23022021.pdf
1002,Nifty IT,OFSS,2021-03-31,2021-09-30,,press_release,https://niftyindices.com/Press_Release/ind_prs23022021.pdf,closed by ind_prs23082021.pdf
1002,Nifty IT,LTTS,2021-09-30,2025-03-28,,press_release,https://niftyindices.com/Press_Release/ind_prs23082021.pdf,closed by ind_prs21022025.pdf
1002,Nifty IT,WIPRO,2014-01-01,,,snapshot_floor,,
1002,Nifty IT,TCS,2014-01-01,,,snapshot_floor,,
1002,Nifty IT,TECHM,2014-01-01,,,snapshot_floor,,
1002,Nifty IT,INFY,2014-01-01,,,snapshot_floor,,
1002,Nifty IT,HCLTECH,2014-01-01,,,snapshot_floor,,
1002,Nifty IT,INFOTECENT,2014-03-28,2014-03-31,,press_release,https://niftyindices.com/Press_Release/ind_prs27022014.pdf,"inferred-exclude: not in NSE current snapshot, no PR found (closed at next semi-annual review)"
1002,Nifty IT,POLARIS,2015-03-24,2015-03-31,,press_release,https://niftyindices.com/Press_Release/ind_prs18032015_2.pdf,"inferred-exclude: not in NSE current snapshot, no PR found (closed at next semi-annual review)"
1002,Nifty IT,FSL,2015-03-27,2015-03-31,,press_release,https://niftyindices.com/Press_Release/ind_prs20022015.pdf,"inferred-exclude: not in NSE current snapshot, no PR found (closed at next semi-annual review)"
1002,Nifty IT,COFORGE,2018-09-28,,,press_release,https://niftyindices.com/Press_Release/ind_prs31082018.pdf,
1002,Nifty IT,CYIENT,2018-09-28,2018-09-30,,press_release,https://niftyindices.com/Press_Release/ind_prs31082018.pdf,"inferred-exclude: not in NSE current snapshot, no PR found (closed at next semi-annual review)"
1002,Nifty IT,LUXIND,2018-09-28,2018-09-30,,press_release,https://niftyindices.com/Press_Release/ind_prs31082018.pdf,"inferred-exclude: not in NSE current snapshot, no PR found (closed at next semi-annual review)"
1002,Nifty IT,NIFTY,2018-09-28,2018-09-30,,press_release,https://niftyindices.com/Press_Release/ind_prs31082018.pdf,"inferred-exclude: not in NSE current snapshot, no PR found (closed at next semi-annual review)"
1002,Nifty IT,MPHASIS,2020-06-26,,,press_release,https://niftyindices.com/Press_Release/ind_prs10062020.pdf,
1002,Nifty IT,LTM,2020-06-26,,,press_release,https://niftyindices.com/Press_Release/ind_prs10062020.pdf,
1002,Nifty IT,PERSISTENT,2022-09-30,,,press_release,https://niftyindices.com/Press_Release/ind_prs01092022.pdf,
1002,Nifty IT,OFSS,2025-03-28,,,press_release,https://niftyindices.com/Press_Release/ind_prs21022025.pdf,
1003,Nifty FMCG,EIDPARRY,2014-01-01,2014-03-28,,snapshot_floor,,closed by ind_prs27022014.pdf
1003,Nifty FMCG,PGHH,2014-01-01,2014-09-19,,snapshot_floor,,closed by ind_prs20082014.pdf
1003,Nifty FMCG,MCDOWELL-N,2014-01-01,2014-09-19,,snapshot_floor,,closed by ind_prs20082014.pdf
1003,Nifty FMCG,MCLEODRUSS,2014-01-01,2015-03-27,,snapshot_floor,,closed by ind_prs20022015.pdf
1003,Nifty FMCG,RASOYPR,2014-03-28,2015-03-27,,press_release,https://niftyindices.com/Press_Release/ind_prs27022014.pdf,closed by ind_prs20022015.pdf
1003,Nifty FMCG,GODREJIND,2014-09-19,2020-06-26,,press_release,https://niftyindices.com/Press_Release/ind_prs20082014.pdf,closed by ind_prs10062020.pdf
1003,Nifty FMCG,JUBLFOOD,2014-01-01,2021-09-30,,snapshot_floor,,closed by ind_prs23082021.pdf
1003,Nifty FMCG,EMAMILTD,2014-01-01,2024-03-28,,snapshot_floor,,closed by ind_prs28022024.pdf
1003,Nifty FMCG,BALRAMCHIN,2024-03-28,2025-03-28,,press_release,https://niftyindices.com/Press_Release/ind_prs28022024.pdf,closed by ind_prs21022025.pdf
1003,Nifty FMCG,PGHH,2015-03-27,2025-03-28,,press_release,https://niftyindices.com/Press_Release/ind_prs20022015.pdf,closed by ind_prs21022025.pdf
1003,Nifty FMCG,UBL,2014-01-01,,,snapshot_floor,,
1003,Nifty FMCG,GODREJCP,2014-01-01,,,snapshot_floor,,
1003,Nifty FMCG,COLPAL,2014-01-01,,,snapshot_floor,,
1003,Nifty FMCG,ITC,2014-01-01,,,snapshot_floor,,
1003,Nifty FMCG,UNITDSPR,2014-01-01,,,snapshot_floor,,
1003,Nifty FMCG,BRITANNIA,2014-01-01,,,snapshot_floor,,
1003,Nifty FMCG,DABUR,2014-01-01,,,snapshot_floor,,
1003,Nifty FMCG,TATACONSUM,2014-01-01,,,snapshot_floor,,
1003,Nifty FMCG,HINDUNILVR,2014-01-01,,,snapshot_floor,,
1003,Nifty FMCG,MARICO,2014-09-19,,,press_release,https://niftyindices.com/Press_Release/ind_prs20082014.pdf,
1003,Nifty FMCG,MCDOWELL-N,2015-03-27,2015-03-31,,press_release,https://niftyindices.com/Press_Release/ind_prs20022015.pdf,"inferred-exclude: not in NSE current snapshot, no PR found (closed at next semi-annual review)"
1003,Nifty FMCG,NESTLEIND,2019-09-27,,,press_release,https://niftyindices.com/Press_Release/ind_prs28082019.pdf,
1003,Nifty FMCG,VBL,2020-06-26,,,press_release,https://niftyindices.com/Press_Release/ind_prs10062020.pdf,
1003,Nifty FMCG,RADICO,2021-09-30,,,press_release,https://niftyindices.com/Press_Release/ind_prs23082021.pdf,
1003,Nifty FMCG,EMAMILTD,2025-03-28,,,press_release,https://niftyindices.com/Press_Release/ind_prs21022025.pdf,
1003,Nifty FMCG,PATANJALI,2025-03-28,,,press_release,https://niftyindices.com/Press_Release/ind_prs21022025.pdf,
1004,Nifty Pharma,GLAXO,2014-01-01,2018-04-02,,snapshot_floor,,closed by ind_prs21022018.pdf
1004,Nifty Pharma,GLENMARK,2014-01-01,2020-06-26,,snapshot_floor,,closed by ind_prs10062020.pdf
1004,Nifty Pharma,PEL,2014-01-01,2020-06-26,,snapshot_floor,,closed by ind_prs10062020.pdf
1004,Nifty Pharma,APLLTD,2021-09-30,2022-09-30,,press_release,https://niftyindices.com/Press_Release/ind_prs23082021.pdf,closed by ind_prs01092022.pdf
1004,Nifty Pharma,STAR,2021-09-30,2022-09-30,,press_release,https://niftyindices.com/Press_Release/ind_prs23082021.pdf,closed by ind_prs01092022.pdf
1004,Nifty Pharma,GLAXO,2022-09-30,2024-03-28,,press_release,https://niftyindices.com/Press_Release/ind_prs01092022.pdf,closed by ind_prs28022024.pdf
1004,Nifty Pharma,PFIZER,2021-09-30,2024-03-28,,press_release,https://niftyindices.com/Press_Release/ind_prs23082021.pdf,closed by ind_prs28022024.pdf
1004,Nifty Pharma,SANOFI,2022-09-30,2024-09-30,,press_release,https://niftyindices.com/Press_Release/ind_prs01092022.pdf,closed by ind_prs23082024.pdf
1004,Nifty Pharma,GRANULES,2021-09-30,2025-09-30,,press_release,https://niftyindices.com/Press_Release/ind_prs23082021.pdf,closed by ind_prs22082025.pdf
1004,Nifty Pharma,NATCOPHARM,2021-09-30,2025-09-30,,press_release,https://niftyindices.com/Press_Release/ind_prs23082021.pdf,closed by ind_prs22082025.pdf
1004,Nifty Pharma,DIVISLAB,2014-01-01,,,snapshot_floor,,
1004,Nifty Pharma,CIPLA,2014-01-01,,,snapshot_floor,,
1004,Nifty Pharma,LUPIN,2014-01-01,,,snapshot_floor,,
1004,Nifty Pharma,ZYDUSLIFE,2014-01-01,,,snapshot_floor,,
1004,Nifty Pharma,SUNPHARMA,2014-01-01,,,snapshot_floor,,
1004,Nifty Pharma,DRREDDY,2014-01-01,,,snapshot_floor,,
1004,Nifty Pharma,AUROPHARMA,2014-01-01,,,snapshot_floor,,
1004,Nifty Pharma,BIOCON,2018-04-02,,,press_release,https://niftyindices.com/Press_Release/ind_prs21022018.pdf,
1004,Nifty Pharma,ALKEM,2020-06-26,,,press_release,https://niftyindices.com/Press_Release/ind_prs10062020.pdf,
1004,Nifty Pharma,TORNTPHARM,2020-06-26,,,press_release,https://niftyindices.com/Press_Release/ind_prs10062020.pdf,
1004,Nifty Pharma,ABBOTINDIA,2021-09-30,,,press_release,https://niftyindices.com/Press_Release/ind_prs23082021.pdf,
1004,Nifty Pharma,GLAND,2021-09-30,,,press_release,https://niftyindices.com/Press_Release/ind_prs23082021.pdf,
1004,Nifty Pharma,GLENMARK,2021-09-30,,,press_release,https://niftyindices.com/Press_Release/ind_prs23082021.pdf,
1004,Nifty Pharma,IPCALAB,2021-09-30,,,press_release,https://niftyindices.com/Press_Release/ind_prs23082021.pdf,
1004,Nifty Pharma,LAURUSLABS,2021-09-30,,,press_release,https://niftyindices.com/Press_Release/ind_prs23082021.pdf,
1004,Nifty Pharma,JBCHEPHARM,2024-03-28,,,press_release,https://niftyindices.com/Press_Release/ind_prs28022024.pdf,
1004,Nifty Pharma,MANKIND,2024-03-28,,,press_release,https://niftyindices.com/Press_Release/ind_prs28022024.pdf,
1004,Nifty Pharma,AJANTPHARM,2024-09-30,,,press_release,https://niftyindices.com/Press_Release/ind_prs23082024.pdf,
1004,Nifty Pharma,PPLPHARMA,2025-09-30,,,press_release,https://niftyindices.com/Press_Release/ind_prs22082025.pdf,
1004,Nifty Pharma,WOCKPHARMA,2025-09-30,,,press_release,https://niftyindices.com/Press_Release/ind_prs22082025.pdf,
1005,Nifty Auto,AMTEKAUTO,2014-01-01,2015-03-27,,snapshot_floor,,closed by ind_prs20022015.pdf
1005,Nifty Auto,APOLLOTYRE,2014-01-01,2020-06-26,,snapshot_floor,,closed by ind_prs10062020.pdf
1005,Nifty Auto,MOTHERSON,2014-01-01,2021-06-30,,snapshot_floor,,closed by ind_prs15062021.pdf
1005,Nifty Auto,ARE&M,2014-01-01,2022-03-31,,snapshot_floor,,closed by ind_prs24022022_1.pdf
1005,Nifty Auto,EXIDEIND,2014-01-01,2022-03-31,,snapshot_floor,,closed by ind_prs24022022_1.pdf
1005,Nifty Auto,ESCORTS,2022-03-31,2022-09-30,,press_release,https://niftyindices.com/Press_Release/ind_prs24022022_1.pdf,closed by ind_prs01092022.pdf
1005,Nifty Auto,SONACOMS,2022-03-31,2024-03-28,,press_release,https://niftyindices.com/Press_Release/ind_prs24022022_1.pdf,closed by ind_prs28022024.pdf
1005,Nifty Auto,TIINDIA,2021-06-30,2024-03-28,,press_release,https://niftyindices.com/Press_Release/ind_prs15062021.pdf,closed by ind_prs28022024.pdf
1005,Nifty Auto,APOLLOTYRE,2024-03-28,2025-03-28,,press_release,https://niftyindices.com/Press_Release/ind_prs28022024.pdf,closed by ind_prs21022025.pdf
1005,Nifty Auto,BALKRISIND,2020-06-26,2025-09-30,,press_release,https://niftyindices.com/Press_Release/ind_prs10062020.pdf,closed by ind_prs22082025.pdf
1005,Nifty Auto,MRF,2014-01-01,2025-09-30,,snapshot_floor,,closed by ind_prs22082025.pdf
1005,Nifty Auto,TMPV,2014-01-01,,,snapshot_floor,,
1005,Nifty Auto,HEROMOTOCO,2014-01-01,,,snapshot_floor,,
1005,Nifty Auto,BAJAJ-AUTO,2014-01-01,,,snapshot_floor,,
1005,Nifty Auto,BOSCHLTD,2014-01-01,,,snapshot_floor,,
1005,Nifty Auto,ASHOKLEY,2014-01-01,,,snapshot_floor,,
1005,Nifty Auto,M&M,2014-01-01,,,snapshot_floor,,
1005,Nifty Auto,MARUTI,2014-01-01,,,snapshot_floor,,
1005,Nifty Auto,EICHERMOT,2014-01-01,,,snapshot_floor,,
1005,Nifty Auto,BHARATFORG,2014-01-01,,,snapshot_floor,,
1005,Nifty Auto,TVSMOTOR,2015-03-27,,,press_release,https://niftyindices.com/Press_Release/ind_prs20022015.pdf,
1005,Nifty Auto,MOTHERSON,2022-09-30,,,press_release,https://niftyindices.com/Press_Release/ind_prs01092022.pdf,
1005,Nifty Auto,EXIDEIND,2024-03-28,,,press_release,https://niftyindices.com/Press_Release/ind_prs28022024.pdf,
1005,Nifty Auto,TIINDIA,2025-03-28,,,press_release,https://niftyindices.com/Press_Release/ind_prs21022025.pdf,
1005,Nifty Auto,SONACOMS,2025-09-30,,,press_release,https://niftyindices.com/Press_Release/ind_prs22082025.pdf,
1005,Nifty Auto,UNOMINDA,2025-09-30,,,press_release,https://niftyindices.com/Press_Release/ind_prs22082025.pdf,
1006,Nifty Metal,HINDCOPPER,2014-01-01,2015-03-27,,snapshot_floor,,closed by ind_prs20022015.pdf
1006,Nifty Metal,ORISSAMINE,2014-01-01,2015-03-27,,snapshot_floor,,closed by ind_prs20022015.pdf
1006,Nifty Metal,GMDCLTD,2014-01-01,2015-09-28,,snapshot_floor,,closed by ind_prs12082015.pdf
1006,Nifty Metal,MAHSEAMLES,2015-03-27,2015-09-28,,press_release,https://niftyindices.com/Press_Release/ind_prs20022015.pdf,closed by ind_prs12082015.pdf
1006,Nifty Metal,TATASPONGE,2015-03-27,2015-09-28,,press_release,https://niftyindices.com/Press_Release/ind_prs20022015.pdf,closed by ind_prs12082015.pdf
1006,Nifty Metal,JINDALSAW,2014-01-01,2016-04-29,,snapshot_floor,,closed by ind_prs22042016.pdf
1006,Nifty Metal,BHUSANSTL,2014-01-01,2017-03-31,,snapshot_floor,,closed by ind_prs16022017.pdf
1006,Nifty Metal,ORISSAMINE,2015-09-28,2017-09-29,,press_release,https://niftyindices.com/Press_Release/ind_prs12082015.pdf,closed by ind_prs28082017.pdf
1006,Nifty Metal,RATNAMANI,2017-03-31,2017-09-29,,press_release,https://niftyindices.com/Press_Release/ind_prs16022017.pdf,closed by ind_prs28082017.pdf
1006,Nifty Metal,JSLHISAR,2017-09-29,2019-09-27,,press_release,https://niftyindices.com/Press_Release/ind_prs28082017.pdf,closed by ind_prs28082019.pdf
1006,Nifty Metal,VEDL,2014-01-01,2020-07-31,,snapshot_floor,,closed by ind_prs02072020_1.pdf
1006,Nifty Metal,HINDCOPPER,2017-09-29,2021-03-31,,press_release,https://niftyindices.com/Press_Release/ind_prs28082017.pdf,closed by ind_prs23022021.pdf
1006,Nifty Metal,MIDHANI,2020-07-31,2021-03-31,,press_release,https://niftyindices.com/Press_Release/ind_prs02072020_1.pdf,closed by ind_prs23022021.pdf
1006,Nifty Metal,MOIL,2014-01-01,2021-09-30,,snapshot_floor,,closed by ind_prs23082021.pdf
1006,Nifty Metal,COALINDIA,2014-01-01,2022-03-31,,snapshot_floor,,closed by ind_prs24022022_1.pdf
1006,Nifty Metal,JSLHISAR,2022-03-31,2022-05-31,,press_release,https://niftyindices.com/Press_Release/ind_prs24022022_1.pdf,closed by ind_prs24052022.pdf
1006,Nifty Metal,NMDC,2014-01-01,2022-08-08,,snapshot_floor,,closed by ind_prs11072022.pdf
1006,Nifty Metal,MOIL,2022-08-08,2023-03-31,,press_release,https://niftyindices.com/Press_Release/ind_prs11072022.pdf,closed by ind_prs17022023_1.pdf
1006,Nifty Metal,RATNAMANI,2019-09-27,2025-03-28,,press_release,https://niftyindices.com/Press_Release/ind_prs28082019.pdf,closed by ind_prs21022025.pdf
1006,Nifty Metal,TATASTEEL,2014-01-01,,,snapshot_floor,,
1006,Nifty Metal,HINDALCO,2014-01-01,,,snapshot_floor,,
1006,Nifty Metal,SAIL,2014-01-01,,,snapshot_floor,,
1006,Nifty Metal,NATIONALUM,2014-01-01,,,snapshot_floor,,
1006,Nifty Metal,JSWSTEEL,2014-01-01,,,snapshot_floor,,
1006,Nifty Metal,JINDALSTEL,2014-01-01,,,snapshot_floor,,
1006,Nifty Metal,HINDZINC,2014-01-01,,,snapshot_floor,,
1006,Nifty Metal,WELCORP,2015-09-28,,,press_release,https://niftyindices.com/Press_Release/ind_prs12082015.pdf,
1006,Nifty Metal,APLAPOLLO,2016-04-29,,,press_release,https://niftyindices.com/Press_Release/ind_prs22042016.pdf,
1006,Nifty Metal,ADANIENT,2021-03-31,,,press_release,https://niftyindices.com/Press_Release/ind_prs23022021.pdf,
1006,Nifty Metal,VEDL,2021-03-31,,,press_release,https://niftyindices.com/Press_Release/ind_prs23022021.pdf,
1006,Nifty Metal,HINDCOPPER,2021-09-30,,,press_release,https://niftyindices.com/Press_Release/ind_prs23082021.pdf,
1006,Nifty Metal,JSL,2022-05-31,,,press_release,https://niftyindices.com/Press_Release/ind_prs24052022.pdf,
1006,Nifty Metal,NIFTY,2022-05-31,2022-09-30,,press_release,https://niftyindices.com/Press_Release/ind_prs24052022.pdf,"inferred-exclude: not in NSE current snapshot, no PR found (closed at next semi-annual review)"
1006,Nifty Metal,NSE,2022-05-31,2022-09-30,,press_release,https://niftyindices.com/Press_Release/ind_prs24052022.pdf,"inferred-exclude: not in NSE current snapshot, no PR found (closed at next semi-annual review)"
1006,Nifty Metal,NMDC,2023-03-31,,,press_release,https://niftyindices.com/Press_Release/ind_prs17022023_1.pdf,
1006,Nifty Metal,LLOYDSME,2025-03-28,,,press_release,https://niftyindices.com/Press_Release/ind_prs21022025.pdf,
1007,Nifty Realty,ANANTRAJ,2014-01-01,2014-03-28,,snapshot_floor,,closed by ind_prs27022014.pdf
1007,Nifty Realty,DELTACORP,2014-03-28,2017-09-29,,press_release,https://niftyindices.com/Press_Release/ind_prs27022014.pdf,closed by ind_prs28082017.pdf
1007,Nifty Realty,HDIL,2014-01-01,2018-09-28,,snapshot_floor,,closed by ind_prs28082018.pdf
1007,Nifty Realty,UNITECH,2014-01-01,2019-02-26,,snapshot_floor,,closed by ind_prs20022019.pdf
1007,Nifty Realty,MAHLIFE,2019-02-26,2020-06-26,,press_release,https://niftyindices.com/Press_Release/ind_prs20022019.pdf,closed by ind_prs10062020.pdf
1007,Nifty Realty,OMAXE,2020-06-26,2021-03-31,,press_release,https://niftyindices.com/Press_Release/ind_prs10062020.pdf,closed by ind_prs23022021.pdf
1007,Nifty Realty,SOBHA,2014-01-01,2021-09-30,,snapshot_floor,,closed by ind_prs23082021.pdf
1007,Nifty Realty,SUNTECK,2018-09-28,2023-03-31,,press_release,https://niftyindices.com/Press_Release/ind_prs28082018.pdf,closed by ind_prs17022023_1.pdf
1007,Nifty Realty,IBREALEST,2014-01-01,2023-09-29,,snapshot_floor,,closed by ind_prs17082023.pdf
1007,Nifty Realty,SWANENERGY,2023-09-29,2024-03-28,,press_release,https://niftyindices.com/Press_Release/ind_prs17082023.pdf,closed by ind_prs28022024.pdf
1007,Nifty Realty,SUNTECK,2024-03-28,2024-09-30,,press_release,https://niftyindices.com/Press_Release/ind_prs28022024.pdf,closed by ind_prs23082024.pdf
1007,Nifty Realty,MAHLIFE,2023-03-31,2025-03-28,,press_release,https://niftyindices.com/Press_Release/ind_prs17022023_1.pdf,closed by ind_prs21022025.pdf
1007,Nifty Realty,RAYMOND,2024-09-30,2025-09-30,,press_release,https://niftyindices.com/Press_Release/ind_prs23082024.pdf,closed by ind_prs22082025.pdf
1007,Nifty Realty,SIGNATURE,2025-09-30,2026-03-30,,press_release,https://niftyindices.com/Press_Release/ind_prs22082025.pdf,closed by ind_prs23022026.pdf
1007,Nifty Realty,GODREJPROP,2014-01-01,,,snapshot_floor,,
1007,Nifty Realty,PHOENIXLTD,2014-01-01,,,snapshot_floor,,
1007,Nifty Realty,DLF,2014-01-01,,,snapshot_floor,,
1007,Nifty Realty,PRESTIGE,2014-01-01,,,snapshot_floor,,
1007,Nifty Realty,OBEROIRLTY,2014-01-01,,,snapshot_floor,,
1007,Nifty Realty,BRIGADE,2017-09-29,,,press_release,https://niftyindices.com/Press_Release/ind_prs28082017.pdf,
1007,Nifty Realty,NIFTY,2019-02-26,2019-03-31,,press_release,https://niftyindices.com/Press_Release/ind_prs20022019.pdf,"inferred-exclude: not in NSE current snapshot, no PR found (closed at next semi-annual review)"
1007,Nifty Realty,HEMIPROP,2021-03-31,2021-09-30,,press_release,https://niftyindices.com/Press_Release/ind_prs23022021.pdf,"inferred-exclude: not in NSE current snapshot, no PR found (closed at next semi-annual review)"
1007,Nifty Realty,LODHA,2021-09-30,,,press_release,https://niftyindices.com/Press_Release/ind_prs15092021.pdf,
1007,Nifty Realty,BIRET,2021-09-30,2022-03-31,,press_release,https://niftyindices.com/Press_Release/ind_prs23082021.pdf,"inferred-exclude: not in NSE current snapshot, no PR found (closed at next semi-annual review)"
1007,Nifty Realty,EMBASSY,2021-09-30,2022-03-31,,press_release,https://niftyindices.com/Press_Release/ind_prs23082021.pdf,"inferred-exclude: not in NSE current snapshot, no PR found (closed at next semi-annual review)"
1007,Nifty Realty,MINDSPACE,2021-09-30,2022-03-31,,press_release,https://niftyindices.com/Press_Release/ind_prs23082021.pdf,"inferred-exclude: not in NSE current snapshot, no PR found (closed at next semi-annual review)"
1007,Nifty Realty,ANANTRAJ,2025-03-28,,,press_release,https://niftyindices.com/Press_Release/ind_prs21022025.pdf,
1007,Nifty Realty,ABREL,2026-03-30,,,press_release,https://niftyindices.com/Press_Release/ind_prs23022026.pdf,
1007,Nifty Realty,SOBHA,2026-03-31,,,snapshot,,"inferred-include: in NSE current snapshot, no PR found (opened at most-recent semi-annual review)"
1008,Nifty Energy,RPOWER,2014-01-01,2015-09-28,,snapshot_floor,,closed by ind_prs12082015.pdf
1008,Nifty Energy,RELINFRA,2014-01-01,2019-09-27,,snapshot_floor,,closed by ind_prs28082019.pdf
1008,Nifty Energy,ADANIENSOL,2019-09-27,2020-09-25,,press_release,https://niftyindices.com/Press_Release/ind_prs28082019.pdf,closed by ind_prs20082020.pdf
1008,Nifty Energy,HINDPETRO,2015-09-28,2021-09-30,,press_release,https://niftyindices.com/Press_Release/ind_prs12082015.pdf,closed by ind_prs23082021.pdf
1008,Nifty Energy,GAIL,2014-01-01,2023-03-31,,snapshot_floor,,closed by ind_prs17022023_1.pdf
1008,Nifty Energy,ADANIENSOL,2021-09-30,2024-09-30,,press_release,https://niftyindices.com/Press_Release/ind_prs23082021.pdf,closed by ind_prs23082024.pdf
1008,Nifty Energy,SCHNEIDER,2014-01-01,2025-03-28,,snapshot_floor,,closed by ind_prs21022025.pdf
1008,Nifty Energy,TRITURBINE,2014-01-01,2025-09-30,,snapshot_floor,,closed by ind_prs22082025.pdf
1008,Nifty Energy,GUJGASLTD,2014-01-01,2026-03-30,,snapshot_floor,,closed by ind_prs23022026.pdf
1008,Nifty Energy,GSPL,2014-01-01,2026-05-12,,snapshot_floor,,closed by ind_prs04052026.pdf
1008,Nifty Energy,GVT&D,2014-01-01,,,snapshot_floor,,
1008,Nifty Energy,ATGL,2014-01-01,,,snapshot_floor,,
1008,Nifty Energy,ABB,2014-01-01,,,snapshot_floor,,
1008,Nifty Energy,BPCL,2014-01-01,,,snapshot_floor,,
1008,Nifty Energy,TATAPOWER,2014-01-01,,,snapshot_floor,,
1008,Nifty Energy,POWERGRID,2014-01-01,,,snapshot_floor,,
1008,Nifty Energy,CGPOWER,2014-01-01,,,snapshot_floor,,
1008,Nifty Energy,BHEL,2014-01-01,,,snapshot_floor,,
1008,Nifty Energy,IGL,2014-01-01,,,snapshot_floor,,
1008,Nifty Energy,NHPC,2014-01-01,,,snapshot_floor,,
1008,Nifty Energy,NLCINDIA,2014-01-01,,,snapshot_floor,,
1008,Nifty Energy,THERMAX,2014-01-01,,,snapshot_floor,,
1008,Nifty Energy,CESC,2014-01-01,,,snapshot_floor,,
1008,Nifty Energy,JSWENERGY,2014-01-01,,,snapshot_floor,,
1008,Nifty Energy,SIEMENS,2014-01-01,,,snapshot_floor,,
1008,Nifty Energy,TORNTPOWER,2014-01-01,,,snapshot_floor,,
1008,Nifty Energy,ONGC,2014-01-01,,,snapshot_floor,,
1008,Nifty Energy,NTPC,2014-01-01,,,snapshot_floor,,
1008,Nifty Energy,SJVN,2014-01-01,,,snapshot_floor,,
1008,Nifty Energy,PETRONET,2014-01-01,,,snapshot_floor,,
1008,Nifty Energy,RELIANCE,2014-01-01,,,snapshot_floor,,
1008,Nifty Energy,CASTROLIND,2014-01-01,,,snapshot_floor,,
1008,Nifty Energy,JPPOWER,2014-01-01,,,snapshot_floor,,
1008,Nifty Energy,IOC,2014-01-01,,,snapshot_floor,,
1008,Nifty Energy,AEGISLOG,2014-01-01,,,snapshot_floor,,
1008,Nifty Energy,OIL,2014-01-01,,,snapshot_floor,,
1008,Nifty Energy,MGL,2014-01-01,,,snapshot_floor,,
1008,Nifty Energy,SUZLON,2014-01-01,,,snapshot_floor,,
1008,Nifty Energy,POWERINDIA,2014-01-01,,,snapshot_floor,,
1008,Nifty Energy,INOXWIND,2014-01-01,,,snapshot_floor,,
1008,Nifty Energy,ADANIGREEN,2020-09-25,,,press_release,https://niftyindices.com/Press_Release/ind_prs20082020.pdf,
1008,Nifty Energy,COALINDIA,2023-03-31,,,press_release,https://niftyindices.com/Press_Release/ind_prs17022023_1.pdf,
1008,Nifty Energy,ADANIPOWER,2024-09-30,,,press_release,https://niftyindices.com/Press_Release/ind_prs23082024.pdf,
1008,Nifty Energy,RPOWER,2025-03-28,,,press_release,https://niftyindices.com/Press_Release/ind_prs21022025.pdf,
1008,Nifty Energy,ENRIN,2025-09-30,,,press_release,https://niftyindices.com/Press_Release/ind_prs22082025.pdf,
1008,Nifty Energy,NTPCGREEN,2026-03-30,,,press_release,https://niftyindices.com/Press_Release/ind_prs23022026.pdf,
1008,Nifty Energy,ADANIENSOL,2026-03-31,,,snapshot,,"inferred-include: in NSE current snapshot, no PR found (opened at most-recent semi-annual review)"
1008,Nifty Energy,GAIL,2026-03-31,,,snapshot,,"inferred-include: in NSE current snapshot, no PR found (opened at most-recent semi-annual review)"
1008,Nifty Energy,GSPL,2026-03-31,,,snapshot,,"inferred-include: in NSE current snapshot, no PR found (opened at most-recent semi-annual review)"
1008,Nifty Energy,HINDPETRO,2026-03-31,,,snapshot,,"inferred-include: in NSE current snapshot, no PR found (opened at most-recent semi-annual review)"
1009,Nifty PSU Bank,ALBK,2014-01-01,2018-09-28,,snapshot_floor,,closed by ind_prs28082018.pdf
1009,Nifty PSU Bank,ANDHRABANK,2014-01-01,2018-09-28,,snapshot_floor,,closed by ind_prs28082018.pdf
1009,Nifty PSU Bank,VIJAYABANK,2018-09-28,2019-01-28,,press_release,https://niftyindices.com/Press_Release/ind_prs28082018.pdf,closed by ind_prs21012019.pdf
1009,Nifty PSU Bank,IDBI,2014-01-01,2019-03-29,,snapshot_floor,,closed by ind_prs20032019.pdf
1009,Nifty PSU Bank,ALBK,2019-03-29,2019-12-27,,press_release,https://niftyindices.com/Press_Release/ind_prs20032019.pdf,closed by ind_prs16122019.pdf
1009,Nifty PSU Bank,ORIENTBANK,2014-01-01,2019-12-27,,snapshot_floor,,closed by ind_prs16122019.pdf
1009,Nifty PSU Bank,SYNDIBANK,2014-01-01,2019-12-27,,snapshot_floor,,closed by ind_prs16122019.pdf
1009,Nifty PSU Bank,PSB,2014-01-01,2020-06-26,,snapshot_floor,,closed by ind_prs10062020.pdf
1009,Nifty PSU Bank,J&KBANK,2019-01-28,2022-03-31,,press_release,https://niftyindices.com/Press_Release/ind_prs21012019.pdf,closed by ind_prs24022022_1.pdf
1009,Nifty PSU Bank,CANBK,2014-01-01,,,snapshot_floor,,
1009,Nifty PSU Bank,UNIONBANK,2014-01-01,,,snapshot_floor,,
1009,Nifty PSU Bank,BANKINDIA,2014-01-01,,,snapshot_floor,,
1009,Nifty PSU Bank,BANKBARODA,2014-01-01,,,snapshot_floor,,
1009,Nifty PSU Bank,SBIN,2014-01-01,,,snapshot_floor,,
1009,Nifty PSU Bank,PNB,2014-01-01,,,snapshot_floor,,
1009,Nifty PSU Bank,INDIANB,2017-09-29,,,press_release,https://niftyindices.com/Press_Release/ind_prs28082017.pdf,
1009,Nifty PSU Bank,CENTRALBK,2018-09-28,,,press_release,https://niftyindices.com/Press_Release/ind_prs28082018.pdf,
1009,Nifty PSU Bank,NIFTY,2019-03-29,2019-03-31,,press_release,https://niftyindices.com/Press_Release/ind_prs20032019.pdf,"inferred-exclude: not in NSE current snapshot, no PR found (closed at next semi-annual review)"
1009,Nifty PSU Bank,MAHABANK,2019-12-27,,,press_release,https://niftyindices.com/Press_Release/ind_prs16122019.pdf,
1009,Nifty PSU Bank,IOB,2019-12-27,,,press_release,https://niftyindices.com/Press_Release/ind_prs16122019.pdf,
1009,Nifty PSU Bank,UCOBANK,2019-12-27,,,press_release,https://niftyindices.com/Press_Release/ind_prs16122019.pdf,
1009,Nifty PSU Bank,PSB,2021-03-31,,,press_release,https://niftyindices.com/Press_Release/ind_prs23022021.pdf,
1010,Nifty Private Bank,CUB,2016-01-04,2017-03-31,,snapshot_floor,,closed by ind_prs16022017.pdf
1010,Nifty Private Bank,KARURVYSYA,2016-01-04,2017-03-31,,snapshot_floor,,closed by ind_prs16022017.pdf
1010,Nifty Private Bank,KTKBANK,2017-03-31,2017-09-29,,press_release,https://niftyindices.com/Press_Release/ind_prs16022017.pdf,closed by ind_prs28082017.pdf
1010,Nifty Private Bank,SOUTHBANK,2017-03-31,2019-03-29,,press_release,https://niftyindices.com/Press_Release/ind_prs16022017.pdf,closed by ind_prs25022019.pdf
1010,Nifty Private Bank,DCBBANK,2019-03-29,2019-09-27,,press_release,https://niftyindices.com/Press_Release/ind_prs25022019.pdf,closed by ind_prs28082019.pdf
1010,Nifty Private Bank,YESBANK,2016-01-04,2020-03-19,,snapshot_floor,,closed by ind_prs16032020.pdf
1010,Nifty Private Bank,YESBANK,2021-03-31,2021-09-30,,press_release,https://niftyindices.com/Press_Release/ind_prs23022021.pdf,closed by ind_prs23082021.pdf
1010,Nifty Private Bank,CUB,2019-09-27,2025-03-28,,press_release,https://niftyindices.com/Press_Release/ind_prs28082019.pdf,closed by ind_prs21022025.pdf
1010,Nifty Private Bank,AXISBANK,2016-01-04,,,snapshot_floor,,
1010,Nifty Private Bank,FEDERALBNK,2016-01-04,,,snapshot_floor,,
1010,Nifty Private Bank,KOTAKBANK,2016-01-04,,,snapshot_floor,,
1010,Nifty Private Bank,INDUSINDBK,2016-01-04,,,snapshot_floor,,
1010,Nifty Private Bank,ICICIBANK,2016-01-04,,,snapshot_floor,,
1010,Nifty Private Bank,HDFCBANK,2016-01-04,,,snapshot_floor,,
1010,Nifty Private Bank,IDFCFIRSTB,2016-01-04,,,snapshot_floor,,
1010,Nifty Private Bank,RBLBANK,2017-09-29,,,press_release,https://niftyindices.com/Press_Release/ind_prs28082017.pdf,
1010,Nifty Private Bank,BANDHANBNK,2020-03-19,,,press_release,https://niftyindices.com/Press_Release/ind_prs16032020.pdf,
1010,Nifty Private Bank,YESBANK,2025-03-28,,,press_release,https://niftyindices.com/Press_Release/ind_prs21022025.pdf,
1011,Nifty Healthcare Index,GLAXO,2020-12-01,2021-03-31,,snapshot_floor,,closed by ind_prs23022021.pdf
1011,Nifty Healthcare Index,ABBOTINDIA,2020-12-01,2021-09-30,,snapshot_floor,,closed by ind_prs23082021.pdf
1011,Nifty Healthcare Index,FORTIS,2020-12-01,2021-09-30,,snapshot_floor,,closed by ind_prs23082021.pdf
1011,Nifty Healthcare Index,NATCOPHARM,2020-12-01,2021-09-30,,snapshot_floor,,closed by ind_prs23082021.pdf
1011,Nifty Healthcare Index,SANOFI,2020-12-01,2021-09-30,,snapshot_floor,,closed by ind_prs23082021.pdf
1011,Nifty Healthcare Index,APLLTD,2021-09-30,2022-03-31,,press_release,https://niftyindices.com/Press_Release/ind_prs23082021.pdf,closed by ind_prs24022022_1.pdf
1011,Nifty Healthcare Index,STAR,2021-09-30,2022-03-31,,press_release,https://niftyindices.com/Press_Release/ind_prs23082021.pdf,closed by ind_prs24022022_1.pdf
1011,Nifty Healthcare Index,PFIZER,2020-12-01,2022-09-30,,snapshot_floor,,closed by ind_prs01092022.pdf
1011,Nifty Healthcare Index,GLAND,2022-09-30,2023-03-31,,press_release,https://niftyindices.com/Press_Release/ind_prs01092022.pdf,closed by ind_prs17022023_1.pdf
1011,Nifty Healthcare Index,LALPATHLAB,2020-12-01,2025-03-28,,snapshot_floor,,closed by ind_prs21022025.pdf
1011,Nifty Healthcare Index,METROPOLIS,2021-09-30,2025-03-28,,press_release,https://niftyindices.com/Press_Release/ind_prs23082021.pdf,closed by ind_prs21022025.pdf
1011,Nifty Healthcare Index,GRANULES,2021-09-30,2025-09-30,,press_release,https://niftyindices.com/Press_Release/ind_prs23082021.pdf,closed by ind_prs22082025.pdf
1011,Nifty Healthcare Index,DIVISLAB,2020-12-01,,,snapshot_floor,,
1011,Nifty Healthcare Index,BIOCON,2020-12-01,,,snapshot_floor,,
1011,Nifty Healthcare Index,APOLLOHOSP,2020-12-01,,,snapshot_floor,,
1011,Nifty Healthcare Index,CIPLA,2020-12-01,,,snapshot_floor,,
1011,Nifty Healthcare Index,LUPIN,2020-12-01,,,snapshot_floor,,
1011,Nifty Healthcare Index,ZYDUSLIFE,2020-12-01,,,snapshot_floor,,
1011,Nifty Healthcare Index,IPCALAB,2020-12-01,,,snapshot_floor,,
1011,Nifty Healthcare Index,ALKEM,2020-12-01,,,snapshot_floor,,
1011,Nifty Healthcare Index,GLENMARK,2020-12-01,,,snapshot_floor,,
1011,Nifty Healthcare Index,SUNPHARMA,2020-12-01,,,snapshot_floor,,
1011,Nifty Healthcare Index,TORNTPHARM,2020-12-01,,,snapshot_floor,,
1011,Nifty Healthcare Index,DRREDDY,2020-12-01,,,snapshot_floor,,
1011,Nifty Healthcare Index,AUROPHARMA,2020-12-01,,,snapshot_floor,,
1011,Nifty Healthcare Index,LAURUSLABS,2021-03-31,,,press_release,https://niftyindices.com/Press_Release/ind_prs23022021.pdf,
1011,Nifty Healthcare Index,ABBOTINDIA,2022-03-31,,,press_release,https://niftyindices.com/Press_Release/ind_prs24022022_1.pdf,
1011,Nifty Healthcare Index,SYNGENE,2022-03-31,,,press_release,https://niftyindices.com/Press_Release/ind_prs24022022_1.pdf,
1011,Nifty Healthcare Index,MAXHEALTH,2023-03-31,,,press_release,https://niftyindices.com/Press_Release/ind_prs17022023_1.pdf,
1011,Nifty Healthcare Index,FORTIS,2025-03-28,,,press_release,https://niftyindices.com/Press_Release/ind_prs21022025.pdf,
1011,Nifty Healthcare Index,MANKIND,2025-03-28,,,press_release,https://niftyindices.com/Press_Release/ind_prs21022025.pdf,
1011,Nifty Healthcare Index,PPLPHARMA,2025-09-30,,,press_release,https://niftyindices.com/Press_Release/ind_prs22082025.pdf,
1012,Nifty Financial Services,PNB,2014-01-01,2015-09-28,,snapshot_floor,,closed by ind_prs12082015.pdf
1012,Nifty Financial Services,SUNDARMFIN,2014-01-01,2017-11-13,,snapshot_floor,,closed by ind_prs03112017.pdf
1012,Nifty Financial Services,LICHSGFIN,2014-01-01,2018-04-02,,snapshot_floor,,closed by ind_prs21022018.pdf
1012,Nifty Financial Services,GICRE,2018-04-02,2018-09-28,,press_release,https://niftyindices.com/Press_Release/ind_prs21022018.pdf,closed by ind_prs28082018.pdf
1012,Nifty Financial Services,BHARATFIN,2017-11-13,2018-12-28,,press_release,https://niftyindices.com/Press_Release/ind_prs03112017.pdf,closed by ind_prs14122018.pdf
1012,Nifty Financial Services,IIFL,2018-04-02,2018-12-28,,press_release,https://niftyindices.com/Press_Release/ind_prs21022018.pdf,closed by ind_prs14122018.pdf
1012,Nifty Financial Services,MFSL,2018-04-02,2019-03-29,,press_release,https://niftyindices.com/Press_Release/ind_prs21022018.pdf,closed by ind_prs25022019.pdf
1012,Nifty Financial Services,DHANI,2018-12-28,2019-09-27,,press_release,https://niftyindices.com/Press_Release/ind_prs14122018.pdf,closed by ind_prs28082019.pdf
1012,Nifty Financial Services,EDELWEISS,2018-04-02,2020-06-26,,press_release,https://niftyindices.com/Press_Release/ind_prs21022018.pdf,closed by ind_prs10062020.pdf
1012,Nifty Financial Services,SAMMAANCAP,2018-04-02,2020-06-26,,press_release,https://niftyindices.com/Press_Release/ind_prs21022018.pdf,closed by ind_prs10062020.pdf
1012,Nifty Financial Services,BAJAJHLDNG,2014-01-01,2021-03-31,,snapshot_floor,,closed by ind_prs23022021.pdf
1012,Nifty Financial Services,M&MFIN,2014-01-01,2022-03-31,,snapshot_floor,,closed by ind_prs24022022_1.pdf
1012,Nifty Financial Services,PEL,2020-06-26,2022-08-08,,press_release,https://niftyindices.com/Press_Release/ind_prs10062020.pdf,closed by ind_prs11072022.pdf
1012,Nifty Financial Services,HDFC,2014-01-01,2023-07-13,,snapshot_floor,,closed by ind_prs04072023.pdf
1012,Nifty Financial Services,IEX,2022-08-08,2024-03-28,,press_release,https://niftyindices.com/Press_Release/ind_prs11072022.pdf,closed by ind_prs28022024.pdf
1012,Nifty Financial Services,IDFC,2024-03-28,2024-10-10,,press_release,https://niftyindices.com/Press_Release/ind_prs28022024.pdf,closed by ind_prs04102024.pdf
1012,Nifty Financial Services,MCX,2024-10-10,2025-03-28,,press_release,https://niftyindices.com/Press_Release/ind_prs04102024.pdf,closed by ind_prs21022025.pdf
1012,Nifty Financial Services,HDFCAMC,2020-06-26,2025-09-30,,press_release,https://niftyindices.com/Press_Release/ind_prs10062020.pdf,closed by ind_prs22082025.pdf
1012,Nifty Financial Services,ICICIPRULI,2018-04-02,2026-03-30,,press_release,https://niftyindices.com/Press_Release/ind_prs21022018.pdf,closed by ind_prs23022026.pdf
1012,Nifty Financial Services,AXISBANK,2014-01-01,,,snapshot_floor,,
1012,Nifty Financial Services,BAJAJFINSV,2014-01-01,,,snapshot_floor,,
1012,Nifty Financial Services,ICICIBANK,2014-01-01,,,snapshot_floor,,
1012,Nifty Financial Services,SHRIRAMFIN,2014-01-01,,,snapshot_floor,,
1012,Nifty Financial Services,HDFCBANK,2014-01-01,,,snapshot_floor,,
1012,Nifty Financial Services,PFC,2014-01-01,,,snapshot_floor,,
1012,Nifty Financial Services,KOTAKBANK,2014-01-01,,,snapshot_floor,,
1012,Nifty Financial Services,SBIN,2014-01-01,,,snapshot_floor,,
1012,Nifty Financial Services,RECLTD,2014-01-01,,,snapshot_floor,,
1012,Nifty Financial Services,BAJFINANCE,2015-09-28,,,press_release,https://niftyindices.com/Press_Release/ind_prs12082015.pdf,
1012,Nifty Financial Services,IISL,2017-11-13,2018-03-31,,press_release,https://niftyindices.com/Press_Release/ind_prs03112017.pdf,"inferred-exclude: not in NSE current snapshot, no PR found (closed at next semi-annual review)"
1012,Nifty Financial Services,HDFCLIFE,2018-09-28,,,press_release,https://niftyindices.com/Press_Release/ind_prs28082018.pdf,
1012,Nifty Financial Services,CHOLAFIN,2018-12-28,,,press_release,https://niftyindices.com/Press_Release/ind_prs14122018.pdf,
1012,Nifty Financial Services,ICICIGI,2019-03-29,,,press_release,https://niftyindices.com/Press_Release/ind_prs25022019.pdf,
1012,Nifty Financial Services,SBILIFE,2019-09-27,,,press_release,https://niftyindices.com/Press_Release/ind_prs28082019.pdf,
1012,Nifty Financial Services,MUTHOOTFIN,2021-03-31,,,press_release,https://niftyindices.com/Press_Release/ind_prs23022021.pdf,
1012,Nifty Financial Services,SBICARD,2022-03-31,,,press_release,https://niftyindices.com/Press_Release/ind_prs24022022_1.pdf,
1012,Nifty Financial Services,LICHSGFIN,2023-07-13,,,press_release,https://niftyindices.com/Press_Release/ind_prs04072023.pdf,
1012,Nifty Financial Services,JIOFIN,2025-03-28,,,press_release,https://niftyindices.com/Press_Release/ind_prs21022025.pdf,
1012,Nifty Financial Services,BSE,2025-09-30,,,press_release,https://niftyindices.com/Press_Release/ind_prs22082025.pdf,
1012,Nifty Financial Services,MFSL,2026-03-30,,,press_release,https://niftyindices.com/Press_Release/ind_prs23022026.pdf,
1013,Nifty Media,ENIL,2014-01-01,2014-03-28,,snapshot_floor,,closed by ind_prs27022014.pdf
1013,Nifty Media,HINDUJAVEN,2014-01-01,2014-03-28,,snapshot_floor,,closed by ind_prs27022014.pdf
1013,Nifty Media,NAVNETEDUL,2014-01-01,2014-03-28,,snapshot_floor,,closed by ind_prs27022014.pdf
1013,Nifty Media,SHREEASHTA,2014-01-01,2014-03-28,,snapshot_floor,,closed by ind_prs27022014.pdf
1013,Nifty Media,KSERASERA,2014-03-28,2014-09-26,,press_release,https://niftyindices.com/Press_Release/ind_prs27022014.pdf,closed by ind_prs26082014.pdf
1013,Nifty Media,PFOCUS,2014-01-01,2014-09-26,,snapshot_floor,,closed by ind_prs26082014.pdf
1013,Nifty Media,SITINET,2014-01-01,2017-03-31,,snapshot_floor,,closed by ind_prs16022017.pdf
1013,Nifty Media,NAVNETEDUL,2017-03-31,2018-04-02,,press_release,https://niftyindices.com/Press_Release/ind_prs16022017.pdf,closed by ind_prs21022018.pdf
1013,Nifty Media,HTMEDIA,2014-01-01,2018-06-29,,snapshot_floor,,closed by ind_prs20062018.pdf
1013,Nifty Media,BALAJITELE,2018-04-02,2018-09-28,,press_release,https://niftyindices.com/Press_Release/ind_prs21022018.pdf,closed by ind_prs28082018.pdf
1013,Nifty Media,ENIL,2018-06-29,2018-09-28,,press_release,https://niftyindices.com/Press_Release/ind_prs20062018.pdf,closed by ind_prs28082018.pdf
1013,Nifty Media,UFO,2018-09-28,2019-03-29,,press_release,https://niftyindices.com/Press_Release/ind_prs28082018.pdf,closed by ind_prs25022019.pdf
1013,Nifty Media,DEN,2014-01-01,2019-09-27,,snapshot_floor,,closed by ind_prs28082019.pdf
1013,Nifty Media,EROSMEDIA,2014-01-01,2019-09-27,,snapshot_floor,,closed by ind_prs28082019.pdf
1013,Nifty Media,NAVNETEDUL,2019-03-29,2019-09-27,,press_release,https://niftyindices.com/Press_Release/ind_prs25022019.pdf,closed by ind_prs28082019.pdf
1013,Nifty Media,HATHWAY,2014-01-01,2019-12-27,,snapshot_floor,,closed by ind_prs19122019.pdf
1013,Nifty Media,RADIOCITY,2019-09-27,2019-12-27,,press_release,https://niftyindices.com/Press_Release/ind_prs28082019.pdf,closed by ind_prs19122019.pdf
1013,Nifty Media,BALAJITELE,2019-09-27,2020-06-26,,press_release,https://niftyindices.com/Press_Release/ind_prs28082019.pdf,closed by ind_prs10062020.pdf
1013,Nifty Media,JUMPNET,2019-12-27,2020-06-26,,press_release,https://niftyindices.com/Press_Release/ind_prs19122019.pdf,closed by ind_prs10062020.pdf
1013,Nifty Media,NETWORK18,2014-03-28,2020-06-26,,press_release,https://niftyindices.com/Press_Release/ind_prs27022014.pdf,closed by ind_prs10062020.pdf
1013,Nifty Media,SAREGAMA,2019-09-27,2020-06-26,,press_release,https://niftyindices.com/Press_Release/ind_prs28082019.pdf,closed by ind_prs10062020.pdf
1013,Nifty Media,ZEEMEDIA,2018-09-28,2020-06-26,,press_release,https://niftyindices.com/Press_Release/ind_prs28082018.pdf,closed by ind_prs10062020.pdf
1013,Nifty Media,HATHWAY,2020-06-26,2021-03-31,,press_release,https://niftyindices.com/Press_Release/ind_prs10062020.pdf,closed by ind_prs23022021.pdf
1013,Nifty Media,DBCORP,2014-01-01,2021-09-30,,snapshot_floor,,closed by ind_prs23082021.pdf
1013,Nifty Media,JAGRAN,2014-01-01,2021-09-30,,snapshot_floor,,closed by ind_prs23082021.pdf
1013,Nifty Media,TVTODAY,2015-03-27,2021-09-30,,press_release,https://niftyindices.com/Press_Release/ind_prs20022015.pdf,closed by ind_prs23082021.pdf
1013,Nifty Media,SAREGAMA,2021-09-30,2022-12-30,,press_release,https://niftyindices.com/Press_Release/ind_prs23082021.pdf,closed by ind_prs22122022.pdf
1013,Nifty Media,INOXLEISUR,2015-03-27,2023-02-17,,press_release,https://niftyindices.com/Press_Release/ind_prs20022015.pdf,closed by ind_prs09022023_1.pdf
1013,Nifty Media,NAVNETEDUL,2022-12-30,2023-09-29,,press_release,https://niftyindices.com/Press_Release/ind_prs22122022.pdf,closed by ind_prs17082023.pdf
1013,Nifty Media,NDTV,2023-02-17,2023-09-29,,press_release,https://niftyindices.com/Press_Release/ind_prs09022023_1.pdf,closed by ind_prs17082023.pdf
1013,Nifty Media,DBCORP,2023-09-29,2024-03-28,,press_release,https://niftyindices.com/Press_Release/ind_prs17082023.pdf,closed by ind_prs28022024.pdf
1013,Nifty Media,TV18BRDCST,2014-01-01,2024-10-16,,snapshot_floor,,closed by ind_prs10102024.pdf
1013,Nifty Media,DEN,2024-10-16,2025-03-28,,press_release,https://niftyindices.com/Press_Release/ind_prs10102024.pdf,closed by ind_prs21022025.pdf
1013,Nifty Media,DISHTV,2014-01-01,2025-09-30,,snapshot_floor,,closed by ind_prs22082025.pdf
1013,Nifty Media,ZEEL,2014-01-01,,,snapshot_floor,,
1013,Nifty Media,PVRINOX,2014-01-01,,,snapshot_floor,,
1013,Nifty Media,SUNTV,2014-01-01,,,snapshot_floor,,
1013,Nifty Media,TIPSMUSIC,2014-01-01,,,snapshot_floor,,
1013,Nifty Media,SITICABLE,2015-09-28,2015-09-30,,press_release,https://niftyindices.com/Press_Release/ind_prs12082015.pdf,"inferred-exclude: not in NSE current snapshot, no PR found (closed at next semi-annual review)"
1013,Nifty Media,IDFC,2018-06-29,2018-09-30,,press_release,https://niftyindices.com/Press_Release/ind_prs20062018.pdf,"inferred-exclude: not in NSE current snapshot, no PR found (closed at next semi-annual review)"
1013,Nifty Media,NETWORK18,2021-03-31,,,press_release,https://niftyindices.com/Press_Release/ind_prs23022021.pdf,
1013,Nifty Media,HATHWAY,2021-09-30,,,press_release,https://niftyindices.com/Press_Release/ind_prs23082021.pdf,
1013,Nifty Media,NAZARA,2021-09-30,,,press_release,https://niftyindices.com/Press_Release/ind_prs23082021.pdf,
1013,Nifty Media,SAREGAMA,2023-09-29,,,press_release,https://niftyindices.com/Press_Release/ind_prs17082023.pdf,
1013,Nifty Media,TIPSINDLTD,2024-03-28,2024-03-31,,press_release,https://niftyindices.com/Press_Release/ind_prs28022024.pdf,"inferred-exclude: not in NSE current snapshot, no PR found (closed at next semi-annual review)"
1013,Nifty Media,DBCORP,2025-03-28,,,press_release,https://niftyindices.com/Press_Release/ind_prs21022025.pdf,
1013,Nifty Media,PFOCUS,2025-09-30,,,press_release,https://niftyindices.com/Press_Release/ind_prs22082025.pdf,
1014,Nifty Consumer Durables,ORIENTELEC,2021-04-05,2024-03-28,,snapshot_floor,,closed by ind_prs28022024.pdf
1014,Nifty Consumer Durables,RELAXO,2021-04-05,2024-03-28,,snapshot_floor,,closed by ind_prs28022024.pdf
1014,Nifty Consumer Durables,TTKPRESTIG,2021-04-05,2024-03-28,,snapshot_floor,,closed by ind_prs28022024.pdf
1014,Nifty Consumer Durables,RAJESHEXPO,2021-04-05,2025-03-28,,snapshot_floor,,closed by ind_prs21022025.pdf
1014,Nifty Consumer Durables,CENTURYPLY,2024-03-28,2026-03-30,,press_release,https://niftyindices.com/Press_Release/ind_prs28022024.pdf,closed by ind_prs23022026.pdf
1014,Nifty Consumer Durables,CERA,2024-03-28,2026-03-30,,press_release,https://niftyindices.com/Press_Release/ind_prs28022024.pdf,closed by ind_prs23022026.pdf
1014,Nifty Consumer Durables,VGUARD,2021-04-05,2026-03-30,,snapshot_floor,,closed by ind_prs23022026.pdf
1014,Nifty Consumer Durables,VOLTAS,2021-04-05,,,snapshot_floor,,
1014,Nifty Consumer Durables,TITAN,2021-04-05,,,snapshot_floor,,
1014,Nifty Consumer Durables,BLUESTARCO,2021-04-05,,,snapshot_floor,,
1014,Nifty Consumer Durables,HAVELLS,2021-04-05,,,snapshot_floor,,
1014,Nifty Consumer Durables,CROMPTON,2021-04-05,,,snapshot_floor,,
1014,Nifty Consumer Durables,WHIRLPOOL,2021-04-05,,,snapshot_floor,,
1014,Nifty Consumer Durables,AMBER,2021-04-05,,,snapshot_floor,,
1014,Nifty Consumer Durables,BATAINDIA,2021-04-05,,,snapshot_floor,,
1014,Nifty Consumer Durables,KAJARIACER,2021-04-05,,,snapshot_floor,,
1014,Nifty Consumer Durables,DIXON,2021-04-05,,,snapshot_floor,,
1014,Nifty Consumer Durables,KALYANKJIL,2024-03-28,,,press_release,https://niftyindices.com/Press_Release/ind_prs28022024.pdf,
1014,Nifty Consumer Durables,VIPIND,2024-03-28,2024-03-31,,press_release,https://niftyindices.com/Press_Release/ind_prs28022024.pdf,"inferred-exclude: not in NSE current snapshot, no PR found (closed at next semi-annual review)"
1014,Nifty Consumer Durables,PGEL,2025-03-28,,,press_release,https://niftyindices.com/Press_Release/ind_prs21022025.pdf,
1014,Nifty Consumer Durables,LGEINDIA,2026-03-30,,,press_release,https://niftyindices.com/Press_Release/ind_prs23022026.pdf,
1015,Nifty Oil & Gas,GULFOILLUB,2021-07-12,2021-09-30,,snapshot_floor,,closed by ind_prs23082021.pdf
1015,Nifty Oil & Gas,MRPL,2021-09-30,2022-03-31,,press_release,https://niftyindices.com/Press_Release/ind_prs23082021.pdf,closed by ind_prs24022022_1.pdf
1015,Nifty Oil & Gas,GUJGASLTD,2021-07-12,2026-03-30,,snapshot_floor,,closed by ind_prs23022026.pdf
1015,Nifty Oil & Gas,GSPL,2021-07-12,2026-05-12,,snapshot_floor,,closed by ind_prs04052026.pdf
1015,Nifty Oil & Gas,RELIANCE,2021-07-12,,,snapshot_floor,,
1015,Nifty Oil & Gas,CASTROLIND,2021-07-12,,,snapshot_floor,,
1015,Nifty Oil & Gas,HINDPETRO,2021-07-12,,,snapshot_floor,,
1015,Nifty Oil & Gas,ONGC,2021-07-12,,,snapshot_floor,,
1015,Nifty Oil & Gas,ATGL,2021-07-12,,,snapshot_floor,,
1015,Nifty Oil & Gas,BPCL,2021-07-12,,,snapshot_floor,,
1015,Nifty Oil & Gas,IOC,2021-07-12,,,snapshot_floor,,
1015,Nifty Oil & Gas,PETRONET,2021-07-12,,,snapshot_floor,,
1015,Nifty Oil & Gas,AEGISLOG,2021-07-12,,,snapshot_floor,,
1015,Nifty Oil & Gas,OIL,2021-07-12,,,snapshot_floor,,
1015,Nifty Oil & Gas,MGL,2021-07-12,,,snapshot_floor,,
1015,Nifty Oil & Gas,IGL,2021-07-12,,,snapshot_floor,,
1015,Nifty Oil & Gas,GAIL,2021-07-12,,,snapshot_floor,,
1015,Nifty Oil & Gas,AEGISCHEM,2022-03-31,2022-09-30,,press_release,https://niftyindices.com/Press_Release/ind_prs24022022_1.pdf,"inferred-exclude: not in NSE current snapshot, no PR found (closed at next semi-annual review)"
1015,Nifty Oil & Gas,CHENNPETRO,2026-03-30,,,press_release,https://niftyindices.com/Press_Release/ind_prs23022026.pdf,
1015,Nifty Oil & Gas,GSPL,2026-03-31,,,snapshot,,"inferred-include: in NSE current snapshot, no PR found (opened at most-recent semi-annual review)"
2001,Nifty Alpha 50,DEN,2014-01-01,2014-01-13,,snapshot_floor,,closed by ind_prs03012014.pdf
2001,Nifty Alpha 50,ESSAROIL,2014-01-01,2014-01-13,,snapshot_floor,,closed by ind_prs03012014.pdf
2001,Nifty Alpha 50,GLENMARK,2014-01-01,2014-01-13,,snapshot_floor,,closed by ind_prs03012014.pdf
2001,Nifty Alpha 50,GRUH,2014-01-01,2014-01-13,,snapshot_floor,,closed by ind_prs03012014.pdf
2001,Nifty Alpha 50,HATHWAY,2014-01-01,2014-01-13,,snapshot_floor,,closed by ind_prs03012014.pdf
2001,Nifty Alpha 50,LTF,2014-01-01,2014-01-13,,snapshot_floor,,closed by ind_prs03012014.pdf
2001,Nifty Alpha 50,SHREECEM,2014-01-01,2014-01-13,,snapshot_floor,,closed by ind_prs03012014.pdf
2001,Nifty Alpha 50,STAR,2014-01-01,2014-01-13,,snapshot_floor,,closed by ind_prs03012014.pdf
2001,Nifty Alpha 50,TATACOFFEE,2014-01-01,2014-01-13,,snapshot_floor,,closed by ind_prs03012014.pdf
2001,Nifty Alpha 50,ABIRLANUVO,2014-01-01,2014-04-15,,snapshot_floor,,closed by ind_prs03042014.pdf
2001,Nifty Alpha 50,APOLLOHOSP,2014-01-01,2014-04-15,,snapshot_floor,,closed by ind_prs03042014.pdf
2001,Nifty Alpha 50,ASIANPAINT,2014-01-01,2014-04-15,,snapshot_floor,,closed by ind_prs03042014.pdf
2001,Nifty Alpha 50,EMAMILTD,2014-01-01,2014-04-15,,snapshot_floor,,closed by ind_prs03042014.pdf
2001,Nifty Alpha 50,GODREJCP,2014-01-01,2014-04-15,,snapshot_floor,,closed by ind_prs03042014.pdf
2001,Nifty Alpha 50,GSKCONS,2014-01-01,2014-04-15,,snapshot_floor,,closed by ind_prs03042014.pdf
2001,Nifty Alpha 50,INDUSINDBK,2014-01-01,2014-04-15,,snapshot_floor,,closed by ind_prs03042014.pdf
2001,Nifty Alpha 50,INGVYSYABK,2014-01-01,2014-04-15,,snapshot_floor,,closed by ind_prs03042014.pdf
2001,Nifty Alpha 50,ITC,2014-01-01,2014-04-15,,snapshot_floor,,closed by ind_prs03042014.pdf
2001,Nifty Alpha 50,PEL,2014-01-01,2014-04-15,,snapshot_floor,,closed by ind_prs03042014.pdf
2001,Nifty Alpha 50,PIDILITIND,2014-01-01,2014-04-15,,snapshot_floor,,closed by ind_prs03042014.pdf
2001,Nifty Alpha 50,SHRIRAMCIT,2014-01-01,2014-04-15,,snapshot_floor,,closed by ind_prs03042014.pdf
2001,Nifty Alpha 50,BAJFINANCE,2014-01-01,2014-07-14,,snapshot_floor,,closed by ind_prs07072014.pdf
2001,Nifty Alpha 50,DABUR,2014-01-01,2014-07-14,,snapshot_floor,,closed by ind_prs07072014.pdf
2001,Nifty Alpha 50,DRREDDY,2014-01-01,2014-07-14,,snapshot_floor,,closed by ind_prs07072014.pdf
2001,Nifty Alpha 50,IDEA,2014-01-01,2014-07-14,,snapshot_floor,,closed by ind_prs07072014.pdf
2001,Nifty Alpha 50,LUPIN,2014-01-01,2014-07-14,,snapshot_floor,,closed by ind_prs07072014.pdf
2001,Nifty Alpha 50,RCOM,2014-01-01,2014-07-14,,snapshot_floor,,closed by ind_prs07072014.pdf
2001,Nifty Alpha 50,SUNPHARMA,2014-01-01,2014-07-14,,snapshot_floor,,closed by ind_prs07072014.pdf
2001,Nifty Alpha 50,MCDOWELL-N,2014-01-01,2014-07-14,,snapshot_floor,,closed by ind_prs07072014.pdf
2001,Nifty Alpha 50,ZEEL,2014-01-01,2014-07-14,,snapshot_floor,,closed by ind_prs07072014.pdf
2001,Nifty Alpha 50,BIOCON,2014-01-13,2014-10-14,,press_release,https://niftyindices.com/Press_Release/ind_prs03012014.pdf,closed by ind_prs08102014.pdf
2001,Nifty Alpha 50,DELTACORP,2014-01-13,2014-10-14,,press_release,https://niftyindices.com/Press_Release/ind_prs03012014.pdf,closed by ind_prs08102014.pdf
2001,Nifty Alpha 50,ESSDEE,2014-01-13,2014-10-14,,press_release,https://niftyindices.com/Press_Release/ind_prs03012014.pdf,closed by ind_prs08102014.pdf
2001,Nifty Alpha 50,GVKPIL,2014-07-14,2014-10-14,,press_release,https://niftyindices.com/Press_Release/ind_prs07072014.pdf,closed by ind_prs08102014.pdf
2001,Nifty Alpha 50,HEXAWARE,2014-04-15,2014-10-14,,press_release,https://niftyindices.com/Press_Release/ind_prs03042014.pdf,closed by ind_prs08102014.pdf
2001,Nifty Alpha 50,IPCALAB,2014-01-01,2014-10-14,,snapshot_floor,,closed by ind_prs08102014.pdf
2001,Nifty Alpha 50,KPIT,2014-01-01,2014-10-14,,snapshot_floor,,closed by ind_prs08102014.pdf
2001,Nifty Alpha 50,ABAN,2014-04-15,2015-01-12,,press_release,https://niftyindices.com/Press_Release/ind_prs03042014.pdf,closed by ind_prs06012015.pdf
2001,Nifty Alpha 50,CESC,2014-04-15,2015-01-12,,press_release,https://niftyindices.com/Press_Release/ind_prs03042014.pdf,closed by ind_prs06012015.pdf
2001,Nifty Alpha 50,CYIENT,2014-01-01,2015-01-12,,snapshot_floor,,closed by ind_prs06012015.pdf
2001,Nifty Alpha 50,ECLERX,2014-04-15,2015-01-12,,press_release,https://niftyindices.com/Press_Release/ind_prs03042014.pdf,closed by ind_prs06012015.pdf
2001,Nifty Alpha 50,HCLTECH,2014-01-01,2015-01-12,,snapshot_floor,,closed by ind_prs06012015.pdf
2001,Nifty Alpha 50,JUSTDIAL,2014-07-14,2015-01-12,,press_release,https://niftyindices.com/Press_Release/ind_prs07072014.pdf,closed by ind_prs06012015.pdf
2001,Nifty Alpha 50,NATCOPHARM,2014-01-13,2015-01-12,,press_release,https://niftyindices.com/Press_Release/ind_prs03012014.pdf,closed by ind_prs06012015.pdf
2001,Nifty Alpha 50,SUZLON,2014-07-14,2015-01-12,,press_release,https://niftyindices.com/Press_Release/ind_prs07072014.pdf,closed by ind_prs06012015.pdf
2001,Nifty Alpha 50,TATACOMM,2014-07-14,2015-01-12,,press_release,https://niftyindices.com/Press_Release/ind_prs07072014.pdf,closed by ind_prs06012015.pdf
2001,Nifty Alpha 50,BALKRISIND,2014-04-15,2015-03-24,,press_release,https://niftyindices.com/Press_Release/ind_prs03042014.pdf,closed by ind_prs18032015_2.pdf
2001,Nifty Alpha 50,AMTEKAUTO,2014-04-15,2015-04-20,,press_release,https://niftyindices.com/Press_Release/ind_prs03042014.pdf,closed by ind_prs10042015.pdf
2001,Nifty Alpha 50,APOLLOTYRE,2014-04-15,2015-04-20,,press_release,https://niftyindices.com/Press_Release/ind_prs03042014.pdf,closed by ind_prs10042015.pdf
2001,Nifty Alpha 50,ATUL,2014-10-14,2015-04-20,,press_release,https://niftyindices.com/Press_Release/ind_prs08102014.pdf,closed by ind_prs10042015.pdf
2001,Nifty Alpha 50,NAUKRI,2014-07-14,2015-04-20,,press_release,https://niftyindices.com/Press_Release/ind_prs07072014.pdf,closed by ind_prs10042015.pdf
2001,Nifty Alpha 50,PERSISTENT,2014-01-13,2015-04-20,,press_release,https://niftyindices.com/Press_Release/ind_prs03012014.pdf,closed by ind_prs10042015.pdf
2001,Nifty Alpha 50,TECHM,2014-01-01,2015-04-20,,snapshot_floor,,closed by ind_prs10042015.pdf
2001,Nifty Alpha 50,VOLTAS,2014-04-15,2015-04-20,,press_release,https://niftyindices.com/Press_Release/ind_prs03042014.pdf,closed by ind_prs10042015.pdf
2001,Nifty Alpha 50,CEATLTD,2015-01-12,2015-07-13,,press_release,https://niftyindices.com/Press_Release/ind_prs06012015.pdf,closed by ind_prs02072015.pdf
2001,Nifty Alpha 50,COX&KINGS,2014-10-14,2015-07-13,,press_release,https://niftyindices.com/Press_Release/ind_prs08102014.pdf,closed by ind_prs02072015.pdf
2001,Nifty Alpha 50,FINCABLES,2014-10-14,2015-07-13,,press_release,https://niftyindices.com/Press_Release/ind_prs08102014.pdf,closed by ind_prs02072015.pdf
2001,Nifty Alpha 50,HFCL,2014-10-14,2015-07-13,,press_release,https://niftyindices.com/Press_Release/ind_prs08102014.pdf,closed by ind_prs02072015.pdf
2001,Nifty Alpha 50,IRB,2014-01-01,2015-07-13,,snapshot_floor,,closed by ind_prs02072015.pdf
2001,Nifty Alpha 50,KSCL,2014-01-01,2015-07-13,,snapshot_floor,,closed by ind_prs02072015.pdf
2001,Nifty Alpha 50,MANAPPURAM,2015-03-24,2015-07-13,,press_release,https://niftyindices.com/Press_Release/ind_prs18032015_2.pdf,closed by ind_prs02072015.pdf
2001,Nifty Alpha 50,MONSANTO,2015-01-12,2015-07-13,,press_release,https://niftyindices.com/Press_Release/ind_prs06012015.pdf,closed by ind_prs02072015.pdf
2001,Nifty Alpha 50,SINTEX,2014-10-14,2015-07-13,,press_release,https://niftyindices.com/Press_Release/ind_prs08102014.pdf,closed by ind_prs02072015.pdf
2001,Nifty Alpha 50,SUZLON,2015-04-20,2015-07-13,,press_release,https://niftyindices.com/Press_Release/ind_prs10042015.pdf,closed by ind_prs02072015.pdf
2001,Nifty Alpha 50,WABAG,2014-07-14,2015-07-13,,press_release,https://niftyindices.com/Press_Release/ind_prs07072014.pdf,closed by ind_prs02072015.pdf
2001,Nifty Alpha 50,AIAENG,2014-07-14,2015-10-19,,press_release,https://niftyindices.com/Press_Release/ind_prs07072014.pdf,closed by ind_prs08102015.pdf
2001,Nifty Alpha 50,CARERATING,2014-10-14,2015-10-19,,press_release,https://niftyindices.com/Press_Release/ind_prs08102014.pdf,closed by ind_prs08102015.pdf
2001,Nifty Alpha 50,GPPL,2014-04-15,2015-10-19,,press_release,https://niftyindices.com/Press_Release/ind_prs03042014.pdf,closed by ind_prs08102015.pdf
2001,Nifty Alpha 50,JKLAKSHMI,2014-10-14,2015-10-19,,press_release,https://niftyindices.com/Press_Release/ind_prs08102014.pdf,closed by ind_prs08102015.pdf
2001,Nifty Alpha 50,KITEX,2015-07-13,2015-10-19,,press_release,https://niftyindices.com/Press_Release/ind_prs02072015.pdf,closed by ind_prs08102015.pdf
2001,Nifty Alpha 50,MOTHERSON,2014-01-01,2015-10-19,,snapshot_floor,,closed by ind_prs08102015.pdf
2001,Nifty Alpha 50,SUVEN,2015-07-13,2015-10-19,,press_release,https://niftyindices.com/Press_Release/ind_prs02072015.pdf,closed by ind_prs08102015.pdf
2001,Nifty Alpha 50,THOMASCOOK,2015-07-13,2015-10-19,,press_release,https://niftyindices.com/Press_Release/ind_prs02072015.pdf,closed by ind_prs08102015.pdf
2001,Nifty Alpha 50,WHIRLPOOL,2015-01-12,2015-10-19,,press_release,https://niftyindices.com/Press_Release/ind_prs06012015.pdf,closed by ind_prs08102015.pdf
2001,Nifty Alpha 50,ALSTOMT&D,2015-04-20,2016-01-18,,press_release,https://niftyindices.com/Press_Release/ind_prs10042015.pdf,closed by ind_prs11012016.pdf
2001,Nifty Alpha 50,ARE&M,2014-01-01,2016-01-18,,snapshot_floor,,closed by ind_prs11012016.pdf
2001,Nifty Alpha 50,BAJAJCON,2015-07-13,2016-01-18,,press_release,https://niftyindices.com/Press_Release/ind_prs02072015.pdf,closed by ind_prs11012016.pdf
2001,Nifty Alpha 50,BHARATFORG,2014-04-15,2016-01-18,,press_release,https://niftyindices.com/Press_Release/ind_prs03042014.pdf,closed by ind_prs11012016.pdf
2001,Nifty Alpha 50,DCBBANK,2015-10-19,2016-01-18,,press_release,https://niftyindices.com/Press_Release/ind_prs08102015.pdf,closed by ind_prs11012016.pdf
2001,Nifty Alpha 50,GDL,2015-01-12,2016-01-18,,press_release,https://niftyindices.com/Press_Release/ind_prs06012015.pdf,closed by ind_prs11012016.pdf
2001,Nifty Alpha 50,GRUH,2015-01-12,2016-01-18,,press_release,https://niftyindices.com/Press_Release/ind_prs06012015.pdf,closed by ind_prs11012016.pdf
2001,Nifty Alpha 50,NCC,2014-07-14,2016-01-18,,press_release,https://niftyindices.com/Press_Release/ind_prs07072014.pdf,closed by ind_prs11012016.pdf
2001,Nifty Alpha 50,REPCOHOME,2015-10-19,2016-01-18,,press_release,https://niftyindices.com/Press_Release/ind_prs08102015.pdf,closed by ind_prs11012016.pdf
2001,Nifty Alpha 50,SADBHAV,2015-04-20,2016-01-18,,press_release,https://niftyindices.com/Press_Release/ind_prs10042015.pdf,closed by ind_prs11012016.pdf
2001,Nifty Alpha 50,INDUSTOWER,2014-01-01,2016-04-29,,snapshot_floor,,closed by ind_prs22042016.pdf
2001,Nifty Alpha 50,CCL,2015-10-19,2016-04-29,,press_release,https://niftyindices.com/Press_Release/ind_prs08102015.pdf,closed by ind_prs22042016.pdf
2001,Nifty Alpha 50,EMAMILTD,2015-04-20,2016-04-29,,press_release,https://niftyindices.com/Press_Release/ind_prs10042015.pdf,closed by ind_prs22042016.pdf
2001,Nifty Alpha 50,LUPIN,2015-07-13,2016-04-29,,press_release,https://niftyindices.com/Press_Release/ind_prs02072015.pdf,closed by ind_prs22042016.pdf
2001,Nifty Alpha 50,MARKSANS,2015-10-19,2016-04-29,,press_release,https://niftyindices.com/Press_Release/ind_prs08102015.pdf,closed by ind_prs22042016.pdf
2001,Nifty Alpha 50,PAGEIND,2014-01-01,2016-04-29,,snapshot_floor,,closed by ind_prs22042016.pdf
2001,Nifty Alpha 50,PIIND,2014-04-15,2016-04-29,,press_release,https://niftyindices.com/Press_Release/ind_prs03042014.pdf,closed by ind_prs22042016.pdf
2001,Nifty Alpha 50,SIEMENS,2015-10-19,2016-04-29,,press_release,https://niftyindices.com/Press_Release/ind_prs08102015.pdf,closed by ind_prs22042016.pdf
2001,Nifty Alpha 50,SPARC,2015-04-20,2016-04-29,,press_release,https://niftyindices.com/Press_Release/ind_prs10042015.pdf,closed by ind_prs22042016.pdf
2001,Nifty Alpha 50,SUZLON,2015-10-19,2016-04-29,,press_release,https://niftyindices.com/Press_Release/ind_prs08102015.pdf,closed by ind_prs22042016.pdf
2001,Nifty Alpha 50,SYMPHONY,2015-07-13,2016-04-29,,press_release,https://niftyindices.com/Press_Release/ind_prs02072015.pdf,closed by ind_prs22042016.pdf
2001,Nifty Alpha 50,WOCKPHARMA,2015-01-12,2016-04-29,,press_release,https://niftyindices.com/Press_Release/ind_prs06012015.pdf,closed by ind_prs22042016.pdf
2001,Nifty Alpha 50,ABFRL,2016-04-29,2016-07-25,,press_release,https://niftyindices.com/Press_Release/ind_prs22042016.pdf,closed by ind_prs18072016.pdf
2001,Nifty Alpha 50,AJANTPHARM,2014-01-13,2016-07-25,,press_release,https://niftyindices.com/Press_Release/ind_prs03012014.pdf,closed by ind_prs18072016.pdf
2001,Nifty Alpha 50,APLLTD,2014-01-13,2016-07-25,,press_release,https://niftyindices.com/Press_Release/ind_prs03012014.pdf,closed by ind_prs18072016.pdf
2001,Nifty Alpha 50,AUROPHARMA,2014-01-01,2016-07-25,,snapshot_floor,,closed by ind_prs18072016.pdf
2001,Nifty Alpha 50,BEML,2014-10-14,2016-07-25,,press_release,https://niftyindices.com/Press_Release/ind_prs08102014.pdf,closed by ind_prs18072016.pdf
2001,Nifty Alpha 50,BRITANNIA,2014-01-01,2016-07-25,,snapshot_floor,,closed by ind_prs18072016.pdf
2001,Nifty Alpha 50,EICHERMOT,2014-01-01,2016-07-25,,snapshot_floor,,closed by ind_prs18072016.pdf
2001,Nifty Alpha 50,FORTIS,2016-01-18,2016-07-25,,press_release,https://niftyindices.com/Press_Release/ind_prs11012016.pdf,closed by ind_prs18072016.pdf
2001,Nifty Alpha 50,GLENMARK,2015-07-13,2016-07-25,,press_release,https://niftyindices.com/Press_Release/ind_prs02072015.pdf,closed by ind_prs18072016.pdf
2001,Nifty Alpha 50,KEC,2016-01-18,2016-07-25,,press_release,https://niftyindices.com/Press_Release/ind_prs11012016.pdf,closed by ind_prs18072016.pdf
2001,Nifty Alpha 50,KRBL,2016-04-29,2016-07-25,,press_release,https://niftyindices.com/Press_Release/ind_prs22042016.pdf,closed by ind_prs18072016.pdf
2001,Nifty Alpha 50,LTM,2014-01-01,2016-07-25,,snapshot_floor,,closed by ind_prs18072016.pdf
2001,Nifty Alpha 50,MRF,2014-01-01,2016-07-25,,snapshot_floor,,closed by ind_prs18072016.pdf
2001,Nifty Alpha 50,PCJEWELLER,2015-04-20,2016-07-25,,press_release,https://niftyindices.com/Press_Release/ind_prs10042015.pdf,closed by ind_prs18072016.pdf
2001,Nifty Alpha 50,RDEL,2014-01-01,2016-07-25,,snapshot_floor,,closed by ind_prs18072016.pdf
2001,Nifty Alpha 50,RELIANCE,2016-04-29,2016-07-25,,press_release,https://niftyindices.com/Press_Release/ind_prs22042016.pdf,closed by ind_prs18072016.pdf
2001,Nifty Alpha 50,STAR,2015-01-12,2016-07-25,,press_release,https://niftyindices.com/Press_Release/ind_prs06012015.pdf,closed by ind_prs18072016.pdf
2001,Nifty Alpha 50,TORNTPHARM,2015-01-12,2016-07-25,,press_release,https://niftyindices.com/Press_Release/ind_prs06012015.pdf,closed by ind_prs18072016.pdf
2001,Nifty Alpha 50,UPL,2014-07-14,2016-07-25,,press_release,https://niftyindices.com/Press_Release/ind_prs07072014.pdf,closed by ind_prs18072016.pdf
2001,Nifty Alpha 50,VOLTAS,2016-01-18,2016-07-25,,press_release,https://niftyindices.com/Press_Release/ind_prs11012016.pdf,closed by ind_prs18072016.pdf
2001,Nifty Alpha 50,BALRAMCHIN,2016-07-25,2017-01-10,,press_release,https://niftyindices.com/Press_Release/ind_prs18072016.pdf,closed by ind_prs03012017.pdf
2001,Nifty Alpha 50,GODFRYPHLP,2016-04-29,2017-01-10,,press_release,https://niftyindices.com/Press_Release/ind_prs22042016.pdf,closed by ind_prs03012017.pdf
2001,Nifty Alpha 50,INDHOTEL,2016-07-25,2017-01-10,,press_release,https://niftyindices.com/Press_Release/ind_prs18072016.pdf,closed by ind_prs03012017.pdf
2001,Nifty Alpha 50,JETAIRWAYS,2016-07-25,2017-01-10,,press_release,https://niftyindices.com/Press_Release/ind_prs18072016.pdf,closed by ind_prs03012017.pdf
2001,Nifty Alpha 50,LAKSHVILAS,2014-01-01,2017-01-10,,snapshot_floor,,closed by ind_prs03012017.pdf
2001,Nifty Alpha 50,MPHASIS,2016-07-25,2017-01-10,,press_release,https://niftyindices.com/Press_Release/ind_prs18072016.pdf,closed by ind_prs03012017.pdf
2001,Nifty Alpha 50,NATCOPHARM,2015-04-20,2017-01-10,,press_release,https://niftyindices.com/Press_Release/ind_prs10042015.pdf,closed by ind_prs03012017.pdf
2001,Nifty Alpha 50,RELINFRA,2016-04-29,2017-01-10,,press_release,https://niftyindices.com/Press_Release/ind_prs22042016.pdf,closed by ind_prs03012017.pdf
2001,Nifty Alpha 50,SHRIRAMFIN,2016-07-25,2017-01-10,,press_release,https://niftyindices.com/Press_Release/ind_prs18072016.pdf,closed by ind_prs03012017.pdf
2001,Nifty Alpha 50,TV18BRDCST,2016-01-18,2017-01-10,,press_release,https://niftyindices.com/Press_Release/ind_prs11012016.pdf,closed by ind_prs03012017.pdf
2001,Nifty Alpha 50,BHARATFIN,2014-01-01,2017-05-26,,snapshot_floor,,closed by ind_prs09052017.pdf
2001,Nifty Alpha 50,CAPF,2014-01-01,2017-05-26,,snapshot_floor,,closed by ind_prs09052017.pdf
2001,Nifty Alpha 50,GHCL,2014-01-01,2017-05-26,,snapshot_floor,,closed by ind_prs09052017.pdf
2001,Nifty Alpha 50,GODREJCP,2016-04-29,2017-05-26,,press_release,https://niftyindices.com/Press_Release/ind_prs22042016.pdf,closed by ind_prs09052017.pdf
2001,Nifty Alpha 50,M&MFIN,2014-01-01,2017-05-26,,snapshot_floor,,closed by ind_prs09052017.pdf
2001,Nifty Alpha 50,MARICO,2015-07-13,2017-05-26,,press_release,https://niftyindices.com/Press_Release/ind_prs02072015.pdf,closed by ind_prs09052017.pdf
2001,Nifty Alpha 50,SRF,2014-07-14,2017-05-26,,press_release,https://niftyindices.com/Press_Release/ind_prs07072014.pdf,closed by ind_prs09052017.pdf
2001,Nifty Alpha 50,SUNDRMFAST,2017-01-10,2017-05-26,,press_release,https://niftyindices.com/Press_Release/ind_prs03012017.pdf,closed by ind_prs09052017.pdf
2001,Nifty Alpha 50,TMPV,2014-01-01,2017-05-26,,snapshot_floor,,closed by ind_prs09052017.pdf
2001,Nifty Alpha 50,TATASTEEL,2014-01-01,2017-05-26,,snapshot_floor,,closed by ind_prs09052017.pdf
2001,Nifty Alpha 50,BANKINDIA,2017-05-26,2017-09-29,,press_release,https://niftyindices.com/Press_Release/ind_prs09052017.pdf,closed by ind_prs13092017.pdf
2001,Nifty Alpha 50,BERGEPAINT,2014-01-01,2017-09-29,,snapshot_floor,,closed by ind_prs13092017.pdf
2001,Nifty Alpha 50,BIOCON,2016-07-25,2017-09-29,,press_release,https://niftyindices.com/Press_Release/ind_prs18072016.pdf,closed by ind_prs13092017.pdf
2001,Nifty Alpha 50,CHOLAFIN,2016-07-25,2017-09-29,,press_release,https://niftyindices.com/Press_Release/ind_prs18072016.pdf,closed by ind_prs13092017.pdf
2001,Nifty Alpha 50,COROMANDEL,2014-01-01,2017-09-29,,snapshot_floor,,closed by ind_prs13092017.pdf
2001,Nifty Alpha 50,HAVELLS,2014-01-01,2017-09-29,,snapshot_floor,,closed by ind_prs13092017.pdf
2001,Nifty Alpha 50,INDIACEM,2014-01-01,2017-09-29,,snapshot_floor,,closed by ind_prs13092017.pdf
2001,Nifty Alpha 50,INDIANB,2017-01-10,2017-09-29,,press_release,https://niftyindices.com/Press_Release/ind_prs03012017.pdf,closed by ind_prs13092017.pdf
2001,Nifty Alpha 50,MANAPPURAM,2016-07-25,2017-09-29,,press_release,https://niftyindices.com/Press_Release/ind_prs18072016.pdf,closed by ind_prs13092017.pdf
2001,Nifty Alpha 50,NATCOPHARM,2017-05-26,2017-09-29,,press_release,https://niftyindices.com/Press_Release/ind_prs09052017.pdf,closed by ind_prs13092017.pdf
2001,Nifty Alpha 50,NHPC,2014-01-01,2017-09-29,,snapshot_floor,,closed by ind_prs13092017.pdf
2001,Nifty Alpha 50,PVR,2016-07-25,2017-09-29,,press_release,https://niftyindices.com/Press_Release/ind_prs18072016.pdf,closed by ind_prs13092017.pdf
2001,Nifty Alpha 50,RAMCOCEM,2016-07-25,2017-09-29,,press_release,https://niftyindices.com/Press_Release/ind_prs18072016.pdf,closed by ind_prs13092017.pdf
2001,Nifty Alpha 50,FRETAIL,2017-09-29,2017-10-30,,press_release,https://niftyindices.com/Press_Release/ind_prs13092017.pdf,closed by ind_prs16102017.pdf
2001,Nifty Alpha 50,HINDALCO,2014-01-01,2017-12-29,,snapshot_floor,,closed by ind_prs18122017.pdf
2001,Nifty Alpha 50,HINDPETRO,2015-07-13,2017-12-29,,press_release,https://niftyindices.com/Press_Release/ind_prs02072015.pdf,closed by ind_prs18122017.pdf
2001,Nifty Alpha 50,HINDZINC,2014-01-01,2017-12-29,,snapshot_floor,,closed by ind_prs18122017.pdf
2001,Nifty Alpha 50,IOC,2017-01-10,2017-12-29,,press_release,https://niftyindices.com/Press_Release/ind_prs03012017.pdf,closed by ind_prs18122017.pdf
2001,Nifty Alpha 50,JUBILANT,2015-10-19,2017-12-29,,press_release,https://niftyindices.com/Press_Release/ind_prs08102015.pdf,closed by ind_prs18122017.pdf
2001,Nifty Alpha 50,LAKSHVILAS,2017-05-26,2017-12-29,,press_release,https://niftyindices.com/Press_Release/ind_prs09052017.pdf,closed by ind_prs18122017.pdf
2001,Nifty Alpha 50,MRPL,2017-05-26,2017-12-29,,press_release,https://niftyindices.com/Press_Release/ind_prs09052017.pdf,closed by ind_prs18122017.pdf
2001,Nifty Alpha 50,MUTHOOTFIN,2016-07-25,2017-12-29,,press_release,https://niftyindices.com/Press_Release/ind_prs18072016.pdf,closed by ind_prs18122017.pdf
2001,Nifty Alpha 50,NATIONALUM,2017-01-10,2017-12-29,,press_release,https://niftyindices.com/Press_Release/ind_prs03012017.pdf,closed by ind_prs18122017.pdf
2001,Nifty Alpha 50,RECLTD,2017-05-26,2017-12-29,,press_release,https://niftyindices.com/Press_Release/ind_prs09052017.pdf,closed by ind_prs18122017.pdf
2001,Nifty Alpha 50,TATACOMM,2017-01-10,2017-12-29,,press_release,https://niftyindices.com/Press_Release/ind_prs03012017.pdf,closed by ind_prs18122017.pdf
2001,Nifty Alpha 50,UPL,2017-01-10,2017-12-29,,press_release,https://niftyindices.com/Press_Release/ind_prs03012017.pdf,closed by ind_prs18122017.pdf
2001,Nifty Alpha 50,VEDL,2014-01-01,2017-12-29,,snapshot_floor,,closed by ind_prs18122017.pdf
2001,Nifty Alpha 50,YESBANK,2016-07-25,2017-12-29,,press_release,https://niftyindices.com/Press_Release/ind_prs18072016.pdf,closed by ind_prs18122017.pdf
2001,Nifty Alpha 50,ADANIENT,2017-12-29,2018-04-02,,press_release,https://niftyindices.com/Press_Release/ind_prs18122017.pdf,closed by ind_prs08032018.pdf
2001,Nifty Alpha 50,BEML,2017-12-29,2018-04-02,,press_release,https://niftyindices.com/Press_Release/ind_prs18122017.pdf,closed by ind_prs08032018.pdf
2001,Nifty Alpha 50,DALBHARAT,2014-01-01,2018-04-02,,snapshot_floor,,closed by ind_prs08032018.pdf
2001,Nifty Alpha 50,FEDERALBNK,2017-05-26,2018-04-02,,press_release,https://niftyindices.com/Press_Release/ind_prs09052017.pdf,closed by ind_prs08032018.pdf
2001,Nifty Alpha 50,GSFC,2017-09-29,2018-04-02,,press_release,https://niftyindices.com/Press_Release/ind_prs13092017.pdf,closed by ind_prs08032018.pdf
2001,Nifty Alpha 50,INFIBEAM,2017-05-26,2018-04-02,,press_release,https://niftyindices.com/Press_Release/ind_prs09052017.pdf,closed by ind_prs08032018.pdf
2001,Nifty Alpha 50,JPASSOCIAT,2017-09-29,2018-04-02,,press_release,https://niftyindices.com/Press_Release/ind_prs13092017.pdf,closed by ind_prs08032018.pdf
2001,Nifty Alpha 50,MOTILALOFS,2017-09-29,2018-04-02,,press_release,https://niftyindices.com/Press_Release/ind_prs13092017.pdf,closed by ind_prs08032018.pdf
2001,Nifty Alpha 50,RBLBANK,2017-09-29,2018-04-02,,press_release,https://niftyindices.com/Press_Release/ind_prs13092017.pdf,closed by ind_prs08032018.pdf
2001,Nifty Alpha 50,VAKRANGEE,2016-01-18,2018-04-02,,press_release,https://niftyindices.com/Press_Release/ind_prs11012016.pdf,closed by ind_prs08032018.pdf
2001,Nifty Alpha 50,ADANIENSOL,2017-09-29,2018-06-29,,press_release,https://niftyindices.com/Press_Release/ind_prs13092017.pdf,closed by ind_prs15062018.pdf
2001,Nifty Alpha 50,BBTC,2018-04-02,2018-06-29,,press_release,https://niftyindices.com/Press_Release/ind_prs08032018.pdf,closed by ind_prs15062018.pdf
2001,Nifty Alpha 50,CANFINHOME,2017-01-10,2018-06-29,,press_release,https://niftyindices.com/Press_Release/ind_prs03012017.pdf,closed by ind_prs15062018.pdf
2001,Nifty Alpha 50,CEATLTD,2017-09-29,2018-06-29,,press_release,https://niftyindices.com/Press_Release/ind_prs13092017.pdf,closed by ind_prs15062018.pdf
2001,Nifty Alpha 50,CENTURYTEX,2014-01-01,2018-06-29,,snapshot_floor,,closed by ind_prs15062018.pdf
2001,Nifty Alpha 50,CROMPTON,2017-12-29,2018-06-29,,press_release,https://niftyindices.com/Press_Release/ind_prs18122017.pdf,closed by ind_prs15062018.pdf
2001,Nifty Alpha 50,IBREALEST,2016-07-25,2018-06-29,,press_release,https://niftyindices.com/Press_Release/ind_prs18072016.pdf,closed by ind_prs15062018.pdf
2001,Nifty Alpha 50,JMFINANCIL,2017-05-26,2018-06-29,,press_release,https://niftyindices.com/Press_Release/ind_prs09052017.pdf,closed by ind_prs15062018.pdf
2001,Nifty Alpha 50,PCJEWELLER,2017-12-29,2018-06-29,,press_release,https://niftyindices.com/Press_Release/ind_prs18122017.pdf,closed by ind_prs15062018.pdf
2001,Nifty Alpha 50,PETRONET,2016-04-29,2018-06-29,,press_release,https://niftyindices.com/Press_Release/ind_prs22042016.pdf,closed by ind_prs15062018.pdf
2001,Nifty Alpha 50,PEL,2016-07-25,2018-06-29,,press_release,https://niftyindices.com/Press_Release/ind_prs18072016.pdf,closed by ind_prs15062018.pdf
2001,Nifty Alpha 50,RAJESHEXPO,2017-10-30,2018-06-29,,press_release,https://niftyindices.com/Press_Release/ind_prs16102017.pdf,closed by ind_prs15062018.pdf
2001,Nifty Alpha 50,TVSMOTOR,2014-01-13,2018-06-29,,press_release,https://niftyindices.com/Press_Release/ind_prs03012014.pdf,closed by ind_prs15062018.pdf
2001,Nifty Alpha 50,VOLTAS,2017-12-29,2018-06-29,,press_release,https://niftyindices.com/Press_Release/ind_prs18122017.pdf,closed by ind_prs15062018.pdf
2001,Nifty Alpha 50,AVANTIFEED,2017-12-29,2018-09-28,,press_release,https://niftyindices.com/Press_Release/ind_prs18122017.pdf,closed by ind_prs10092018.pdf
2001,Nifty Alpha 50,DELTACORP,2017-12-29,2018-09-28,,press_release,https://niftyindices.com/Press_Release/ind_prs18122017.pdf,closed by ind_prs10092018.pdf
2001,Nifty Alpha 50,EDELWEISS,2014-01-01,2018-09-28,,snapshot_floor,,closed by ind_prs10092018.pdf
2001,Nifty Alpha 50,FCONSUMER,2017-09-29,2018-09-28,,press_release,https://niftyindices.com/Press_Release/ind_prs13092017.pdf,closed by ind_prs10092018.pdf
2001,Nifty Alpha 50,KPIT,2018-06-29,2018-09-28,,press_release,https://niftyindices.com/Press_Release/ind_prs15062018.pdf,closed by ind_prs10092018.pdf
2001,Nifty Alpha 50,LTF,2017-09-29,2018-09-28,,press_release,https://niftyindices.com/Press_Release/ind_prs13092017.pdf,closed by ind_prs10092018.pdf
2001,Nifty Alpha 50,QUESS,2018-04-02,2018-09-28,,press_release,https://niftyindices.com/Press_Release/ind_prs08032018.pdf,closed by ind_prs10092018.pdf
2001,Nifty Alpha 50,RAYMOND,2017-09-29,2018-09-28,,press_release,https://niftyindices.com/Press_Release/ind_prs13092017.pdf,closed by ind_prs10092018.pdf
2001,Nifty Alpha 50,SUNTV,2017-05-26,2018-09-28,,press_release,https://niftyindices.com/Press_Release/ind_prs09052017.pdf,closed by ind_prs10092018.pdf
2001,Nifty Alpha 50,TATAGLOBAL,2017-12-29,2018-09-28,,press_release,https://niftyindices.com/Press_Release/ind_prs18122017.pdf,closed by ind_prs10092018.pdf
2001,Nifty Alpha 50,VGUARD,2017-01-10,2018-09-28,,press_release,https://niftyindices.com/Press_Release/ind_prs03012017.pdf,closed by ind_prs10092018.pdf
2001,Nifty Alpha 50,ASHOKLEY,2018-06-29,2018-12-28,,press_release,https://niftyindices.com/Press_Release/ind_prs15062018.pdf,closed by ind_prs14122018.pdf
2001,Nifty Alpha 50,BALKRISIND,2017-01-10,2018-12-28,,press_release,https://niftyindices.com/Press_Release/ind_prs03012017.pdf,closed by ind_prs14122018.pdf
2001,Nifty Alpha 50,BBTC,2018-09-28,2018-12-28,,press_release,https://niftyindices.com/Press_Release/ind_prs10092018.pdf,closed by ind_prs14122018.pdf
2001,Nifty Alpha 50,CYIENT,2018-06-29,2018-12-28,,press_release,https://niftyindices.com/Press_Release/ind_prs15062018.pdf,closed by ind_prs14122018.pdf
2001,Nifty Alpha 50,DHFL,2017-05-26,2018-12-28,,press_release,https://niftyindices.com/Press_Release/ind_prs09052017.pdf,closed by ind_prs14122018.pdf
2001,Nifty Alpha 50,DBL,2018-04-02,2018-12-28,,press_release,https://niftyindices.com/Press_Release/ind_prs08032018.pdf,closed by ind_prs14122018.pdf
2001,Nifty Alpha 50,ESCORTS,2014-01-13,2018-12-28,,press_release,https://niftyindices.com/Press_Release/ind_prs03012014.pdf,closed by ind_prs14122018.pdf
2001,Nifty Alpha 50,GNFC,2017-01-10,2018-12-28,,press_release,https://niftyindices.com/Press_Release/ind_prs03012017.pdf,closed by ind_prs14122018.pdf
2001,Nifty Alpha 50,HEXAWARE,2018-04-02,2018-12-28,,press_release,https://niftyindices.com/Press_Release/ind_prs08032018.pdf,closed by ind_prs14122018.pdf
2001,Nifty Alpha 50,INFIBEAM,2018-06-29,2018-12-28,,press_release,https://niftyindices.com/Press_Release/ind_prs15062018.pdf,closed by ind_prs14122018.pdf
2001,Nifty Alpha 50,JINDALSTEL,2017-12-29,2018-12-28,,press_release,https://niftyindices.com/Press_Release/ind_prs18122017.pdf,closed by ind_prs14122018.pdf
2001,Nifty Alpha 50,RAIN,2017-12-29,2018-12-28,,press_release,https://niftyindices.com/Press_Release/ind_prs18122017.pdf,closed by ind_prs14122018.pdf
2001,Nifty Alpha 50,MCDOWELL-N,2017-12-29,2018-12-28,,press_release,https://niftyindices.com/Press_Release/ind_prs18122017.pdf,closed by ind_prs14122018.pdf
2001,Nifty Alpha 50,ADANIENSOL,2018-09-28,2019-03-29,,press_release,https://niftyindices.com/Press_Release/ind_prs10092018.pdf,closed by ind_prs13032019.pdf
2001,Nifty Alpha 50,BIOCON,2018-04-02,2019-03-29,,press_release,https://niftyindices.com/Press_Release/ind_prs08032018.pdf,closed by ind_prs13032019.pdf
2001,Nifty Alpha 50,GODREJCP,2018-09-28,2019-03-29,,press_release,https://niftyindices.com/Press_Release/ind_prs10092018.pdf,closed by ind_prs13032019.pdf
2001,Nifty Alpha 50,GRAPHITE,2018-04-02,2019-03-29,,press_release,https://niftyindices.com/Press_Release/ind_prs08032018.pdf,closed by ind_prs13032019.pdf
2001,Nifty Alpha 50,GRUH,2018-06-29,2019-03-29,,press_release,https://niftyindices.com/Press_Release/ind_prs15062018.pdf,closed by ind_prs13032019.pdf
2001,Nifty Alpha 50,HEG,2018-04-02,2019-03-29,,press_release,https://niftyindices.com/Press_Release/ind_prs08032018.pdf,closed by ind_prs13032019.pdf
2001,Nifty Alpha 50,HDFC,2018-12-28,2019-03-29,,press_release,https://niftyindices.com/Press_Release/ind_prs14122018.pdf,closed by ind_prs13032019.pdf
2001,Nifty Alpha 50,JSWSTEEL,2016-04-29,2019-03-29,,press_release,https://niftyindices.com/Press_Release/ind_prs22042016.pdf,closed by ind_prs13032019.pdf
2001,Nifty Alpha 50,JUBILANT,2018-12-28,2019-03-29,,press_release,https://niftyindices.com/Press_Release/ind_prs14122018.pdf,closed by ind_prs13032019.pdf
2001,Nifty Alpha 50,PAGEIND,2018-06-29,2019-03-29,,press_release,https://niftyindices.com/Press_Release/ind_prs15062018.pdf,closed by ind_prs13032019.pdf
2001,Nifty Alpha 50,SONATSOFTW,2018-12-28,2019-03-29,,press_release,https://niftyindices.com/Press_Release/ind_prs14122018.pdf,closed by ind_prs13032019.pdf
2001,Nifty Alpha 50,STRTECH,2017-09-29,2019-03-29,,press_release,https://niftyindices.com/Press_Release/ind_prs13092017.pdf,closed by ind_prs13032019.pdf
2001,Nifty Alpha 50,TATAELXSI,2018-06-29,2019-03-29,,press_release,https://niftyindices.com/Press_Release/ind_prs15062018.pdf,closed by ind_prs13032019.pdf
2001,Nifty Alpha 50,ASIANPAINT,2019-03-29,2019-06-28,,press_release,https://niftyindices.com/Press_Release/ind_prs13032019.pdf,closed by ind_prs13062019.pdf
2001,Nifty Alpha 50,DMART,2018-06-29,2019-06-28,,press_release,https://niftyindices.com/Press_Release/ind_prs15062018.pdf,closed by ind_prs13062019.pdf
2001,Nifty Alpha 50,BERGEPAINT,2018-12-28,2019-06-28,,press_release,https://niftyindices.com/Press_Release/ind_prs14122018.pdf,closed by ind_prs13062019.pdf
2001,Nifty Alpha 50,BRITANNIA,2018-04-02,2019-06-28,,press_release,https://niftyindices.com/Press_Release/ind_prs08032018.pdf,closed by ind_prs13062019.pdf
2001,Nifty Alpha 50,COLPAL,2018-12-28,2019-06-28,,press_release,https://niftyindices.com/Press_Release/ind_prs14122018.pdf,closed by ind_prs13062019.pdf
2001,Nifty Alpha 50,DABUR,2018-09-28,2019-06-28,,press_release,https://niftyindices.com/Press_Release/ind_prs10092018.pdf,closed by ind_prs13062019.pdf
2001,Nifty Alpha 50,EXIDEIND,2018-12-28,2019-06-28,,press_release,https://niftyindices.com/Press_Release/ind_prs14122018.pdf,closed by ind_prs13062019.pdf
2001,Nifty Alpha 50,DHANI,2017-09-29,2019-06-28,,press_release,https://niftyindices.com/Press_Release/ind_prs13092017.pdf,closed by ind_prs13062019.pdf
2001,Nifty Alpha 50,JUBLFOOD,2017-12-29,2019-06-28,,press_release,https://niftyindices.com/Press_Release/ind_prs18122017.pdf,closed by ind_prs13062019.pdf
2001,Nifty Alpha 50,MPHASIS,2018-06-29,2019-06-28,,press_release,https://niftyindices.com/Press_Release/ind_prs15062018.pdf,closed by ind_prs13062019.pdf
2001,Nifty Alpha 50,PFIZER,2018-09-28,2019-06-28,,press_release,https://niftyindices.com/Press_Release/ind_prs10092018.pdf,closed by ind_prs13062019.pdf
2001,Nifty Alpha 50,RADICO,2018-06-29,2019-06-28,,press_release,https://niftyindices.com/Press_Release/ind_prs15062018.pdf,closed by ind_prs13062019.pdf
2001,Nifty Alpha 50,TECHM,2018-06-29,2019-06-28,,press_release,https://niftyindices.com/Press_Release/ind_prs15062018.pdf,closed by ind_prs13062019.pdf
2001,Nifty Alpha 50,VIPIND,2018-09-28,2019-06-28,,press_release,https://niftyindices.com/Press_Release/ind_prs10092018.pdf,closed by ind_prs13062019.pdf
2001,Nifty Alpha 50,ABFRL,2019-03-29,2019-09-27,,press_release,https://niftyindices.com/Press_Release/ind_prs13032019.pdf,closed by ind_prs17092019.pdf
2001,Nifty Alpha 50,ASTRAL,2019-03-29,2019-09-27,,press_release,https://niftyindices.com/Press_Release/ind_prs13032019.pdf,closed by ind_prs17092019.pdf
2001,Nifty Alpha 50,AUROPHARMA,2019-03-29,2019-09-27,,press_release,https://niftyindices.com/Press_Release/ind_prs13032019.pdf,closed by ind_prs17092019.pdf
2001,Nifty Alpha 50,HAVELLS,2018-12-28,2019-09-27,,press_release,https://niftyindices.com/Press_Release/ind_prs14122018.pdf,closed by ind_prs17092019.pdf
2001,Nifty Alpha 50,LTTS,2018-12-28,2019-09-27,,press_release,https://niftyindices.com/Press_Release/ind_prs14122018.pdf,closed by ind_prs17092019.pdf
2001,Nifty Alpha 50,RBLBANK,2019-03-29,2019-09-27,,press_release,https://niftyindices.com/Press_Release/ind_prs13032019.pdf,closed by ind_prs17092019.pdf
2001,Nifty Alpha 50,SBIN,2019-06-28,2019-09-27,,press_release,https://niftyindices.com/Press_Release/ind_prs13062019.pdf,closed by ind_prs17092019.pdf
2001,Nifty Alpha 50,TORNTPHARM,2018-09-28,2019-09-27,,press_release,https://niftyindices.com/Press_Release/ind_prs10092018.pdf,closed by ind_prs17092019.pdf
2001,Nifty Alpha 50,ULTRACEMCO,2019-06-28,2019-09-27,,press_release,https://niftyindices.com/Press_Release/ind_prs13062019.pdf,closed by ind_prs17092019.pdf
2001,Nifty Alpha 50,VAKRANGEE,2019-06-28,2019-09-27,,press_release,https://niftyindices.com/Press_Release/ind_prs13062019.pdf,closed by ind_prs17092019.pdf
2001,Nifty Alpha 50,ADANIPOWER,2019-03-29,2019-12-27,,press_release,https://niftyindices.com/Press_Release/ind_prs13032019.pdf,closed by ind_prs16122019.pdf
2001,Nifty Alpha 50,DRREDDY,2018-12-28,2019-12-27,,press_release,https://niftyindices.com/Press_Release/ind_prs14122018.pdf,closed by ind_prs16122019.pdf
2001,Nifty Alpha 50,FEDERALBNK,2019-06-28,2019-12-27,,press_release,https://niftyindices.com/Press_Release/ind_prs13062019.pdf,closed by ind_prs16122019.pdf
2001,Nifty Alpha 50,INFY,2018-09-28,2019-12-27,,press_release,https://niftyindices.com/Press_Release/ind_prs10092018.pdf,closed by ind_prs16122019.pdf
2001,Nifty Alpha 50,SOBHA,2019-09-27,2019-12-27,,press_release,https://niftyindices.com/Press_Release/ind_prs17092019.pdf,closed by ind_prs16122019.pdf
2001,Nifty Alpha 50,TCS,2014-01-01,2019-12-27,,snapshot_floor,,closed by ind_prs16122019.pdf
2001,Nifty Alpha 50,UBL,2014-01-01,2019-12-27,,snapshot_floor,,closed by ind_prs16122019.pdf
2001,Nifty Alpha 50,WIPRO,2019-03-29,2019-12-27,,press_release,https://niftyindices.com/Press_Release/ind_prs13032019.pdf,closed by ind_prs16122019.pdf
2001,Nifty Alpha 50,AAVAS,2019-12-27,2020-06-26,,press_release,https://niftyindices.com/Press_Release/ind_prs16122019.pdf,closed by ind_prs10062020.pdf
2001,Nifty Alpha 50,ATGL,2019-12-27,2020-06-26,,press_release,https://niftyindices.com/Press_Release/ind_prs16122019.pdf,closed by ind_prs10062020.pdf
2001,Nifty Alpha 50,AXISBANK,2019-03-29,2020-06-26,,press_release,https://niftyindices.com/Press_Release/ind_prs13032019.pdf,closed by ind_prs10062020.pdf
2001,Nifty Alpha 50,BAJFINANCE,2015-07-13,2020-06-26,,press_release,https://niftyindices.com/Press_Release/ind_prs02072015.pdf,closed by ind_prs10062020.pdf
2001,Nifty Alpha 50,BAJAJFINSV,2016-01-18,2020-06-26,,press_release,https://niftyindices.com/Press_Release/ind_prs11012016.pdf,closed by ind_prs10062020.pdf
2001,Nifty Alpha 50,BAJAJHLDNG,2019-06-28,2020-06-26,,press_release,https://niftyindices.com/Press_Release/ind_prs13062019.pdf,closed by ind_prs10062020.pdf
2001,Nifty Alpha 50,CANFINHOME,2019-09-27,2020-06-26,,press_release,https://niftyindices.com/Press_Release/ind_prs17092019.pdf,closed by ind_prs10062020.pdf
2001,Nifty Alpha 50,DCBBANK,2019-06-28,2020-06-26,,press_release,https://niftyindices.com/Press_Release/ind_prs13062019.pdf,closed by ind_prs10062020.pdf
2001,Nifty Alpha 50,GODREJPROP,2019-09-27,2020-06-26,,press_release,https://niftyindices.com/Press_Release/ind_prs17092019.pdf,closed by ind_prs10062020.pdf
2001,Nifty Alpha 50,INDIGO,2019-06-28,2020-06-26,,press_release,https://niftyindices.com/Press_Release/ind_prs13062019.pdf,closed by ind_prs10062020.pdf
2001,Nifty Alpha 50,JUSTDIAL,2019-03-29,2020-06-26,,press_release,https://niftyindices.com/Press_Release/ind_prs13032019.pdf,closed by ind_prs10062020.pdf
2001,Nifty Alpha 50,KOTAKBANK,2018-12-28,2020-06-26,,press_release,https://niftyindices.com/Press_Release/ind_prs14122018.pdf,closed by ind_prs10062020.pdf
2001,Nifty Alpha 50,OBEROIRLTY,2019-09-27,2020-06-26,,press_release,https://niftyindices.com/Press_Release/ind_prs17092019.pdf,closed by ind_prs10062020.pdf
2001,Nifty Alpha 50,PFC,2019-06-28,2020-06-26,,press_release,https://niftyindices.com/Press_Release/ind_prs13062019.pdf,closed by ind_prs10062020.pdf
2001,Nifty Alpha 50,PRESTIGE,2019-09-27,2020-06-26,,press_release,https://niftyindices.com/Press_Release/ind_prs17092019.pdf,closed by ind_prs10062020.pdf
2001,Nifty Alpha 50,PGHL,2014-01-01,2020-06-26,,snapshot_floor,,closed by ind_prs10062020.pdf
2001,Nifty Alpha 50,PVR,2019-06-28,2020-06-26,,press_release,https://niftyindices.com/Press_Release/ind_prs13062019.pdf,closed by ind_prs10062020.pdf
2001,Nifty Alpha 50,RECLTD,2019-09-27,2020-06-26,,press_release,https://niftyindices.com/Press_Release/ind_prs17092019.pdf,closed by ind_prs10062020.pdf
2001,Nifty Alpha 50,SIEMENS,2019-09-27,2020-06-26,,press_release,https://niftyindices.com/Press_Release/ind_prs17092019.pdf,closed by ind_prs10062020.pdf
2001,Nifty Alpha 50,TITAN,2017-12-29,2020-06-26,,press_release,https://niftyindices.com/Press_Release/ind_prs18122017.pdf,closed by ind_prs10062020.pdf
2001,Nifty Alpha 50,UPL,2019-03-29,2020-06-26,,press_release,https://niftyindices.com/Press_Release/ind_prs13032019.pdf,closed by ind_prs10062020.pdf
2001,Nifty Alpha 50,APOLLOHOSP,2019-06-28,2020-09-14,,press_release,https://niftyindices.com/Press_Release/ind_prs13062019.pdf,closed by ind_prs07092020.pdf
2001,Nifty Alpha 50,BATAINDIA,2018-09-28,2020-09-14,,press_release,https://niftyindices.com/Press_Release/ind_prs10092018.pdf,closed by ind_prs07092020.pdf
2001,Nifty Alpha 50,HDFCAMC,2019-09-27,2020-09-14,,press_release,https://niftyindices.com/Press_Release/ind_prs17092019.pdf,closed by ind_prs07092020.pdf
2001,Nifty Alpha 50,HINDUNILVR,2018-09-28,2020-09-14,,press_release,https://niftyindices.com/Press_Release/ind_prs10092018.pdf,closed by ind_prs07092020.pdf
2001,Nifty Alpha 50,ICICIBANK,2019-06-28,2020-09-14,,press_release,https://niftyindices.com/Press_Release/ind_prs13062019.pdf,closed by ind_prs07092020.pdf
2001,Nifty Alpha 50,ICICIGI,2019-03-29,2020-09-14,,press_release,https://niftyindices.com/Press_Release/ind_prs13032019.pdf,closed by ind_prs07092020.pdf
2001,Nifty Alpha 50,ICICIPRULI,2019-12-27,2020-09-14,,press_release,https://niftyindices.com/Press_Release/ind_prs16122019.pdf,closed by ind_prs07092020.pdf
2001,Nifty Alpha 50,NAM-INDIA,2019-12-27,2020-09-14,,press_release,https://niftyindices.com/Press_Release/ind_prs16122019.pdf,closed by ind_prs07092020.pdf
2001,Nifty Alpha 50,PIDILITIND,2018-12-28,2020-09-14,,press_release,https://niftyindices.com/Press_Release/ind_prs14122018.pdf,closed by ind_prs07092020.pdf
2001,Nifty Alpha 50,SBILIFE,2019-09-27,2020-09-14,,press_release,https://niftyindices.com/Press_Release/ind_prs17092019.pdf,closed by ind_prs07092020.pdf
2001,Nifty Alpha 50,SHREECEM,2019-06-28,2020-09-14,,press_release,https://niftyindices.com/Press_Release/ind_prs13062019.pdf,closed by ind_prs07092020.pdf
2001,Nifty Alpha 50,BHARTIARTL,2020-06-26,2021-01-01,,press_release,https://niftyindices.com/Press_Release/ind_prs10062020.pdf,closed by ind_prs11122020.pdf
2001,Nifty Alpha 50,IGL,2019-06-28,2021-01-01,,press_release,https://niftyindices.com/Press_Release/ind_prs13062019.pdf,closed by ind_prs11122020.pdf
2001,Nifty Alpha 50,MANAPPURAM,2019-09-27,2021-01-01,,press_release,https://niftyindices.com/Press_Release/ind_prs17092019.pdf,closed by ind_prs11122020.pdf
2001,Nifty Alpha 50,WHIRLPOOL,2020-06-26,2021-01-01,,press_release,https://niftyindices.com/Press_Release/ind_prs10062020.pdf,closed by ind_prs11122020.pdf
2001,Nifty Alpha 50,ABBOTINDIA,2019-12-27,2021-03-31,,press_release,https://niftyindices.com/Press_Release/ind_prs16122019.pdf,closed by ind_prs10032021.pdf
2001,Nifty Alpha 50,AJANTPHARM,2020-06-26,2021-03-31,,press_release,https://niftyindices.com/Press_Release/ind_prs10062020.pdf,closed by ind_prs10032021.pdf
2001,Nifty Alpha 50,ASTRAZEN,2020-09-14,2021-03-31,,press_release,https://niftyindices.com/Press_Release/ind_prs07092020.pdf,closed by ind_prs10032021.pdf
2001,Nifty Alpha 50,DMART,2020-06-26,2021-03-31,,press_release,https://niftyindices.com/Press_Release/ind_prs10062020.pdf,closed by ind_prs10032021.pdf
2001,Nifty Alpha 50,BALKRISIND,2020-06-26,2021-03-31,,press_release,https://niftyindices.com/Press_Release/ind_prs10062020.pdf,closed by ind_prs10032021.pdf
2001,Nifty Alpha 50,BAYERCROP,2020-09-14,2021-03-31,,press_release,https://niftyindices.com/Press_Release/ind_prs07092020.pdf,closed by ind_prs10032021.pdf
2001,Nifty Alpha 50,BERGEPAINT,2020-06-26,2021-03-31,,press_release,https://niftyindices.com/Press_Release/ind_prs10062020.pdf,closed by ind_prs10032021.pdf
2001,Nifty Alpha 50,COFORGE,2018-04-02,2021-03-31,,press_release,https://niftyindices.com/Press_Release/ind_prs08032018.pdf,closed by ind_prs10032021.pdf
2001,Nifty Alpha 50,COROMANDEL,2020-06-26,2021-03-31,,press_release,https://niftyindices.com/Press_Release/ind_prs10062020.pdf,closed by ind_prs10032021.pdf
2001,Nifty Alpha 50,EIDPARRY,2020-09-14,2021-03-31,,press_release,https://niftyindices.com/Press_Release/ind_prs07092020.pdf,closed by ind_prs10032021.pdf
2001,Nifty Alpha 50,ISEC,2020-06-26,2021-03-31,,press_release,https://niftyindices.com/Press_Release/ind_prs10062020.pdf,closed by ind_prs10032021.pdf
2001,Nifty Alpha 50,METROPOLIS,2020-06-26,2021-03-31,,press_release,https://niftyindices.com/Press_Release/ind_prs10062020.pdf,closed by ind_prs10032021.pdf
2001,Nifty Alpha 50,MCX,2019-09-27,2021-03-31,,press_release,https://niftyindices.com/Press_Release/ind_prs17092019.pdf,closed by ind_prs10032021.pdf
2001,Nifty Alpha 50,MUTHOOTFIN,2019-03-29,2021-03-31,,press_release,https://niftyindices.com/Press_Release/ind_prs13032019.pdf,closed by ind_prs10032021.pdf
2001,Nifty Alpha 50,NESTLEIND,2020-06-26,2021-03-31,,press_release,https://niftyindices.com/Press_Release/ind_prs10062020.pdf,closed by ind_prs10032021.pdf
2001,Nifty Alpha 50,RALLIS,2020-06-26,2021-03-31,,press_release,https://niftyindices.com/Press_Release/ind_prs10062020.pdf,closed by ind_prs10032021.pdf
2001,Nifty Alpha 50,RELAXO,2020-06-26,2021-03-31,,press_release,https://niftyindices.com/Press_Release/ind_prs10062020.pdf,closed by ind_prs10032021.pdf
2001,Nifty Alpha 50,SRF,2018-12-28,2021-03-31,,press_release,https://niftyindices.com/Press_Release/ind_prs14122018.pdf,closed by ind_prs10032021.pdf
2001,Nifty Alpha 50,TORNTPHARM,2020-06-26,2021-03-31,,press_release,https://niftyindices.com/Press_Release/ind_prs10062020.pdf,closed by ind_prs10032021.pdf
2001,Nifty Alpha 50,TRENT,2019-09-27,2021-03-31,,press_release,https://niftyindices.com/Press_Release/ind_prs17092019.pdf,closed by ind_prs10032021.pdf
2001,Nifty Alpha 50,VBL,2019-06-28,2021-03-31,,press_release,https://niftyindices.com/Press_Release/ind_prs13062019.pdf,closed by ind_prs10032021.pdf
2001,Nifty Alpha 50,APLLTD,2020-06-26,2021-06-30,,press_release,https://niftyindices.com/Press_Release/ind_prs10062020.pdf,closed by ind_prs15062021.pdf
2001,Nifty Alpha 50,CIPLA,2021-03-31,2021-06-30,,press_release,https://niftyindices.com/Press_Release/ind_prs10032021.pdf,closed by ind_prs15062021.pdf
2001,Nifty Alpha 50,DRREDDY,2020-06-26,2021-06-30,,press_release,https://niftyindices.com/Press_Release/ind_prs10062020.pdf,closed by ind_prs15062021.pdf
2001,Nifty Alpha 50,ESCORTS,2020-06-26,2021-06-30,,press_release,https://niftyindices.com/Press_Release/ind_prs10062020.pdf,closed by ind_prs15062021.pdf
2001,Nifty Alpha 50,GMMPFAUDLR,2021-01-01,2021-06-30,,press_release,https://niftyindices.com/Press_Release/ind_prs11122020.pdf,closed by ind_prs15062021.pdf
2001,Nifty Alpha 50,HCLTECH,2018-12-28,2021-06-30,,press_release,https://niftyindices.com/Press_Release/ind_prs14122018.pdf,closed by ind_prs15062021.pdf
2001,Nifty Alpha 50,NAUKRI,2018-09-28,2021-06-30,,press_release,https://niftyindices.com/Press_Release/ind_prs10092018.pdf,closed by ind_prs15062021.pdf
2001,Nifty Alpha 50,IPCALAB,2018-12-28,2021-06-30,,press_release,https://niftyindices.com/Press_Release/ind_prs14122018.pdf,closed by ind_prs15062021.pdf
2001,Nifty Alpha 50,JBCHEPHARM,2020-09-14,2021-06-30,,press_release,https://niftyindices.com/Press_Release/ind_prs07092020.pdf,closed by ind_prs15062021.pdf
2001,Nifty Alpha 50,PIIND,2019-06-28,2021-06-30,,press_release,https://niftyindices.com/Press_Release/ind_prs13062019.pdf,closed by ind_prs15062021.pdf
2001,Nifty Alpha 50,RELIANCE,2017-12-29,2021-06-30,,press_release,https://niftyindices.com/Press_Release/ind_prs18122017.pdf,closed by ind_prs15062021.pdf
2001,Nifty Alpha 50,STLTECH,2021-03-31,2021-06-30,,press_release,https://niftyindices.com/Press_Release/ind_prs10032021.pdf,closed by ind_prs15062021.pdf
2001,Nifty Alpha 50,IDEA,2020-09-14,2021-06-30,,press_release,https://niftyindices.com/Press_Release/ind_prs07092020.pdf,closed by ind_prs15062021.pdf
2001,Nifty Alpha 50,AFFLE,2021-03-31,2021-09-30,,press_release,https://niftyindices.com/Press_Release/ind_prs10032021.pdf,closed by ind_prs15092021.pdf
2001,Nifty Alpha 50,AMBER,2021-01-01,2021-09-30,,press_release,https://niftyindices.com/Press_Release/ind_prs11122020.pdf,closed by ind_prs15092021.pdf
2001,Nifty Alpha 50,BAJAJELEC,2021-03-31,2021-09-30,,press_release,https://niftyindices.com/Press_Release/ind_prs10032021.pdf,closed by ind_prs15092021.pdf
2001,Nifty Alpha 50,CGPOWER,2021-06-30,2021-09-30,,press_release,https://niftyindices.com/Press_Release/ind_prs15062021.pdf,closed by ind_prs15092021.pdf
2001,Nifty Alpha 50,CYIENT,2021-06-30,2021-09-30,,press_release,https://niftyindices.com/Press_Release/ind_prs15062021.pdf,closed by ind_prs15092021.pdf
2001,Nifty Alpha 50,DHANI,2021-03-31,2021-09-30,,press_release,https://niftyindices.com/Press_Release/ind_prs10032021.pdf,closed by ind_prs15092021.pdf
2001,Nifty Alpha 50,EMAMILTD,2021-06-30,2021-09-30,,press_release,https://niftyindices.com/Press_Release/ind_prs15062021.pdf,closed by ind_prs15092021.pdf
2001,Nifty Alpha 50,GRANULES,2020-06-26,2021-09-30,,press_release,https://niftyindices.com/Press_Release/ind_prs10062020.pdf,closed by ind_prs15092021.pdf
2001,Nifty Alpha 50,JKCEMENT,2021-03-31,2021-09-30,,press_release,https://niftyindices.com/Press_Release/ind_prs10032021.pdf,closed by ind_prs15092021.pdf
2001,Nifty Alpha 50,JINDALSTEL,2020-09-14,2021-09-30,,press_release,https://niftyindices.com/Press_Release/ind_prs07092020.pdf,closed by ind_prs15092021.pdf
2001,Nifty Alpha 50,KAJARIACER,2021-06-30,2021-09-30,,press_release,https://niftyindices.com/Press_Release/ind_prs15062021.pdf,closed by ind_prs15092021.pdf
2001,Nifty Alpha 50,SONATSOFTW,2021-06-30,2021-09-30,,press_release,https://niftyindices.com/Press_Release/ind_prs15062021.pdf,closed by ind_prs15092021.pdf
2001,Nifty Alpha 50,SYNGENE,2021-03-31,2021-09-30,,press_release,https://niftyindices.com/Press_Release/ind_prs10032021.pdf,closed by ind_prs15092021.pdf
2001,Nifty Alpha 50,TANLA,2021-03-31,2021-09-30,,press_release,https://niftyindices.com/Press_Release/ind_prs10032021.pdf,closed by ind_prs15092021.pdf
2001,Nifty Alpha 50,TMPV,2021-03-31,2021-09-30,,press_release,https://niftyindices.com/Press_Release/ind_prs10032021.pdf,closed by ind_prs15092021.pdf
2001,Nifty Alpha 50,ADANIGREEN,2019-12-27,2021-12-31,,press_release,https://niftyindices.com/Press_Release/ind_prs16122019.pdf,closed by ind_prs08122021.pdf
2001,Nifty Alpha 50,BALRAMCHIN,2021-09-30,2021-12-31,,press_release,https://niftyindices.com/Press_Release/ind_prs15092021.pdf,closed by ind_prs08122021.pdf
2001,Nifty Alpha 50,DIVISLAB,2018-06-29,2021-12-31,,press_release,https://niftyindices.com/Press_Release/ind_prs15062018.pdf,closed by ind_prs08122021.pdf
2001,Nifty Alpha 50,GRAPHITE,2021-06-30,2021-12-31,,press_release,https://niftyindices.com/Press_Release/ind_prs15062021.pdf,closed by ind_prs08122021.pdf
2001,Nifty Alpha 50,IDFC,2021-06-30,2021-12-31,,press_release,https://niftyindices.com/Press_Release/ind_prs15062021.pdf,closed by ind_prs08122021.pdf
2001,Nifty Alpha 50,INDIAMART,2020-09-14,2021-12-31,,press_release,https://niftyindices.com/Press_Release/ind_prs07092020.pdf,closed by ind_prs08122021.pdf
2001,Nifty Alpha 50,INTELLECT,2021-06-30,2021-12-31,,press_release,https://niftyindices.com/Press_Release/ind_prs15062021.pdf,closed by ind_prs08122021.pdf
2001,Nifty Alpha 50,JUBLFOOD,2020-09-14,2021-12-31,,press_release,https://niftyindices.com/Press_Release/ind_prs07092020.pdf,closed by ind_prs08122021.pdf
2001,Nifty Alpha 50,NAVINFLUOR,2020-06-26,2021-12-31,,press_release,https://niftyindices.com/Press_Release/ind_prs10062020.pdf,closed by ind_prs08122021.pdf
2001,Nifty Alpha 50,ADANIPORTS,2021-03-31,2022-03-31,,press_release,https://niftyindices.com/Press_Release/ind_prs10032021.pdf,closed by ind_prs08032022.pdf
2001,Nifty Alpha 50,ALKYLAMINE,2021-09-30,2022-03-31,,press_release,https://niftyindices.com/Press_Release/ind_prs15092021.pdf,closed by ind_prs08032022.pdf
2001,Nifty Alpha 50,ASTRAL,2021-06-30,2022-03-31,,press_release,https://niftyindices.com/Press_Release/ind_prs15062021.pdf,closed by ind_prs08032022.pdf
2001,Nifty Alpha 50,DALBHARAT,2021-06-30,2022-03-31,,press_release,https://niftyindices.com/Press_Release/ind_prs15062021.pdf,closed by ind_prs08032022.pdf
2001,Nifty Alpha 50,DIXON,2020-06-26,2022-03-31,,press_release,https://niftyindices.com/Press_Release/ind_prs10062020.pdf,closed by ind_prs08032022.pdf
2001,Nifty Alpha 50,LALPATHLAB,2019-12-27,2022-03-31,,press_release,https://niftyindices.com/Press_Release/ind_prs16122019.pdf,closed by ind_prs08032022.pdf
2001,Nifty Alpha 50,GUJGASLTD,2019-12-27,2022-03-31,,press_release,https://niftyindices.com/Press_Release/ind_prs16122019.pdf,closed by ind_prs08032022.pdf
2001,Nifty Alpha 50,HINDCOPPER,2021-09-30,2022-03-31,,press_release,https://niftyindices.com/Press_Release/ind_prs15092021.pdf,closed by ind_prs08032022.pdf
2001,Nifty Alpha 50,SAIL,2021-03-31,2022-03-31,,press_release,https://niftyindices.com/Press_Release/ind_prs10032021.pdf,closed by ind_prs08032022.pdf
2001,Nifty Alpha 50,TATACHEM,2021-09-30,2022-03-31,,press_release,https://niftyindices.com/Press_Release/ind_prs15092021.pdf,closed by ind_prs08032022.pdf
2001,Nifty Alpha 50,TATACONSUM,2020-06-26,2022-03-31,,press_release,https://niftyindices.com/Press_Release/ind_prs10062020.pdf,closed by ind_prs08032022.pdf
2001,Nifty Alpha 50,BCG,2022-03-31,2022-06-30,,press_release,https://niftyindices.com/Press_Release/ind_prs08032022.pdf,closed by ind_prs15062022.pdf
2001,Nifty Alpha 50,CAMS,2021-12-31,2022-06-30,,press_release,https://niftyindices.com/Press_Release/ind_prs08122021.pdf,closed by ind_prs15062022.pdf
2001,Nifty Alpha 50,FSL,2021-03-31,2022-06-30,,press_release,https://niftyindices.com/Press_Release/ind_prs10032021.pdf,closed by ind_prs15062022.pdf
2001,Nifty Alpha 50,FORTIS,2021-09-30,2022-06-30,,press_release,https://niftyindices.com/Press_Release/ind_prs15092021.pdf,closed by ind_prs15062022.pdf
2001,Nifty Alpha 50,HAPPSTMNDS,2021-12-31,2022-06-30,,press_release,https://niftyindices.com/Press_Release/ind_prs08122021.pdf,closed by ind_prs15062022.pdf
2001,Nifty Alpha 50,HINDALCO,2021-03-31,2022-06-30,,press_release,https://niftyindices.com/Press_Release/ind_prs10032021.pdf,closed by ind_prs15062022.pdf
2001,Nifty Alpha 50,ISEC,2022-03-31,2022-06-30,,press_release,https://niftyindices.com/Press_Release/ind_prs08032022.pdf,closed by ind_prs15062022.pdf
2001,Nifty Alpha 50,JSWENERGY,2021-06-30,2022-06-30,,press_release,https://niftyindices.com/Press_Release/ind_prs15062021.pdf,closed by ind_prs15062022.pdf
2001,Nifty Alpha 50,JSWSTEEL,2021-06-30,2022-06-30,,press_release,https://niftyindices.com/Press_Release/ind_prs15062021.pdf,closed by ind_prs15062022.pdf
2001,Nifty Alpha 50,KEI,2021-12-31,2022-06-30,,press_release,https://niftyindices.com/Press_Release/ind_prs08122021.pdf,closed by ind_prs15062022.pdf
2001,Nifty Alpha 50,LTM,2021-09-30,2022-06-30,,press_release,https://niftyindices.com/Press_Release/ind_prs15092021.pdf,closed by ind_prs15062022.pdf
2001,Nifty Alpha 50,TATASTEEL,2021-06-30,2022-06-30,,press_release,https://niftyindices.com/Press_Release/ind_prs15062021.pdf,closed by ind_prs15062022.pdf
2001,Nifty Alpha 50,WIPRO,2021-03-31,2022-06-30,,press_release,https://niftyindices.com/Press_Release/ind_prs10032021.pdf,closed by ind_prs15062022.pdf
2001,Nifty Alpha 50,APOLLOHOSP,2021-09-30,2022-09-30,,press_release,https://niftyindices.com/Press_Release/ind_prs15092021.pdf,closed by ind_prs16092022.pdf
2001,Nifty Alpha 50,BSOFT,2021-01-01,2022-09-30,,press_release,https://niftyindices.com/Press_Release/ind_prs11122020.pdf,closed by ind_prs16092022.pdf
2001,Nifty Alpha 50,CDSL,2020-09-14,2022-09-30,,press_release,https://niftyindices.com/Press_Release/ind_prs07092020.pdf,closed by ind_prs16092022.pdf
2001,Nifty Alpha 50,COFORGE,2021-09-30,2022-09-30,,press_release,https://niftyindices.com/Press_Release/ind_prs15092021.pdf,closed by ind_prs16092022.pdf
2001,Nifty Alpha 50,DEEPAKNTR,2020-06-26,2022-09-30,,press_release,https://niftyindices.com/Press_Release/ind_prs10062020.pdf,closed by ind_prs16092022.pdf
2001,Nifty Alpha 50,IEX,2021-09-30,2022-09-30,,press_release,https://niftyindices.com/Press_Release/ind_prs15092021.pdf,closed by ind_prs16092022.pdf
2001,Nifty Alpha 50,LTTS,2021-09-30,2022-09-30,,press_release,https://niftyindices.com/Press_Release/ind_prs15092021.pdf,closed by ind_prs16092022.pdf
2001,Nifty Alpha 50,LAURUSLABS,2020-09-14,2022-09-30,,press_release,https://niftyindices.com/Press_Release/ind_prs07092020.pdf,closed by ind_prs16092022.pdf
2001,Nifty Alpha 50,MAXHEALTH,2021-09-30,2022-09-30,,press_release,https://niftyindices.com/Press_Release/ind_prs15092021.pdf,closed by ind_prs16092022.pdf
2001,Nifty Alpha 50,MPHASIS,2021-03-31,2022-09-30,,press_release,https://niftyindices.com/Press_Release/ind_prs10032021.pdf,closed by ind_prs16092022.pdf
2001,Nifty Alpha 50,NATIONALUM,2022-03-31,2022-09-30,,press_release,https://niftyindices.com/Press_Release/ind_prs08032022.pdf,closed by ind_prs16092022.pdf
2001,Nifty Alpha 50,OIL,2022-03-31,2022-09-30,,press_release,https://niftyindices.com/Press_Release/ind_prs08032022.pdf,closed by ind_prs16092022.pdf
2001,Nifty Alpha 50,PERSISTENT,2021-03-31,2022-09-30,,press_release,https://niftyindices.com/Press_Release/ind_prs10032021.pdf,closed by ind_prs16092022.pdf
2001,Nifty Alpha 50,PRESTIGE,2022-06-30,2022-09-30,,press_release,https://niftyindices.com/Press_Release/ind_prs15062022.pdf,closed by ind_prs16092022.pdf
2001,Nifty Alpha 50,RADICO,2021-12-31,2022-09-30,,press_release,https://niftyindices.com/Press_Release/ind_prs08122021.pdf,closed by ind_prs16092022.pdf
2001,Nifty Alpha 50,TANLA,2022-03-31,2022-09-30,,press_release,https://niftyindices.com/Press_Release/ind_prs08032022.pdf,closed by ind_prs16092022.pdf
2001,Nifty Alpha 50,TRIDENT,2022-03-31,2022-09-30,,press_release,https://niftyindices.com/Press_Release/ind_prs08032022.pdf,closed by ind_prs16092022.pdf
2001,Nifty Alpha 50,VTL,2022-03-31,2022-09-30,,press_release,https://niftyindices.com/Press_Release/ind_prs08032022.pdf,closed by ind_prs16092022.pdf
2001,Nifty Alpha 50,VEDL,2021-12-31,2022-09-30,,press_release,https://niftyindices.com/Press_Release/ind_prs08122021.pdf,closed by ind_prs16092022.pdf
2001,Nifty Alpha 50,BCG,2022-09-30,2022-12-30,,press_release,https://niftyindices.com/Press_Release/ind_prs16092022.pdf,closed by ind_prs06122022.pdf
2001,Nifty Alpha 50,BSE,2021-12-31,2022-12-30,,press_release,https://niftyindices.com/Press_Release/ind_prs08122021.pdf,closed by ind_prs06122022.pdf
2001,Nifty Alpha 50,CHAMBLFERT,2021-09-30,2022-12-30,,press_release,https://niftyindices.com/Press_Release/ind_prs15092021.pdf,closed by ind_prs06122022.pdf
2001,Nifty Alpha 50,HFCL,2021-09-30,2022-12-30,,press_release,https://niftyindices.com/Press_Release/ind_prs15092021.pdf,closed by ind_prs06122022.pdf
2001,Nifty Alpha 50,IRCTC,2021-12-31,2022-12-30,,press_release,https://niftyindices.com/Press_Release/ind_prs08122021.pdf,closed by ind_prs06122022.pdf
2001,Nifty Alpha 50,LINDEINDIA,2021-12-31,2022-12-30,,press_release,https://niftyindices.com/Press_Release/ind_prs08122021.pdf,closed by ind_prs06122022.pdf
2001,Nifty Alpha 50,LODHA,2022-06-30,2022-12-30,,press_release,https://niftyindices.com/Press_Release/ind_prs15062022.pdf,closed by ind_prs06122022.pdf
2001,Nifty Alpha 50,OBEROIRLTY,2022-09-30,2022-12-30,,press_release,https://niftyindices.com/Press_Release/ind_prs16092022.pdf,closed by ind_prs06122022.pdf
2001,Nifty Alpha 50,TMPV,2022-09-30,2022-12-30,,press_release,https://niftyindices.com/Press_Release/ind_prs16092022.pdf,closed by ind_prs06122022.pdf
2001,Nifty Alpha 50,TATAPOWER,2021-03-31,2022-12-30,,press_release,https://niftyindices.com/Press_Release/ind_prs10032021.pdf,closed by ind_prs06122022.pdf
2001,Nifty Alpha 50,TTML,2022-03-31,2022-12-30,,press_release,https://niftyindices.com/Press_Release/ind_prs08032022.pdf,closed by ind_prs06122022.pdf
2001,Nifty Alpha 50,TITAN,2022-03-31,2022-12-30,,press_release,https://niftyindices.com/Press_Release/ind_prs08032022.pdf,closed by ind_prs06122022.pdf
2001,Nifty Alpha 50,UNOMINDA,2022-06-30,2022-12-30,,press_release,https://niftyindices.com/Press_Release/ind_prs15062022.pdf,closed by ind_prs06122022.pdf
2001,Nifty Alpha 50,IDEA,2022-09-30,2022-12-30,,press_release,https://niftyindices.com/Press_Release/ind_prs16092022.pdf,closed by ind_prs06122022.pdf
2001,Nifty Alpha 50,ZEEL,2022-09-30,2022-12-30,,press_release,https://niftyindices.com/Press_Release/ind_prs16092022.pdf,closed by ind_prs06122022.pdf
2001,Nifty Alpha 50,ADANIENT,2020-09-14,2023-03-31,,press_release,https://niftyindices.com/Press_Release/ind_prs07092020.pdf,closed by ind_prs06032023.pdf
2001,Nifty Alpha 50,ADANIGREEN,2022-06-30,2023-03-31,,press_release,https://niftyindices.com/Press_Release/ind_prs15062022.pdf,closed by ind_prs06032023.pdf
2001,Nifty Alpha 50,ATGL,2021-01-01,2023-03-31,,press_release,https://niftyindices.com/Press_Release/ind_prs11122020.pdf,closed by ind_prs06032023.pdf
2001,Nifty Alpha 50,ADANIENSOL,2021-03-31,2023-03-31,,press_release,https://niftyindices.com/Press_Release/ind_prs10032021.pdf,closed by ind_prs06032023.pdf
2001,Nifty Alpha 50,ABFRL,2022-09-30,2023-03-31,,press_release,https://niftyindices.com/Press_Release/ind_prs16092022.pdf,closed by ind_prs06032023.pdf
2001,Nifty Alpha 50,ANGELONE,2021-12-31,2023-03-31,,press_release,https://niftyindices.com/Press_Release/ind_prs08122021.pdf,closed by ind_prs06032023.pdf
2001,Nifty Alpha 50,ELGIEQUIP,2022-12-30,2023-03-31,,press_release,https://niftyindices.com/Press_Release/ind_prs06122022.pdf,closed by ind_prs06032023.pdf
2001,Nifty Alpha 50,FINEORG,2022-12-30,2023-03-31,,press_release,https://niftyindices.com/Press_Release/ind_prs06122022.pdf,closed by ind_prs06032023.pdf
2001,Nifty Alpha 50,GNFC,2022-06-30,2023-03-31,,press_release,https://niftyindices.com/Press_Release/ind_prs15062022.pdf,closed by ind_prs06032023.pdf
2001,Nifty Alpha 50,KEI,2022-09-30,2023-03-31,,press_release,https://niftyindices.com/Press_Release/ind_prs16092022.pdf,closed by ind_prs06032023.pdf
2001,Nifty Alpha 50,PAGEIND,2022-06-30,2023-03-31,,press_release,https://niftyindices.com/Press_Release/ind_prs15062022.pdf,closed by ind_prs06032023.pdf
2001,Nifty Alpha 50,SRF,2022-03-31,2023-03-31,,press_release,https://niftyindices.com/Press_Release/ind_prs08032022.pdf,closed by ind_prs06032023.pdf
2001,Nifty Alpha 50,SUZLON,2022-06-30,2023-03-31,,press_release,https://niftyindices.com/Press_Release/ind_prs15062022.pdf,closed by ind_prs06032023.pdf
2001,Nifty Alpha 50,TATAELXSI,2021-03-31,2023-03-31,,press_release,https://niftyindices.com/Press_Release/ind_prs10032021.pdf,closed by ind_prs06032023.pdf
2001,Nifty Alpha 50,ADANIPOWER,2022-12-30,2023-06-30,,press_release,https://niftyindices.com/Press_Release/ind_prs06122022.pdf,closed by ind_prs09062023.pdf
2001,Nifty Alpha 50,AMBUJACEM,2022-12-30,2023-06-30,,press_release,https://niftyindices.com/Press_Release/ind_prs06122022.pdf,closed by ind_prs09062023.pdf
2001,Nifty Alpha 50,DEEPAKFERT,2022-12-30,2023-06-30,,press_release,https://niftyindices.com/Press_Release/ind_prs06122022.pdf,closed by ind_prs09062023.pdf
2001,Nifty Alpha 50,FLUOROCHEM,2022-12-30,2023-06-30,,press_release,https://niftyindices.com/Press_Release/ind_prs06122022.pdf,closed by ind_prs09062023.pdf
2001,Nifty Alpha 50,IIFL,2022-12-30,2023-06-30,,press_release,https://niftyindices.com/Press_Release/ind_prs06122022.pdf,closed by ind_prs09062023.pdf
2001,Nifty Alpha 50,TIMKEN,2022-12-30,2023-06-30,,press_release,https://niftyindices.com/Press_Release/ind_prs06122022.pdf,closed by ind_prs09062023.pdf
2001,Nifty Alpha 50,BAJAJHLDNG,2022-06-30,2023-09-29,,press_release,https://niftyindices.com/Press_Release/ind_prs15062022.pdf,closed by ind_prs15092023.pdf
2001,Nifty Alpha 50,COALINDIA,2022-09-30,2023-09-29,,press_release,https://niftyindices.com/Press_Release/ind_prs16092022.pdf,closed by ind_prs15092023.pdf
2001,Nifty Alpha 50,JSL,2023-06-30,2023-09-29,,press_release,https://niftyindices.com/Press_Release/ind_prs09062023.pdf,closed by ind_prs15092023.pdf
2001,Nifty Alpha 50,KARURVYSYA,2022-12-30,2023-09-29,,press_release,https://niftyindices.com/Press_Release/ind_prs06122022.pdf,closed by ind_prs15092023.pdf
2001,Nifty Alpha 50,M&M,2022-09-30,2023-09-29,,press_release,https://niftyindices.com/Press_Release/ind_prs16092022.pdf,closed by ind_prs15092023.pdf
2001,Nifty Alpha 50,PHOENIXLTD,2022-12-30,2023-09-29,,press_release,https://niftyindices.com/Press_Release/ind_prs06122022.pdf,closed by ind_prs15092023.pdf
2001,Nifty Alpha 50,SCHAEFFLER,2022-12-30,2023-09-29,,press_release,https://niftyindices.com/Press_Release/ind_prs06122022.pdf,closed by ind_prs15092023.pdf
2001,Nifty Alpha 50,YESBANK,2022-09-30,2023-09-29,,press_release,https://niftyindices.com/Press_Release/ind_prs16092022.pdf,closed by ind_prs15092023.pdf
2001,Nifty Alpha 50,ABCAPITAL,2023-03-31,2023-12-29,,press_release,https://niftyindices.com/Press_Release/ind_prs06032023.pdf,closed by ind_prs07122023.pdf
2001,Nifty Alpha 50,BANKBARODA,2022-09-30,2023-12-29,,press_release,https://niftyindices.com/Press_Release/ind_prs16092022.pdf,closed by ind_prs07122023.pdf
2001,Nifty Alpha 50,BANKINDIA,2023-03-31,2023-12-29,,press_release,https://niftyindices.com/Press_Release/ind_prs06032023.pdf,closed by ind_prs07122023.pdf
2001,Nifty Alpha 50,BRITANNIA,2023-03-31,2023-12-29,,press_release,https://niftyindices.com/Press_Release/ind_prs06032023.pdf,closed by ind_prs07122023.pdf
2001,Nifty Alpha 50,EQUITASBNK,2023-06-30,2023-12-29,,press_release,https://niftyindices.com/Press_Release/ind_prs09062023.pdf,closed by ind_prs07122023.pdf
2001,Nifty Alpha 50,FEDERALBNK,2022-09-30,2023-12-29,,press_release,https://niftyindices.com/Press_Release/ind_prs16092022.pdf,closed by ind_prs07122023.pdf
2001,Nifty Alpha 50,FINCABLES,2023-06-30,2023-12-29,,press_release,https://niftyindices.com/Press_Release/ind_prs09062023.pdf,closed by ind_prs07122023.pdf
2001,Nifty Alpha 50,JINDALSTEL,2023-03-31,2023-12-29,,press_release,https://niftyindices.com/Press_Release/ind_prs06032023.pdf,closed by ind_prs07122023.pdf
2001,Nifty Alpha 50,MRF,2023-03-31,2023-12-29,,press_release,https://niftyindices.com/Press_Release/ind_prs06032023.pdf,closed by ind_prs07122023.pdf
2001,Nifty Alpha 50,PNBHOUSING,2023-09-29,2023-12-29,,press_release,https://niftyindices.com/Press_Release/ind_prs15092023.pdf,closed by ind_prs07122023.pdf
2001,Nifty Alpha 50,RAYMOND,2023-09-29,2023-12-29,,press_release,https://niftyindices.com/Press_Release/ind_prs15092023.pdf,closed by ind_prs07122023.pdf
2001,Nifty Alpha 50,SONATSOFTW,2023-06-30,2023-12-29,,press_release,https://niftyindices.com/Press_Release/ind_prs09062023.pdf,closed by ind_prs07122023.pdf
2001,Nifty Alpha 50,TIINDIA,2022-09-30,2023-12-29,,press_release,https://niftyindices.com/Press_Release/ind_prs16092022.pdf,closed by ind_prs07122023.pdf
2001,Nifty Alpha 50,APLAPOLLO,2021-03-31,2024-03-28,,press_release,https://niftyindices.com/Press_Release/ind_prs10032021.pdf,closed by ind_prs14032024.pdf
2001,Nifty Alpha 50,CGPOWER,2022-09-30,2024-03-28,,press_release,https://niftyindices.com/Press_Release/ind_prs16092022.pdf,closed by ind_prs14032024.pdf
2001,Nifty Alpha 50,CHOLAFIN,2022-09-30,2024-03-28,,press_release,https://niftyindices.com/Press_Release/ind_prs16092022.pdf,closed by ind_prs14032024.pdf
2001,Nifty Alpha 50,ESCORTS,2022-09-30,2024-03-28,,press_release,https://niftyindices.com/Press_Release/ind_prs16092022.pdf,closed by ind_prs14032024.pdf
2001,Nifty Alpha 50,IDFCFIRSTB,2023-03-31,2024-03-28,,press_release,https://niftyindices.com/Press_Release/ind_prs06032023.pdf,closed by ind_prs14032024.pdf
2001,Nifty Alpha 50,IDFC,2022-12-30,2024-03-28,,press_release,https://niftyindices.com/Press_Release/ind_prs06122022.pdf,closed by ind_prs14032024.pdf
2001,Nifty Alpha 50,ITC,2022-09-30,2024-03-28,,press_release,https://niftyindices.com/Press_Release/ind_prs16092022.pdf,closed by ind_prs14032024.pdf
2001,Nifty Alpha 50,KTKBANK,2023-09-29,2024-03-28,,press_release,https://niftyindices.com/Press_Release/ind_prs15092023.pdf,closed by ind_prs14032024.pdf
2001,Nifty Alpha 50,M&MFIN,2023-03-31,2024-03-28,,press_release,https://niftyindices.com/Press_Release/ind_prs06032023.pdf,closed by ind_prs14032024.pdf
2001,Nifty Alpha 50,PAYTM,2023-12-29,2024-03-28,,press_release,https://niftyindices.com/Press_Release/ind_prs07122023.pdf,closed by ind_prs14032024.pdf
2001,Nifty Alpha 50,POLYCAB,2021-09-30,2024-03-28,,press_release,https://niftyindices.com/Press_Release/ind_prs15092021.pdf,closed by ind_prs14032024.pdf
2001,Nifty Alpha 50,SIEMENS,2023-03-31,2024-03-28,,press_release,https://niftyindices.com/Press_Release/ind_prs06032023.pdf,closed by ind_prs14032024.pdf
2001,Nifty Alpha 50,APOLLOTYRE,2023-03-31,2024-06-28,,press_release,https://niftyindices.com/Press_Release/ind_prs06032023.pdf,closed by ind_prs07062024.pdf
2001,Nifty Alpha 50,CYIENT,2023-06-30,2024-06-28,,press_release,https://niftyindices.com/Press_Release/ind_prs09062023.pdf,closed by ind_prs07062024.pdf
2001,Nifty Alpha 50,DLF,2024-03-28,2024-06-28,,press_release,https://niftyindices.com/Press_Release/ind_prs14032024.pdf,closed by ind_prs07062024.pdf
2001,Nifty Alpha 50,INDHOTEL,2022-06-30,2024-06-28,,press_release,https://niftyindices.com/Press_Release/ind_prs15062022.pdf,closed by ind_prs07062024.pdf
2001,Nifty Alpha 50,KPITTECH,2021-09-30,2024-06-28,,press_release,https://niftyindices.com/Press_Release/ind_prs15092021.pdf,closed by ind_prs07062024.pdf
2001,Nifty Alpha 50,LTF,2023-03-31,2024-06-28,,press_release,https://niftyindices.com/Press_Release/ind_prs06032023.pdf,closed by ind_prs07062024.pdf
2001,Nifty Alpha 50,POONAWALLA,2022-03-31,2024-06-28,,press_release,https://niftyindices.com/Press_Release/ind_prs08032022.pdf,closed by ind_prs07062024.pdf
2001,Nifty Alpha 50,ADANIGREEN,2024-03-28,2024-09-30,,press_release,https://niftyindices.com/Press_Release/ind_prs14032024.pdf,closed by ind_prs23092024.pdf
2001,Nifty Alpha 50,ANGELONE,2023-12-29,2024-09-30,,press_release,https://niftyindices.com/Press_Release/ind_prs07122023.pdf,closed by ind_prs23092024.pdf
2001,Nifty Alpha 50,BSOFT,2023-12-29,2024-09-30,,press_release,https://niftyindices.com/Press_Release/ind_prs07122023.pdf,closed by ind_prs23092024.pdf
2001,Nifty Alpha 50,CANBK,2022-09-30,2024-09-30,,press_release,https://niftyindices.com/Press_Release/ind_prs16092022.pdf,closed by ind_prs23092024.pdf
2001,Nifty Alpha 50,GICRE,2024-03-28,2024-09-30,,press_release,https://niftyindices.com/Press_Release/ind_prs14032024.pdf,closed by ind_prs23092024.pdf
2001,Nifty Alpha 50,INDIANB,2022-12-30,2024-09-30,,press_release,https://niftyindices.com/Press_Release/ind_prs06122022.pdf,closed by ind_prs23092024.pdf
2001,Nifty Alpha 50,JPPOWER,2024-06-28,2024-09-30,,press_release,https://niftyindices.com/Press_Release/ind_prs07062024.pdf,closed by ind_prs23092024.pdf
2001,Nifty Alpha 50,NCC,2023-06-30,2024-09-30,,press_release,https://niftyindices.com/Press_Release/ind_prs09062023.pdf,closed by ind_prs23092024.pdf
2001,Nifty Alpha 50,PNB,2023-03-31,2024-09-30,,press_release,https://niftyindices.com/Press_Release/ind_prs06032023.pdf,closed by ind_prs23092024.pdf
2001,Nifty Alpha 50,SUPREMEIND,2023-09-29,2024-09-30,,press_release,https://niftyindices.com/Press_Release/ind_prs15092023.pdf,closed by ind_prs23092024.pdf
2001,Nifty Alpha 50,TITAGARH,2024-06-28,2024-09-30,,press_release,https://niftyindices.com/Press_Release/ind_prs07062024.pdf,closed by ind_prs23092024.pdf
2001,Nifty Alpha 50,UNIONBANK,2022-12-30,2024-09-30,,press_release,https://niftyindices.com/Press_Release/ind_prs06122022.pdf,closed by ind_prs23092024.pdf
2001,Nifty Alpha 50,ADANIPOWER,2024-03-28,2024-12-31,,press_release,https://niftyindices.com/Press_Release/ind_prs14032024.pdf,closed by ind_prs11122024.pdf
2001,Nifty Alpha 50,AUROPHARMA,2023-12-29,2024-12-31,,press_release,https://niftyindices.com/Press_Release/ind_prs07122023.pdf,closed by ind_prs11122024.pdf
2001,Nifty Alpha 50,BHEL,2023-03-31,2024-12-31,,press_release,https://niftyindices.com/Press_Release/ind_prs06032023.pdf,closed by ind_prs11122024.pdf
2001,Nifty Alpha 50,POWERINDIA,2024-09-30,2024-12-31,,press_release,https://niftyindices.com/Press_Release/ind_prs23092024.pdf,closed by ind_prs11122024.pdf
2001,Nifty Alpha 50,JSL,2024-03-28,2024-12-31,,press_release,https://niftyindices.com/Press_Release/ind_prs14032024.pdf,closed by ind_prs11122024.pdf
2001,Nifty Alpha 50,LODHA,2024-03-28,2024-12-31,,press_release,https://niftyindices.com/Press_Release/ind_prs14032024.pdf,closed by ind_prs11122024.pdf
2001,Nifty Alpha 50,PFC,2023-03-31,2024-12-31,,press_release,https://niftyindices.com/Press_Release/ind_prs06032023.pdf,closed by ind_prs11122024.pdf
2001,Nifty Alpha 50,RECLTD,2023-09-29,2024-12-31,,press_release,https://niftyindices.com/Press_Release/ind_prs15092023.pdf,closed by ind_prs11122024.pdf
2001,Nifty Alpha 50,SJVN,2024-06-28,2024-12-31,,press_release,https://niftyindices.com/Press_Release/ind_prs07062024.pdf,closed by ind_prs11122024.pdf
2001,Nifty Alpha 50,TVSMOTOR,2022-09-30,2024-12-31,,press_release,https://niftyindices.com/Press_Release/ind_prs16092022.pdf,closed by ind_prs11122024.pdf
2001,Nifty Alpha 50,ABB,2022-06-30,2025-03-28,,press_release,https://niftyindices.com/Press_Release/ind_prs15062022.pdf,closed by ind_prs13032025.pdf
2001,Nifty Alpha 50,ABREL,2014-01-01,2025-03-28,,snapshot_floor,,closed by ind_prs13032025.pdf
2001,Nifty Alpha 50,ARE&M,2024-09-30,2025-03-28,,press_release,https://niftyindices.com/Press_Release/ind_prs23092024.pdf,closed by ind_prs13032025.pdf
2001,Nifty Alpha 50,APARINDS,2023-12-29,2025-03-28,,press_release,https://niftyindices.com/Press_Release/ind_prs07122023.pdf,closed by ind_prs13032025.pdf
2001,Nifty Alpha 50,BAJAJ-AUTO,2024-03-28,2025-03-28,,press_release,https://niftyindices.com/Press_Release/ind_prs14032024.pdf,closed by ind_prs13032025.pdf
2001,Nifty Alpha 50,COLPAL,2024-09-30,2025-03-28,,press_release,https://niftyindices.com/Press_Release/ind_prs23092024.pdf,closed by ind_prs13032025.pdf
2001,Nifty Alpha 50,CUMMINSIND,2022-12-30,2025-03-28,,press_release,https://niftyindices.com/Press_Release/ind_prs06122022.pdf,closed by ind_prs13032025.pdf
2001,Nifty Alpha 50,HINDCOPPER,2024-03-28,2025-03-28,,press_release,https://niftyindices.com/Press_Release/ind_prs14032024.pdf,closed by ind_prs13032025.pdf
2001,Nifty Alpha 50,HINDPETRO,2024-09-30,2025-03-28,,press_release,https://niftyindices.com/Press_Release/ind_prs23092024.pdf,closed by ind_prs13032025.pdf
2001,Nifty Alpha 50,HUDCO,2024-06-28,2025-03-28,,press_release,https://niftyindices.com/Press_Release/ind_prs07062024.pdf,closed by ind_prs13032025.pdf
2001,Nifty Alpha 50,IRFC,2023-09-29,2025-03-28,,press_release,https://niftyindices.com/Press_Release/ind_prs15092023.pdf,closed by ind_prs13032025.pdf
2001,Nifty Alpha 50,KEI,2023-12-29,2025-03-28,,press_release,https://niftyindices.com/Press_Release/ind_prs07122023.pdf,closed by ind_prs13032025.pdf
2001,Nifty Alpha 50,NBCC,2024-06-28,2025-03-28,,press_release,https://niftyindices.com/Press_Release/ind_prs07062024.pdf,closed by ind_prs13032025.pdf
2001,Nifty Alpha 50,NHPC,2022-09-30,2025-03-28,,press_release,https://niftyindices.com/Press_Release/ind_prs16092022.pdf,closed by ind_prs13032025.pdf
2001,Nifty Alpha 50,OIL,2024-09-30,2025-03-28,,press_release,https://niftyindices.com/Press_Release/ind_prs23092024.pdf,closed by ind_prs13032025.pdf
2001,Nifty Alpha 50,PRESTIGE,2023-12-29,2025-03-28,,press_release,https://niftyindices.com/Press_Release/ind_prs07122023.pdf,closed by ind_prs13032025.pdf
2001,Nifty Alpha 50,SIEMENS,2024-12-31,2025-03-28,,press_release,https://niftyindices.com/Press_Release/ind_prs11122024.pdf,closed by ind_prs13032025.pdf
2001,Nifty Alpha 50,SOLARINDS,2024-09-30,2025-03-28,,press_release,https://niftyindices.com/Press_Release/ind_prs23092024.pdf,closed by ind_prs13032025.pdf
2001,Nifty Alpha 50,VBL,2022-06-30,2025-03-28,,press_release,https://niftyindices.com/Press_Release/ind_prs15062022.pdf,closed by ind_prs13032025.pdf
2001,Nifty Alpha 50,ZYDUSLIFE,2023-03-31,2025-03-28,,press_release,https://niftyindices.com/Press_Release/ind_prs06032023.pdf,closed by ind_prs13032025.pdf
2001,Nifty Alpha 50,BLUESTARCO,2025-03-28,2025-06-30,,press_release,https://niftyindices.com/Press_Release/ind_prs13032025.pdf,closed by ind_prs06062025.pdf
2001,Nifty Alpha 50,COCHINSHIP,2024-09-30,2025-06-30,,press_release,https://niftyindices.com/Press_Release/ind_prs23092024.pdf,closed by ind_prs06062025.pdf
2001,Nifty Alpha 50,HSCL,2024-12-31,2025-06-30,,press_release,https://niftyindices.com/Press_Release/ind_prs11122024.pdf,closed by ind_prs06062025.pdf
2001,Nifty Alpha 50,HAL,2022-06-30,2025-06-30,,press_release,https://niftyindices.com/Press_Release/ind_prs15062022.pdf,closed by ind_prs06062025.pdf
2001,Nifty Alpha 50,IREDA,2024-12-31,2025-06-30,,press_release,https://niftyindices.com/Press_Release/ind_prs11122024.pdf,closed by ind_prs06062025.pdf
2001,Nifty Alpha 50,INDUSTOWER,2024-09-30,2025-06-30,,press_release,https://niftyindices.com/Press_Release/ind_prs23092024.pdf,closed by ind_prs06062025.pdf
2001,Nifty Alpha 50,NATIONALUM,2024-12-31,2025-06-30,,press_release,https://niftyindices.com/Press_Release/ind_prs11122024.pdf,closed by ind_prs06062025.pdf
2001,Nifty Alpha 50,PHOENIXLTD,2024-09-30,2025-06-30,,press_release,https://niftyindices.com/Press_Release/ind_prs23092024.pdf,closed by ind_prs06062025.pdf
2001,Nifty Alpha 50,RVNL,2023-12-29,2025-06-30,,press_release,https://niftyindices.com/Press_Release/ind_prs07122023.pdf,closed by ind_prs06062025.pdf
2001,Nifty Alpha 50,TORNTPOWER,2024-06-28,2025-06-30,,press_release,https://niftyindices.com/Press_Release/ind_prs07062024.pdf,closed by ind_prs06062025.pdf
2001,Nifty Alpha 50,VEDL,2025-03-28,2025-06-30,,press_release,https://niftyindices.com/Press_Release/ind_prs13032025.pdf,closed by ind_prs06062025.pdf
2001,Nifty Alpha 50,VOLTAS,2024-12-31,2025-06-30,,press_release,https://niftyindices.com/Press_Release/ind_prs11122024.pdf,closed by ind_prs06062025.pdf
2001,Nifty Alpha 50,AEGISLOG,2025-03-28,2025-09-30,,press_release,https://niftyindices.com/Press_Release/ind_prs13032025.pdf,closed by ind_prs15092025.pdf
2001,Nifty Alpha 50,BHARTIHEXA,2025-06-30,2025-09-30,,press_release,https://niftyindices.com/Press_Release/ind_prs06062025.pdf,closed by ind_prs15092025.pdf
2001,Nifty Alpha 50,FSL,2025-03-28,2025-09-30,,press_release,https://niftyindices.com/Press_Release/ind_prs13032025.pdf,closed by ind_prs15092025.pdf
2001,Nifty Alpha 50,NAUKRI,2025-03-28,2025-09-30,,press_release,https://niftyindices.com/Press_Release/ind_prs13032025.pdf,closed by ind_prs15092025.pdf
2001,Nifty Alpha 50,INOXWIND,2024-09-30,2025-09-30,,press_release,https://niftyindices.com/Press_Release/ind_prs23092024.pdf,closed by ind_prs15092025.pdf
2001,Nifty Alpha 50,JUBLFOOD,2025-03-28,2025-09-30,,press_release,https://niftyindices.com/Press_Release/ind_prs13032025.pdf,closed by ind_prs15092025.pdf
2001,Nifty Alpha 50,KALYANKJIL,2024-03-28,2025-09-30,,press_release,https://niftyindices.com/Press_Release/ind_prs14032024.pdf,closed by ind_prs15092025.pdf
2001,Nifty Alpha 50,LUPIN,2024-03-28,2025-09-30,,press_release,https://niftyindices.com/Press_Release/ind_prs14032024.pdf,closed by ind_prs15092025.pdf
2001,Nifty Alpha 50,OFSS,2024-03-28,2025-09-30,,press_release,https://niftyindices.com/Press_Release/ind_prs14032024.pdf,closed by ind_prs15092025.pdf
2001,Nifty Alpha 50,PPLPHARMA,2024-12-31,2025-09-30,,press_release,https://niftyindices.com/Press_Release/ind_prs11122024.pdf,closed by ind_prs15092025.pdf
2001,Nifty Alpha 50,PNBHOUSING,2025-06-30,2025-09-30,,press_release,https://niftyindices.com/Press_Release/ind_prs06062025.pdf,closed by ind_prs15092025.pdf
2001,Nifty Alpha 50,SUZLON,2023-09-29,2025-09-30,,press_release,https://niftyindices.com/Press_Release/ind_prs15092023.pdf,closed by ind_prs15092025.pdf
2001,Nifty Alpha 50,TRENT,2023-12-29,2025-09-30,,press_release,https://niftyindices.com/Press_Release/ind_prs07122023.pdf,closed by ind_prs15092025.pdf
2001,Nifty Alpha 50,BOSCHLTD,2025-09-30,2025-12-31,,press_release,https://niftyindices.com/Press_Release/ind_prs15092025.pdf,closed by ind_prs11122025.pdf
2001,Nifty Alpha 50,CDSL,2024-09-30,2025-12-31,,press_release,https://niftyindices.com/Press_Release/ind_prs23092024.pdf,closed by ind_prs11122025.pdf
2001,Nifty Alpha 50,COFORGE,2025-06-30,2025-12-31,,press_release,https://niftyindices.com/Press_Release/ind_prs06062025.pdf,closed by ind_prs11122025.pdf
2001,Nifty Alpha 50,DIVISLAB,2025-03-28,2025-12-31,,press_release,https://niftyindices.com/Press_Release/ind_prs13032025.pdf,closed by ind_prs11122025.pdf
2001,Nifty Alpha 50,DIXON,2024-03-28,2025-12-31,,press_release,https://niftyindices.com/Press_Release/ind_prs14032024.pdf,closed by ind_prs11122025.pdf
2001,Nifty Alpha 50,ETERNAL,2023-12-29,2025-12-31,,press_release,https://niftyindices.com/Press_Release/ind_prs07122023.pdf,closed by ind_prs11122025.pdf
2001,Nifty Alpha 50,INDHOTEL,2025-09-30,2025-12-31,,press_release,https://niftyindices.com/Press_Release/ind_prs15092025.pdf,closed by ind_prs11122025.pdf
2001,Nifty Alpha 50,KAYNES,2024-12-31,2025-12-31,,press_release,https://niftyindices.com/Press_Release/ind_prs11122024.pdf,closed by ind_prs11122025.pdf
2001,Nifty Alpha 50,KFINTECH,2024-12-31,2025-12-31,,press_release,https://niftyindices.com/Press_Release/ind_prs11122024.pdf,closed by ind_prs11122025.pdf
2001,Nifty Alpha 50,MOTILALOFS,2024-12-31,2025-12-31,,press_release,https://niftyindices.com/Press_Release/ind_prs11122024.pdf,closed by ind_prs11122025.pdf
2001,Nifty Alpha 50,POLICYBZR,2023-12-29,2025-12-31,,press_release,https://niftyindices.com/Press_Release/ind_prs07122023.pdf,closed by ind_prs11122025.pdf
2001,Nifty Alpha 50,PERSISTENT,2025-06-30,2025-12-31,,press_release,https://niftyindices.com/Press_Release/ind_prs06062025.pdf,closed by ind_prs11122025.pdf
2001,Nifty Alpha 50,PGEL,2025-03-28,2025-12-31,,press_release,https://niftyindices.com/Press_Release/ind_prs13032025.pdf,closed by ind_prs11122025.pdf
2001,Nifty Alpha 50,RPOWER,2025-03-28,2025-12-31,,press_release,https://niftyindices.com/Press_Release/ind_prs13032025.pdf,closed by ind_prs11122025.pdf
2001,Nifty Alpha 50,WOCKPHARMA,2025-09-30,2025-12-31,,press_release,https://niftyindices.com/Press_Release/ind_prs15092025.pdf,closed by ind_prs11122025.pdf
2001,Nifty Alpha 50,BAJFINANCE,2025-03-28,2026-03-30,,press_release,https://niftyindices.com/Press_Release/ind_prs13032025.pdf,closed by ind_prs12032026.pdf
2001,Nifty Alpha 50,BAJAJFINSV,2025-12-31,2026-03-30,,press_release,https://niftyindices.com/Press_Release/ind_prs11122025.pdf,closed by ind_prs12032026.pdf
2001,Nifty Alpha 50,BAJAJHLDNG,2025-06-30,2026-03-30,,press_release,https://niftyindices.com/Press_Release/ind_prs06062025.pdf,closed by ind_prs12032026.pdf
2001,Nifty Alpha 50,BHARTIARTL,2025-03-28,2026-03-30,,press_release,https://niftyindices.com/Press_Release/ind_prs13032025.pdf,closed by ind_prs12032026.pdf
2001,Nifty Alpha 50,CHOLAFIN,2025-12-31,2026-03-30,,press_release,https://niftyindices.com/Press_Release/ind_prs11122025.pdf,closed by ind_prs12032026.pdf
2001,Nifty Alpha 50,COROMANDEL,2025-06-30,2026-03-30,,press_release,https://niftyindices.com/Press_Release/ind_prs06062025.pdf,closed by ind_prs12032026.pdf
2001,Nifty Alpha 50,GODFRYPHLP,2025-09-30,2026-03-30,,press_release,https://niftyindices.com/Press_Release/ind_prs15092025.pdf,closed by ind_prs12032026.pdf
2001,Nifty Alpha 50,HDFCLIFE,2025-06-30,2026-03-30,,press_release,https://niftyindices.com/Press_Release/ind_prs06062025.pdf,closed by ind_prs12032026.pdf
2001,Nifty Alpha 50,INDIGO,2025-03-28,2026-03-30,,press_release,https://niftyindices.com/Press_Release/ind_prs13032025.pdf,closed by ind_prs12032026.pdf
2001,Nifty Alpha 50,MAXHEALTH,2025-06-30,2026-03-30,,press_release,https://niftyindices.com/Press_Release/ind_prs06062025.pdf,closed by ind_prs12032026.pdf
2001,Nifty Alpha 50,MAZDOCK,2024-12-31,2026-03-30,,press_release,https://niftyindices.com/Press_Release/ind_prs11122024.pdf,closed by ind_prs12032026.pdf
2001,Nifty Alpha 50,UPL,2025-03-28,2026-03-30,,press_release,https://niftyindices.com/Press_Release/ind_prs13032025.pdf,closed by ind_prs12032026.pdf
2001,Nifty Alpha 50,INFOTECENT,2014-01-13,2014-03-31,,press_release,https://niftyindices.com/Press_Release/ind_prs03012014.pdf,"inferred-exclude: not in NSE current snapshot, no PR found (closed at next semi-annual review)"
2001,Nifty Alpha 50,ARVIND,2014-04-15,2014-09-30,,press_release,https://niftyindices.com/Press_Release/ind_prs03042014.pdf,"inferred-exclude: not in NSE current snapshot, no PR found (closed at next semi-annual review)"
2001,Nifty Alpha 50,GUJRATGAS,2014-07-14,2014-09-30,,press_release,https://niftyindices.com/Press_Release/ind_prs07072014.pdf,"inferred-exclude: not in NSE current snapshot, no PR found (closed at next semi-annual review)"
2001,Nifty Alpha 50,BEL,2022-06-30,,,press_release,https://niftyindices.com/Press_Release/ind_prs15062022.pdf,
2001,Nifty Alpha 50,SAMMAANCAP,2015-10-19,2016-03-31,,press_release,https://niftyindices.com/Press_Release/ind_prs08102015.pdf,"inferred-exclude: not in NSE current snapshot, no PR found (closed at next semi-annual review)"
2001,Nifty Alpha 50,WELSPUNIND,2015-10-19,2016-03-31,,press_release,https://niftyindices.com/Press_Release/ind_prs08102015.pdf,"inferred-exclude: not in NSE current snapshot, no PR found (closed at next semi-annual review)"
2001,Nifty Alpha 50,FCEL,2016-01-18,2016-03-31,,press_release,https://niftyindices.com/Press_Release/ind_prs11012016.pdf,"inferred-exclude: not in NSE current snapshot, no PR found (closed at next semi-annual review)"
2001,Nifty Alpha 50,PIPAVAVDOC,2016-01-18,2016-03-31,,press_release,https://niftyindices.com/Press_Release/ind_prs11012016.pdf,"inferred-exclude: not in NSE current snapshot, no PR found (closed at next semi-annual review)"
2001,Nifty Alpha 50,ICIL,2016-04-29,2016-09-30,,press_release,https://niftyindices.com/Press_Release/ind_prs22042016.pdf,"inferred-exclude: not in NSE current snapshot, no PR found (closed at next semi-annual review)"
2001,Nifty Alpha 50,BAJAJHIND,2016-07-25,2016-09-30,,press_release,https://niftyindices.com/Press_Release/ind_prs18072016.pdf,"inferred-exclude: not in NSE current snapshot, no PR found (closed at next semi-annual review)"
2001,Nifty Alpha 50,GRASIM,2016-07-25,2016-09-30,,press_release,https://niftyindices.com/Press_Release/ind_prs18072016.pdf,"inferred-exclude: not in NSE current snapshot, no PR found (closed at next semi-annual review)"
2001,Nifty Alpha 50,KANSAINER,2016-07-25,2016-09-30,,press_release,https://niftyindices.com/Press_Release/ind_prs18072016.pdf,"inferred-exclude: not in NSE current snapshot, no PR found (closed at next semi-annual review)"
2001,Nifty Alpha 50,KEC,2017-09-29,2017-09-30,,press_release,https://niftyindices.com/Press_Release/ind_prs13092017.pdf,"inferred-exclude: not in NSE current snapshot, no PR found (closed at next semi-annual review)"
2001,Nifty Alpha 50,IISL,2017-10-30,2018-03-31,,press_release,https://niftyindices.com/Press_Release/ind_prs16102017.pdf,"inferred-exclude: not in NSE current snapshot, no PR found (closed at next semi-annual review)"
2001,Nifty Alpha 50,BHARATFIN,2018-06-29,2018-09-30,,press_release,https://niftyindices.com/Press_Release/ind_prs15062018.pdf,"inferred-exclude: not in NSE current snapshot, no PR found (closed at next semi-annual review)"
2001,Nifty Alpha 50,GSKCONS,2018-09-28,2018-09-30,,press_release,https://niftyindices.com/Press_Release/ind_prs10092018.pdf,"inferred-exclude: not in NSE current snapshot, no PR found (closed at next semi-annual review)"
2001,Nifty Alpha 50,OD,2018-09-28,2018-09-30,,press_release,https://niftyindices.com/Press_Release/ind_prs10092018.pdf,"inferred-exclude: not in NSE current snapshot, no PR found (closed at next semi-annual review)"
2001,Nifty Alpha 50,GUJFLUORO,2019-03-29,2019-03-31,,press_release,https://niftyindices.com/Press_Release/ind_prs13032019.pdf,"inferred-exclude: not in NSE current snapshot, no PR found (closed at next semi-annual review)"
2001,Nifty Alpha 50,MERCK,2019-06-28,2019-09-30,,press_release,https://niftyindices.com/Press_Release/ind_prs13062019.pdf,"inferred-exclude: not in NSE current snapshot, no PR found (closed at next semi-annual review)"
2001,Nifty Alpha 50,AUBANK,2025-12-31,,,press_release,https://niftyindices.com/Press_Release/ind_prs11122025.pdf,
2001,Nifty Alpha 50,CREDITACC,2020-03-27,2020-03-31,,press_release,https://niftyindices.com/Press_Release/ind_prs12032020.pdf,"inferred-exclude: not in NSE current snapshot, no PR found (closed at next semi-annual review)"
2001,Nifty Alpha 50,GLENMARK,2023-09-29,,,press_release,https://niftyindices.com/Press_Release/ind_prs15092023.pdf,
2001,Nifty Alpha 50,BSE,2023-12-29,,,press_release,https://niftyindices.com/Press_Release/ind_prs07122023.pdf,
2001,Nifty Alpha 50,MCX,2023-12-29,,,press_release,https://niftyindices.com/Press_Release/ind_prs07122023.pdf,
2001,Nifty Alpha 50,BDL,2024-06-28,,,press_release,https://niftyindices.com/Press_Release/ind_prs07062024.pdf,
2001,Nifty Alpha 50,CENTURYTEX,2024-09-30,2025-03-31,,press_release,https://niftyindices.com/Press_Release/ind_prs23092024.pdf,"inferred-exclude: not in NSE current snapshot, no PR found (closed at next semi-annual review)"
2001,Nifty Alpha 50,AMBER,2025-03-28,,,press_release,https://niftyindices.com/Press_Release/ind_prs13032025.pdf,
2001,Nifty Alpha 50,FORTIS,2025-03-28,,,press_release,https://niftyindices.com/Press_Release/ind_prs13032025.pdf,
2001,Nifty Alpha 50,GVT&D,2025-03-28,,,press_release,https://niftyindices.com/Press_Release/ind_prs13032025.pdf,
2001,Nifty Alpha 50,POWERINDIA,2025-03-28,,,press_release,https://niftyindices.com/Press_Release/ind_prs13032025.pdf,
2001,Nifty Alpha 50,M&M,2025-03-28,,,press_release,https://niftyindices.com/Press_Release/ind_prs13032025.pdf,
2001,Nifty Alpha 50,MUTHOOTFIN,2025-03-28,,,press_release,https://niftyindices.com/Press_Release/ind_prs13032025.pdf,
2001,Nifty Alpha 50,PAYTM,2025-03-28,,,press_release,https://niftyindices.com/Press_Release/ind_prs13032025.pdf,
2001,Nifty Alpha 50,LAURUSLABS,2025-06-30,,,press_release,https://niftyindices.com/Press_Release/ind_prs06062025.pdf,
2001,Nifty Alpha 50,MFSL,2025-06-30,,,press_release,https://niftyindices.com/Press_Release/ind_prs06062025.pdf,
2001,Nifty Alpha 50,NH,2025-06-30,,,press_release,https://niftyindices.com/Press_Release/ind_prs06062025.pdf,
2001,Nifty Alpha 50,SOLARINDS,2025-06-30,,,press_release,https://niftyindices.com/Press_Release/ind_prs06062025.pdf,
2001,Nifty Alpha 50,ABCAPITAL,2025-09-30,,,press_release,https://niftyindices.com/Press_Release/ind_prs15092025.pdf,
2001,Nifty Alpha 50,EICHERMOT,2025-09-30,,,press_release,https://niftyindices.com/Press_Release/ind_prs15092025.pdf,
2001,Nifty Alpha 50,HDFCAMC,2025-09-30,,,press_release,https://niftyindices.com/Press_Release/ind_prs15092025.pdf,
2001,Nifty Alpha 50,LTF,2025-09-30,,,press_release,https://niftyindices.com/Press_Release/ind_prs15092025.pdf,
2001,Nifty Alpha 50,MANAPPURAM,2025-09-30,,,press_release,https://niftyindices.com/Press_Release/ind_prs15092025.pdf,
2001,Nifty Alpha 50,MARUTI,2025-09-30,,,press_release,https://niftyindices.com/Press_Release/ind_prs15092025.pdf,
2001,Nifty Alpha 50,RBLBANK,2025-09-30,,,press_release,https://niftyindices.com/Press_Release/ind_prs15092025.pdf,
2001,Nifty Alpha 50,REDINGTON,2025-09-30,,,press_release,https://niftyindices.com/Press_Release/ind_prs15092025.pdf,
2001,Nifty Alpha 50,TVSMOTOR,2025-09-30,,,press_release,https://niftyindices.com/Press_Release/ind_prs15092025.pdf,
2001,Nifty Alpha 50,ADANIPOWER,2025-12-31,,,press_release,https://niftyindices.com/Press_Release/ind_prs11122025.pdf,
2001,Nifty Alpha 50,ASHOKLEY,2025-12-31,,,press_release,https://niftyindices.com/Press_Release/ind_prs11122025.pdf,
2001,Nifty Alpha 50,BANKINDIA,2025-12-31,,,press_release,https://niftyindices.com/Press_Release/ind_prs11122025.pdf,
2001,Nifty Alpha 50,CANBK,2025-12-31,,,press_release,https://niftyindices.com/Press_Release/ind_prs11122025.pdf,
2001,Nifty Alpha 50,NYKAA,2025-12-31,,,press_release,https://niftyindices.com/Press_Release/ind_prs11122025.pdf,
2001,Nifty Alpha 50,IIFL,2025-12-31,,,press_release,https://niftyindices.com/Press_Release/ind_prs11122025.pdf,
2001,Nifty Alpha 50,INDIANB,2025-12-31,,,press_release,https://niftyindices.com/Press_Release/ind_prs11122025.pdf,
2001,Nifty Alpha 50,NAVINFLUOR,2025-12-31,,,press_release,https://niftyindices.com/Press_Release/ind_prs11122025.pdf,
2001,Nifty Alpha 50,POONAWALLA,2025-12-31,,,press_release,https://niftyindices.com/Press_Release/ind_prs11122025.pdf,
2001,Nifty Alpha 50,RADICO,2025-12-31,,,press_release,https://niftyindices.com/Press_Release/ind_prs11122025.pdf,
2001,Nifty Alpha 50,SBILIFE,2025-12-31,,,press_release,https://niftyindices.com/Press_Release/ind_prs11122025.pdf,
2001,Nifty Alpha 50,SHRIRAMFIN,2025-12-31,,,press_release,https://niftyindices.com/Press_Release/ind_prs11122025.pdf,
2001,Nifty Alpha 50,APARINDS,2026-03-30,,,press_release,https://niftyindices.com/Press_Release/ind_prs12032026.pdf,
2001,Nifty Alpha 50,BHARATFORG,2026-03-30,,,press_release,https://niftyindices.com/Press_Release/ind_prs12032026.pdf,
2001,Nifty Alpha 50,CUMMINSIND,2026-03-30,,,press_release,https://niftyindices.com/Press_Release/ind_prs12032026.pdf,
2001,Nifty Alpha 50,DELHIVERY,2026-03-30,,,press_release,https://niftyindices.com/Press_Release/ind_prs12032026.pdf,
2001,Nifty Alpha 50,FEDERALBNK,2026-03-30,,,press_release,https://niftyindices.com/Press_Release/ind_prs12032026.pdf,
2001,Nifty Alpha 50,HINDCOPPER,2026-03-30,,,press_release,https://niftyindices.com/Press_Release/ind_prs12032026.pdf,
2001,Nifty Alpha 50,KARURVYSYA,2026-03-30,,,press_release,https://niftyindices.com/Press_Release/ind_prs12032026.pdf,
2001,Nifty Alpha 50,NATIONALUM,2026-03-30,,,press_release,https://niftyindices.com/Press_Release/ind_prs12032026.pdf,
2001,Nifty Alpha 50,POLYCAB,2026-03-30,,,press_release,https://niftyindices.com/Press_Release/ind_prs12032026.pdf,
2001,Nifty Alpha 50,SBIN,2026-03-30,,,press_release,https://niftyindices.com/Press_Release/ind_prs12032026.pdf,
2001,Nifty Alpha 50,UNIONBANK,2026-03-30,,,press_release,https://niftyindices.com/Press_Release/ind_prs12032026.pdf,
2001,Nifty Alpha 50,VEDL,2026-03-30,,,press_release,https://niftyindices.com/Press_Release/ind_prs12032026.pdf,
2002,Nifty High Beta 50,ARVIND,2014-01-01,2014-01-13,,snapshot_floor,,closed by ind_prs03012014.pdf
2002,Nifty High Beta 50,PUNJLLOYD,2014-01-01,2014-01-13,,snapshot_floor,,closed by ind_prs03012014.pdf
2002,Nifty High Beta 50,SINTEX,2014-01-01,2014-01-13,,snapshot_floor,,closed by ind_prs03012014.pdf
2002,Nifty High Beta 50,ADANIPOWER,2014-01-01,2014-04-15,,snapshot_floor,,closed by ind_prs03042014.pdf
2002,Nifty High Beta 50,RENUKA,2014-01-01,2014-04-15,,snapshot_floor,,closed by ind_prs03042014.pdf
2002,Nifty High Beta 50,SAIL,2014-01-01,2014-04-15,,snapshot_floor,,closed by ind_prs03042014.pdf
2002,Nifty High Beta 50,SUZLON,2014-01-01,2014-04-15,,snapshot_floor,,closed by ind_prs03042014.pdf
2002,Nifty High Beta 50,FRL,2014-01-13,2014-10-14,,press_release,https://niftyindices.com/Press_Release/ind_prs03012014.pdf,closed by ind_prs08102014.pdf
2002,Nifty High Beta 50,DENABANK,2014-01-01,2015-01-12,,snapshot_floor,,closed by ind_prs06012015.pdf
2002,Nifty High Beta 50,HCC,2014-10-14,2015-01-12,,press_release,https://niftyindices.com/Press_Release/ind_prs08102014.pdf,closed by ind_prs06012015.pdf
2002,Nifty High Beta 50,JPPOWER,2014-01-01,2015-01-12,,snapshot_floor,,closed by ind_prs06012015.pdf
2002,Nifty High Beta 50,JPINFRATEC,2014-04-15,2015-01-12,,press_release,https://niftyindices.com/Press_Release/ind_prs03042014.pdf,closed by ind_prs06012015.pdf
2002,Nifty High Beta 50,DELTACORP,2014-01-01,2015-04-20,,snapshot_floor,,closed by ind_prs10042015.pdf
2002,Nifty High Beta 50,INDUSINDBK,2014-01-01,2015-04-20,,snapshot_floor,,closed by ind_prs10042015.pdf
2002,Nifty High Beta 50,JINDALSAW,2014-04-15,2015-04-20,,press_release,https://niftyindices.com/Press_Release/ind_prs03042014.pdf,closed by ind_prs10042015.pdf
2002,Nifty High Beta 50,RAYMOND,2014-01-01,2015-07-13,,snapshot_floor,,closed by ind_prs02072015.pdf
2002,Nifty High Beta 50,CROMPGREAV,2015-01-12,2015-09-28,,press_release,https://niftyindices.com/Press_Release/ind_prs06012015.pdf,closed by ind_prs24082015.pdf
2002,Nifty High Beta 50,EDELWEISS,2015-04-20,2015-10-19,,press_release,https://niftyindices.com/Press_Release/ind_prs10042015.pdf,closed by ind_prs08102015.pdf
2002,Nifty High Beta 50,IBREALEST,2014-01-01,2015-10-19,,snapshot_floor,,closed by ind_prs08102015.pdf
2002,Nifty High Beta 50,UCOBANK,2014-01-01,2015-10-19,,snapshot_floor,,closed by ind_prs08102015.pdf
2002,Nifty High Beta 50,STRTECH,2015-10-19,2016-01-18,,press_release,https://niftyindices.com/Press_Release/ind_prs08102015.pdf,closed by ind_prs11012016.pdf
2002,Nifty High Beta 50,UNITECH,2014-01-01,2016-01-18,,snapshot_floor,,closed by ind_prs11012016.pdf
2002,Nifty High Beta 50,ALBK,2014-04-15,2016-04-29,,press_release,https://niftyindices.com/Press_Release/ind_prs03042014.pdf,closed by ind_prs22042016.pdf
2002,Nifty High Beta 50,ANDHRABANK,2015-01-12,2016-04-29,,press_release,https://niftyindices.com/Press_Release/ind_prs06012015.pdf,closed by ind_prs22042016.pdf
2002,Nifty High Beta 50,IBREALEST,2016-01-18,2016-04-29,,press_release,https://niftyindices.com/Press_Release/ind_prs11012016.pdf,closed by ind_prs22042016.pdf
2002,Nifty High Beta 50,JSWSTEEL,2014-01-01,2016-04-29,,snapshot_floor,,closed by ind_prs22042016.pdf
2002,Nifty High Beta 50,JPASSOCIAT,2014-01-01,2016-07-25,,snapshot_floor,,closed by ind_prs18072016.pdf
2002,Nifty High Beta 50,MARKSANS,2015-10-19,2016-07-25,,press_release,https://niftyindices.com/Press_Release/ind_prs08102015.pdf,closed by ind_prs18072016.pdf
2002,Nifty High Beta 50,ORIENTBANK,2014-01-01,2016-07-25,,snapshot_floor,,closed by ind_prs18072016.pdf
2002,Nifty High Beta 50,SYNDIBANK,2014-01-01,2016-07-25,,snapshot_floor,,closed by ind_prs18072016.pdf
2002,Nifty High Beta 50,JETAIRWAYS,2016-04-29,2017-01-10,,press_release,https://niftyindices.com/Press_Release/ind_prs22042016.pdf,closed by ind_prs03012017.pdf
2002,Nifty High Beta 50,SINTEX,2015-04-20,2017-04-17,,press_release,https://niftyindices.com/Press_Release/ind_prs10042015.pdf,closed by ind_prs07042017.pdf
2002,Nifty High Beta 50,ASHOKLEY,2015-04-20,2017-05-26,,press_release,https://niftyindices.com/Press_Release/ind_prs10042015.pdf,closed by ind_prs09052017.pdf
2002,Nifty High Beta 50,PTC,2014-01-01,2017-05-26,,snapshot_floor,,closed by ind_prs09052017.pdf
2002,Nifty High Beta 50,WOCKPHARMA,2015-10-19,2017-05-26,,press_release,https://niftyindices.com/Press_Release/ind_prs08102015.pdf,closed by ind_prs09052017.pdf
2002,Nifty High Beta 50,AXISBANK,2014-01-01,2017-09-29,,snapshot_floor,,closed by ind_prs13092017.pdf
2002,Nifty High Beta 50,IFCI,2014-01-01,2017-09-29,,snapshot_floor,,closed by ind_prs13092017.pdf
2002,Nifty High Beta 50,LT,2014-04-15,2017-09-29,,press_release,https://niftyindices.com/Press_Release/ind_prs03042014.pdf,closed by ind_prs13092017.pdf
2002,Nifty High Beta 50,RELCAPITAL,2014-01-01,2017-09-29,,snapshot_floor,,closed by ind_prs29082017.pdf
2002,Nifty High Beta 50,HDIL,2014-01-01,2017-12-29,,snapshot_floor,,closed by ind_prs18122017.pdf
2002,Nifty High Beta 50,LICHSGFIN,2014-01-01,2017-12-29,,snapshot_floor,,closed by ind_prs18122017.pdf
2002,Nifty High Beta 50,MOTHERSON,2016-07-25,2017-12-29,,press_release,https://niftyindices.com/Press_Release/ind_prs18072016.pdf,closed by ind_prs18122017.pdf
2002,Nifty High Beta 50,RCOM,2014-01-01,2017-12-29,,snapshot_floor,,closed by ind_prs18122017.pdf
2002,Nifty High Beta 50,RPOWER,2014-01-01,2017-12-29,,snapshot_floor,,closed by ind_prs18122017.pdf
2002,Nifty High Beta 50,TATAELXSI,2016-01-18,2017-12-29,,press_release,https://niftyindices.com/Press_Release/ind_prs11012016.pdf,closed by ind_prs18122017.pdf
2002,Nifty High Beta 50,ADANIENT,2016-07-25,2018-04-02,,press_release,https://niftyindices.com/Press_Release/ind_prs18072016.pdf,closed by ind_prs08032018.pdf
2002,Nifty High Beta 50,BHARATFIN,2017-04-17,2018-04-02,,press_release,https://niftyindices.com/Press_Release/ind_prs07042017.pdf,closed by ind_prs08032018.pdf
2002,Nifty High Beta 50,JUBILANT,2017-01-10,2018-04-02,,press_release,https://niftyindices.com/Press_Release/ind_prs03012017.pdf,closed by ind_prs08032018.pdf
2002,Nifty High Beta 50,BANKINDIA,2014-01-01,2018-06-29,,snapshot_floor,,closed by ind_prs15062018.pdf
2002,Nifty High Beta 50,BEML,2018-04-02,2018-06-29,,press_release,https://niftyindices.com/Press_Release/ind_prs08032018.pdf,closed by ind_prs15062018.pdf
2002,Nifty High Beta 50,JMFINANCIL,2017-05-26,2018-06-29,,press_release,https://niftyindices.com/Press_Release/ind_prs09052017.pdf,closed by ind_prs15062018.pdf
2002,Nifty High Beta 50,ADANIPOWER,2015-07-13,2018-09-28,,press_release,https://niftyindices.com/Press_Release/ind_prs02072015.pdf,closed by ind_prs10092018.pdf
2002,Nifty High Beta 50,JPASSOCIAT,2017-09-29,2018-09-28,,press_release,https://niftyindices.com/Press_Release/ind_prs29082017.pdf,closed by ind_prs10092018.pdf
2002,Nifty High Beta 50,JSWENERGY,2014-01-01,2018-09-28,,snapshot_floor,,closed by ind_prs10092018.pdf
2002,Nifty High Beta 50,IDBI,2014-01-01,2018-12-28,,snapshot_floor,,closed by ind_prs14122018.pdf
2002,Nifty High Beta 50,INDIACEM,2015-01-12,2018-12-28,,press_release,https://niftyindices.com/Press_Release/ind_prs06012015.pdf,closed by ind_prs14122018.pdf
2002,Nifty High Beta 50,NATIONALUM,2017-12-29,2018-12-28,,press_release,https://niftyindices.com/Press_Release/ind_prs18122017.pdf,closed by ind_prs14122018.pdf
2002,Nifty High Beta 50,PCJEWELLER,2018-04-02,2018-12-28,,press_release,https://niftyindices.com/Press_Release/ind_prs08032018.pdf,closed by ind_prs14122018.pdf
2002,Nifty High Beta 50,SUZLON,2016-04-29,2018-12-28,,press_release,https://niftyindices.com/Press_Release/ind_prs22042016.pdf,closed by ind_prs14122018.pdf
2002,Nifty High Beta 50,ADANIENSOL,2017-12-29,2019-03-29,,press_release,https://niftyindices.com/Press_Release/ind_prs18122017.pdf,closed by ind_prs13032019.pdf
2002,Nifty High Beta 50,INDIANB,2017-09-29,2019-03-29,,press_release,https://niftyindices.com/Press_Release/ind_prs13092017.pdf,closed by ind_prs13032019.pdf
2002,Nifty High Beta 50,INFIBEAM,2018-12-28,2019-03-29,,press_release,https://niftyindices.com/Press_Release/ind_prs14122018.pdf,closed by ind_prs13032019.pdf
2002,Nifty High Beta 50,JISLJALEQS,2015-01-12,2019-03-29,,press_release,https://niftyindices.com/Press_Release/ind_prs06012015.pdf,closed by ind_prs13032019.pdf
2002,Nifty High Beta 50,BANKINDIA,2018-12-28,2019-06-28,,press_release,https://niftyindices.com/Press_Release/ind_prs14122018.pdf,closed by ind_prs13062019.pdf
2002,Nifty High Beta 50,JMFINANCIL,2018-12-28,2019-06-28,,press_release,https://niftyindices.com/Press_Release/ind_prs14122018.pdf,closed by ind_prs13062019.pdf
2002,Nifty High Beta 50,RELCAPITAL,2018-12-28,2019-06-28,,press_release,https://niftyindices.com/Press_Release/ind_prs14122018.pdf,closed by ind_prs13062019.pdf
2002,Nifty High Beta 50,VOLTAS,2015-01-12,2019-06-28,,press_release,https://niftyindices.com/Press_Release/ind_prs06012015.pdf,closed by ind_prs13062019.pdf
2002,Nifty High Beta 50,BBTC,2018-09-28,2019-09-27,,press_release,https://niftyindices.com/Press_Release/ind_prs10092018.pdf,closed by ind_prs17092019.pdf
2002,Nifty High Beta 50,DHFL,2016-07-25,2019-09-27,,press_release,https://niftyindices.com/Press_Release/ind_prs18072016.pdf,closed by ind_prs17092019.pdf
2002,Nifty High Beta 50,DISHTV,2019-06-28,2019-09-27,,press_release,https://niftyindices.com/Press_Release/ind_prs13062019.pdf,closed by ind_prs17092019.pdf
2002,Nifty High Beta 50,GSFC,2018-04-02,2019-09-27,,press_release,https://niftyindices.com/Press_Release/ind_prs08032018.pdf,closed by ind_prs17092019.pdf
2002,Nifty High Beta 50,RELINFRA,2014-01-01,2019-09-27,,snapshot_floor,,closed by ind_prs17092019.pdf
2002,Nifty High Beta 50,TV18BRDCST,2014-01-01,2019-09-27,,snapshot_floor,,closed by ind_prs17092019.pdf
2002,Nifty High Beta 50,GNFC,2018-06-29,2019-12-27,,press_release,https://niftyindices.com/Press_Release/ind_prs15062018.pdf,closed by ind_prs16122019.pdf
2002,Nifty High Beta 50,JUSTDIAL,2019-03-29,2019-12-27,,press_release,https://niftyindices.com/Press_Release/ind_prs13032019.pdf,closed by ind_prs16122019.pdf
2002,Nifty High Beta 50,RAYMOND,2018-06-29,2019-12-27,,press_release,https://niftyindices.com/Press_Release/ind_prs15062018.pdf,closed by ind_prs16122019.pdf
2002,Nifty High Beta 50,RECLTD,2014-01-01,2019-12-27,,snapshot_floor,,closed by ind_prs16122019.pdf
2002,Nifty High Beta 50,TORNTPOWER,2018-09-28,2019-12-27,,press_release,https://niftyindices.com/Press_Release/ind_prs10092018.pdf,closed by ind_prs16122019.pdf
2002,Nifty High Beta 50,YESBANK,2014-01-01,2020-03-19,,snapshot_floor,,closed by ind_prs16032020.pdf
2002,Nifty High Beta 50,BANKINDIA,2019-09-27,2020-06-26,,press_release,https://niftyindices.com/Press_Release/ind_prs17092019.pdf,closed by ind_prs10062020.pdf
2002,Nifty High Beta 50,DELTACORP,2017-05-26,2020-06-26,,press_release,https://niftyindices.com/Press_Release/ind_prs09052017.pdf,closed by ind_prs10062020.pdf
2002,Nifty High Beta 50,IDFC,2019-09-27,2020-06-26,,press_release,https://niftyindices.com/Press_Release/ind_prs17092019.pdf,closed by ind_prs10062020.pdf
2002,Nifty High Beta 50,IBREALEST,2016-07-25,2020-06-26,,press_release,https://niftyindices.com/Press_Release/ind_prs18072016.pdf,closed by ind_prs10062020.pdf
2002,Nifty High Beta 50,DHANI,2017-12-29,2020-06-26,,press_release,https://niftyindices.com/Press_Release/ind_prs18122017.pdf,closed by ind_prs10062020.pdf
2002,Nifty High Beta 50,KTKBANK,2014-01-01,2020-06-26,,snapshot_floor,,closed by ind_prs10062020.pdf
2002,Nifty High Beta 50,NBCC,2019-09-27,2020-06-26,,press_release,https://niftyindices.com/Press_Release/ind_prs17092019.pdf,closed by ind_prs10062020.pdf
2002,Nifty High Beta 50,NCC,2014-07-14,2020-06-26,,press_release,https://niftyindices.com/Press_Release/ind_prs07072014.pdf,closed by ind_prs10062020.pdf
2002,Nifty High Beta 50,PNB,2014-01-13,2020-06-26,,press_release,https://niftyindices.com/Press_Release/ind_prs03012014.pdf,closed by ind_prs10062020.pdf
2002,Nifty High Beta 50,STRTECH,2018-09-28,2020-06-26,,press_release,https://niftyindices.com/Press_Release/ind_prs10092018.pdf,closed by ind_prs10062020.pdf
2002,Nifty High Beta 50,TATAPOWER,2019-06-28,2020-06-26,,press_release,https://niftyindices.com/Press_Release/ind_prs13062019.pdf,closed by ind_prs10062020.pdf
2002,Nifty High Beta 50,UNIONBANK,2014-01-01,2020-06-26,,snapshot_floor,,closed by ind_prs10062020.pdf
2002,Nifty High Beta 50,VIPIND,2019-03-29,2020-06-26,,press_release,https://niftyindices.com/Press_Release/ind_prs13032019.pdf,closed by ind_prs10062020.pdf
2002,Nifty High Beta 50,VEDL,2014-01-01,2020-07-31,,snapshot_floor,,closed by ind_prs02072020_1.pdf
2002,Nifty High Beta 50,ADANIPOWER,2019-03-29,2020-09-14,,press_release,https://niftyindices.com/Press_Release/ind_prs13032019.pdf,closed by ind_prs07092020.pdf
2002,Nifty High Beta 50,EDELWEISS,2017-05-26,2020-09-14,,press_release,https://niftyindices.com/Press_Release/ind_prs09052017.pdf,closed by ind_prs07092020.pdf
2002,Nifty High Beta 50,EQUITAS,2020-06-26,2021-01-01,,press_release,https://niftyindices.com/Press_Release/ind_prs10062020.pdf,closed by ind_prs11122020.pdf
2002,Nifty High Beta 50,HINDPETRO,2019-06-28,2021-01-01,,press_release,https://niftyindices.com/Press_Release/ind_prs13062019.pdf,closed by ind_prs11122020.pdf
2002,Nifty High Beta 50,RADICO,2018-06-29,2021-03-31,,press_release,https://niftyindices.com/Press_Release/ind_prs15062018.pdf,closed by ind_prs10032021.pdf
2002,Nifty High Beta 50,COFORGE,2020-06-26,2021-06-30,,press_release,https://niftyindices.com/Press_Release/ind_prs10062020.pdf,closed by ind_prs15062021.pdf
2002,Nifty High Beta 50,ICICIPRULI,2020-06-26,2021-06-30,,press_release,https://niftyindices.com/Press_Release/ind_prs10062020.pdf,closed by ind_prs15062021.pdf
2002,Nifty High Beta 50,MFSL,2020-06-26,2021-06-30,,press_release,https://niftyindices.com/Press_Release/ind_prs10062020.pdf,closed by ind_prs15062021.pdf
2002,Nifty High Beta 50,UJJIVAN,2017-12-29,2021-06-30,,press_release,https://niftyindices.com/Press_Release/ind_prs18122017.pdf,closed by ind_prs15062021.pdf
2002,Nifty High Beta 50,MARUTI,2020-09-14,2021-09-30,,press_release,https://niftyindices.com/Press_Release/ind_prs07092020.pdf,closed by ind_prs15092021.pdf
2002,Nifty High Beta 50,BPCL,2019-09-27,2021-12-31,,press_release,https://niftyindices.com/Press_Release/ind_prs17092019.pdf,closed by ind_prs08122021.pdf
2002,Nifty High Beta 50,ESCORTS,2019-03-29,2021-12-31,,press_release,https://niftyindices.com/Press_Release/ind_prs13032019.pdf,closed by ind_prs08122021.pdf
2002,Nifty High Beta 50,GRAPHITE,2021-06-30,2021-12-31,,press_release,https://niftyindices.com/Press_Release/ind_prs15062021.pdf,closed by ind_prs08122021.pdf
2002,Nifty High Beta 50,HINDCOPPER,2021-12-31,2022-03-31,,press_release,https://niftyindices.com/Press_Release/ind_prs08122021.pdf,closed by ind_prs08032022.pdf
2002,Nifty High Beta 50,M&M,2021-09-30,2022-03-31,,press_release,https://niftyindices.com/Press_Release/ind_prs15092021.pdf,closed by ind_prs08032022.pdf
2002,Nifty High Beta 50,MUTHOOTFIN,2020-06-26,2022-03-31,,press_release,https://niftyindices.com/Press_Release/ind_prs10062020.pdf,closed by ind_prs08032022.pdf
2002,Nifty High Beta 50,PFC,2014-01-01,2022-03-31,,snapshot_floor,,closed by ind_prs08032022.pdf
2002,Nifty High Beta 50,ICICIBANK,2014-01-01,2022-06-30,,snapshot_floor,,closed by ind_prs15062022.pdf
2002,Nifty High Beta 50,NAM-INDIA,2020-09-14,2022-06-30,,press_release,https://niftyindices.com/Press_Release/ind_prs07092020.pdf,closed by ind_prs15062022.pdf
2002,Nifty High Beta 50,NMDC,2020-03-19,2022-06-30,,press_release,https://niftyindices.com/Press_Release/ind_prs16032020.pdf,closed by ind_prs15062022.pdf
2002,Nifty High Beta 50,PEL,2018-12-28,2022-08-08,,press_release,https://niftyindices.com/Press_Release/ind_prs14122018.pdf,closed by ind_prs11072022.pdf
2002,Nifty High Beta 50,DELTACORP,2022-03-31,2022-09-30,,press_release,https://niftyindices.com/Press_Release/ind_prs08032022.pdf,closed by ind_prs16092022.pdf
2002,Nifty High Beta 50,IBREALEST,2021-12-31,2022-09-30,,press_release,https://niftyindices.com/Press_Release/ind_prs08122021.pdf,closed by ind_prs16092022.pdf
2002,Nifty High Beta 50,AXISBANK,2020-06-26,2022-12-30,,press_release,https://niftyindices.com/Press_Release/ind_prs10062020.pdf,closed by ind_prs06122022.pdf
2002,Nifty High Beta 50,CANFINHOME,2019-06-28,2022-12-30,,press_release,https://niftyindices.com/Press_Release/ind_prs13062019.pdf,closed by ind_prs06122022.pdf
2002,Nifty High Beta 50,AUBANK,2021-06-30,2023-03-31,,press_release,https://niftyindices.com/Press_Release/ind_prs15062021.pdf,closed by ind_prs06032023.pdf
2002,Nifty High Beta 50,GRASIM,2021-01-01,2023-03-31,,press_release,https://niftyindices.com/Press_Release/ind_prs11122020.pdf,closed by ind_prs06032023.pdf
2002,Nifty High Beta 50,SHRIRAMFIN,2020-06-26,2023-03-31,,press_release,https://niftyindices.com/Press_Release/ind_prs10062020.pdf,closed by ind_prs06032023.pdf
2002,Nifty High Beta 50,TATACHEM,2021-12-31,2023-03-31,,press_release,https://niftyindices.com/Press_Release/ind_prs08122021.pdf,closed by ind_prs06032023.pdf
2002,Nifty High Beta 50,IDEA,2019-09-27,2023-03-31,,press_release,https://niftyindices.com/Press_Release/ind_prs17092019.pdf,closed by ind_prs06032023.pdf
2002,Nifty High Beta 50,ASHOKLEY,2019-12-27,2023-06-30,,press_release,https://niftyindices.com/Press_Release/ind_prs16122019.pdf,closed by ind_prs09062023.pdf
2002,Nifty High Beta 50,LODHA,2022-06-30,2023-06-30,,press_release,https://niftyindices.com/Press_Release/ind_prs15062022.pdf,closed by ind_prs09062023.pdf
2002,Nifty High Beta 50,POLICYBZR,2022-12-30,2023-06-30,,press_release,https://niftyindices.com/Press_Release/ind_prs06122022.pdf,closed by ind_prs09062023.pdf
2002,Nifty High Beta 50,HDFC,2020-06-26,2023-07-13,,press_release,https://niftyindices.com/Press_Release/ind_prs10062020.pdf,closed by ind_prs04072023.pdf
2002,Nifty High Beta 50,APOLLOTYRE,2015-09-28,2023-09-29,,press_release,https://niftyindices.com/Press_Release/ind_prs24082015.pdf,closed by ind_prs15092023.pdf
2002,Nifty High Beta 50,BSE,2022-09-30,2023-09-29,,press_release,https://niftyindices.com/Press_Release/ind_prs16092022.pdf,closed by ind_prs15092023.pdf
2002,Nifty High Beta 50,SAMMAANCAP,2018-12-28,2023-09-29,,press_release,https://niftyindices.com/Press_Release/ind_prs14122018.pdf,closed by ind_prs15092023.pdf
2002,Nifty High Beta 50,AWL,2023-06-30,2023-12-29,,press_release,https://niftyindices.com/Press_Release/ind_prs09062023.pdf,closed by ind_prs07122023.pdf
2002,Nifty High Beta 50,GNFC,2023-03-31,2023-12-29,,press_release,https://niftyindices.com/Press_Release/ind_prs06032023.pdf,closed by ind_prs07122023.pdf
2002,Nifty High Beta 50,ADANIENSOL,2023-03-31,2024-03-28,,press_release,https://niftyindices.com/Press_Release/ind_prs06032023.pdf,closed by ind_prs14032024.pdf
2002,Nifty High Beta 50,ANGELONE,2022-06-30,2024-03-28,,press_release,https://niftyindices.com/Press_Release/ind_prs15062022.pdf,closed by ind_prs14032024.pdf
2002,Nifty High Beta 50,BAJFINANCE,2019-09-27,2024-03-28,,press_release,https://niftyindices.com/Press_Release/ind_prs17092019.pdf,closed by ind_prs14032024.pdf
2002,Nifty High Beta 50,BAJAJFINSV,2020-06-26,2024-03-28,,press_release,https://niftyindices.com/Press_Release/ind_prs10062020.pdf,closed by ind_prs14032024.pdf
2002,Nifty High Beta 50,CHOLAFIN,2019-03-29,2024-03-28,,press_release,https://niftyindices.com/Press_Release/ind_prs13032019.pdf,closed by ind_prs14032024.pdf
2002,Nifty High Beta 50,KTKBANK,2023-09-29,2024-03-28,,press_release,https://niftyindices.com/Press_Release/ind_prs15092023.pdf,closed by ind_prs14032024.pdf
2002,Nifty High Beta 50,LTTS,2023-03-31,2024-03-28,,press_release,https://niftyindices.com/Press_Release/ind_prs06032023.pdf,closed by ind_prs14032024.pdf
2002,Nifty High Beta 50,POONAWALLA,2022-09-30,2024-03-28,,press_release,https://niftyindices.com/Press_Release/ind_prs16092022.pdf,closed by ind_prs14032024.pdf
2002,Nifty High Beta 50,ETERNAL,2022-09-30,2024-03-28,,press_release,https://niftyindices.com/Press_Release/ind_prs16092022.pdf,closed by ind_prs14032024.pdf
2002,Nifty High Beta 50,ABFRL,2022-03-31,2024-06-28,,press_release,https://niftyindices.com/Press_Release/ind_prs08032022.pdf,closed by ind_prs07062024.pdf
2002,Nifty High Beta 50,IDFC,2022-06-30,2024-06-28,,press_release,https://niftyindices.com/Press_Release/ind_prs15062022.pdf,closed by ind_prs07062024.pdf
2002,Nifty High Beta 50,JSWENERGY,2023-03-31,2024-06-28,,press_release,https://niftyindices.com/Press_Release/ind_prs06032023.pdf,closed by ind_prs07062024.pdf
2002,Nifty High Beta 50,TMPV,2014-01-01,2024-06-28,,snapshot_floor,,closed by ind_prs07062024.pdf
2002,Nifty High Beta 50,HINDALCO,2014-01-01,2024-12-31,,snapshot_floor,,closed by ind_prs11122024.pdf
2002,Nifty High Beta 50,SJVN,2024-06-28,2024-12-31,,press_release,https://niftyindices.com/Press_Release/ind_prs07062024.pdf,closed by ind_prs11122024.pdf
2002,Nifty High Beta 50,ACC,2023-09-29,2025-03-28,,press_release,https://niftyindices.com/Press_Release/ind_prs15092023.pdf,closed by ind_prs13032025.pdf
2002,Nifty High Beta 50,HINDCOPPER,2024-03-28,2025-03-28,,press_release,https://niftyindices.com/Press_Release/ind_prs14032024.pdf,closed by ind_prs13032025.pdf
2002,Nifty High Beta 50,JINDALSTEL,2014-01-01,2025-03-28,,snapshot_floor,,closed by ind_prs13032025.pdf
2002,Nifty High Beta 50,JSWSTEEL,2020-06-26,2025-03-28,,press_release,https://niftyindices.com/Press_Release/ind_prs10062020.pdf,closed by ind_prs13032025.pdf
2002,Nifty High Beta 50,AARTIIND,2024-03-28,2025-06-30,,press_release,https://niftyindices.com/Press_Release/ind_prs14032024.pdf,closed by ind_prs06062025.pdf
2002,Nifty High Beta 50,HFCL,2022-03-31,2025-06-30,,press_release,https://niftyindices.com/Press_Release/ind_prs08032022.pdf,closed by ind_prs06062025.pdf
2002,Nifty High Beta 50,INDUSINDBK,2019-12-27,2025-06-30,,press_release,https://niftyindices.com/Press_Release/ind_prs16122019.pdf,closed by ind_prs06062025.pdf
2002,Nifty High Beta 50,MANAPPURAM,2017-09-29,2025-06-30,,press_release,https://niftyindices.com/Press_Release/ind_prs13092017.pdf,closed by ind_prs06062025.pdf
2002,Nifty High Beta 50,PEL,2024-03-28,2025-06-30,,press_release,https://niftyindices.com/Press_Release/ind_prs14032024.pdf,closed by ind_prs06062025.pdf
2002,Nifty High Beta 50,ATGL,2023-03-31,2025-09-30,,press_release,https://niftyindices.com/Press_Release/ind_prs06032023.pdf,closed by ind_prs15092025.pdf
2002,Nifty High Beta 50,AMBUJACEM,2023-07-13,2025-09-30,,press_release,https://niftyindices.com/Press_Release/ind_prs04072023.pdf,closed by ind_prs15092025.pdf
2002,Nifty High Beta 50,BANKBARODA,2014-01-13,2025-09-30,,press_release,https://niftyindices.com/Press_Release/ind_prs03012014.pdf,closed by ind_prs15092025.pdf
2002,Nifty High Beta 50,BANKINDIA,2023-09-29,2025-09-30,,press_release,https://niftyindices.com/Press_Release/ind_prs15092023.pdf,closed by ind_prs15092025.pdf
2002,Nifty High Beta 50,GMRAIRPORT,2014-01-01,2025-09-30,,snapshot_floor,,closed by ind_prs15092025.pdf
2002,Nifty High Beta 50,INDUSTOWER,2025-03-28,2025-09-30,,press_release,https://niftyindices.com/Press_Release/ind_prs13032025.pdf,closed by ind_prs15092025.pdf
2002,Nifty High Beta 50,IRB,2014-01-01,2025-09-30,,snapshot_floor,,closed by ind_prs15092025.pdf
2002,Nifty High Beta 50,NCC,2021-06-30,2025-09-30,,press_release,https://niftyindices.com/Press_Release/ind_prs15062021.pdf,closed by ind_prs15092025.pdf
2002,Nifty High Beta 50,ONGC,2014-01-01,2025-09-30,,snapshot_floor,,closed by ind_prs15092025.pdf
2002,Nifty High Beta 50,SBIN,2014-01-01,2025-09-30,,snapshot_floor,,closed by ind_prs15092025.pdf
2002,Nifty High Beta 50,BEL,2014-01-01,2025-12-31,,snapshot_floor,,closed by ind_prs11122025.pdf
2002,Nifty High Beta 50,CANBK,2014-01-01,2025-12-31,,snapshot_floor,,closed by ind_prs11122025.pdf
2002,Nifty High Beta 50,PGEL,2025-06-30,2025-12-31,,press_release,https://niftyindices.com/Press_Release/ind_prs06062025.pdf,closed by ind_prs11122025.pdf
2002,Nifty High Beta 50,PNB,2022-03-31,2025-12-31,,press_release,https://niftyindices.com/Press_Release/ind_prs08032022.pdf,closed by ind_prs11122025.pdf
2002,Nifty High Beta 50,RBLBANK,2019-12-27,2025-12-31,,press_release,https://niftyindices.com/Press_Release/ind_prs16122019.pdf,closed by ind_prs11122025.pdf
2002,Nifty High Beta 50,ZEEL,2021-03-31,2025-12-31,,press_release,https://niftyindices.com/Press_Release/ind_prs10032021.pdf,closed by ind_prs11122025.pdf
2002,Nifty High Beta 50,CONCOR,2014-01-01,2026-03-30,,snapshot_floor,,closed by ind_prs12032026.pdf
2002,Nifty High Beta 50,GAIL,2014-01-01,2026-03-30,,snapshot_floor,,closed by ind_prs12032026.pdf
2002,Nifty High Beta 50,HAL,2024-12-31,2026-03-30,,press_release,https://niftyindices.com/Press_Release/ind_prs11122024.pdf,closed by ind_prs12032026.pdf
2002,Nifty High Beta 50,LICHSGFIN,2020-06-26,2026-03-30,,press_release,https://niftyindices.com/Press_Release/ind_prs10062020.pdf,closed by ind_prs12032026.pdf
2002,Nifty High Beta 50,UNIONBANK,2023-06-30,2026-03-30,,press_release,https://niftyindices.com/Press_Release/ind_prs09062023.pdf,closed by ind_prs12032026.pdf
2002,Nifty High Beta 50,ADANIGREEN,2014-01-01,,,snapshot_floor,,
2002,Nifty High Beta 50,ADANIPORTS,2014-01-01,,,snapshot_floor,,
2002,Nifty High Beta 50,TATASTEEL,2014-01-01,,,snapshot_floor,,
2002,Nifty High Beta 50,DLF,2014-01-01,,,snapshot_floor,,
2002,Nifty High Beta 50,ICIL,2016-04-29,2016-09-30,,press_release,https://niftyindices.com/Press_Release/ind_prs22042016.pdf,"inferred-exclude: not in NSE current snapshot, no PR found (closed at next semi-annual review)"
2002,Nifty High Beta 50,INTELLECT,2016-04-29,2016-09-30,,press_release,https://niftyindices.com/Press_Release/ind_prs22042016.pdf,"inferred-exclude: not in NSE current snapshot, no PR found (closed at next semi-annual review)"
2002,Nifty High Beta 50,IISL,2017-09-29,2017-09-30,,press_release,https://niftyindices.com/Press_Release/ind_prs29082017.pdf,"inferred-exclude: not in NSE current snapshot, no PR found (closed at next semi-annual review)"
2002,Nifty High Beta 50,CAPF,2017-09-29,2017-09-30,,press_release,https://niftyindices.com/Press_Release/ind_prs13092017.pdf,"inferred-exclude: not in NSE current snapshot, no PR found (closed at next semi-annual review)"
2002,Nifty High Beta 50,LTF,2017-12-29,,,press_release,https://niftyindices.com/Press_Release/ind_prs18122017.pdf,
2002,Nifty High Beta 50,SAIL,2017-12-29,,,press_release,https://niftyindices.com/Press_Release/ind_prs18122017.pdf,
2002,Nifty High Beta 50,M&MFIN,2018-12-28,2019-03-31,,press_release,https://niftyindices.com/Press_Release/ind_prs14122018.pdf,"inferred-exclude: not in NSE current snapshot, no PR found (closed at next semi-annual review)"
2002,Nifty High Beta 50,BHEL,2019-12-27,,,press_release,https://niftyindices.com/Press_Release/ind_prs16122019.pdf,
2002,Nifty High Beta 50,MOTHERSON,2025-09-30,,,press_release,https://niftyindices.com/Press_Release/ind_prs15092025.pdf,
2002,Nifty High Beta 50,BHARATFORG,2020-03-27,2020-03-31,,press_release,https://niftyindices.com/Press_Release/ind_prs12032020.pdf,"inferred-exclude: not in NSE current snapshot, no PR found (closed at next semi-annual review)"
2002,Nifty High Beta 50,SUNTV,2020-03-27,2020-03-31,,press_release,https://niftyindices.com/Press_Release/ind_prs12032020.pdf,"inferred-exclude: not in NSE current snapshot, no PR found (closed at next semi-annual review)"
2002,Nifty High Beta 50,BANDHANBNK,2020-06-26,,,press_release,https://niftyindices.com/Press_Release/ind_prs10062020.pdf,
2002,Nifty High Beta 50,FEDERALBNK,2020-06-26,2020-09-30,,press_release,https://niftyindices.com/Press_Release/ind_prs10062020.pdf,"inferred-exclude: not in NSE current snapshot, no PR found (closed at next semi-annual review)"
2002,Nifty High Beta 50,GODREJPROP,2020-06-26,,,press_release,https://niftyindices.com/Press_Release/ind_prs10062020.pdf,
2002,Nifty High Beta 50,IDFCFIRSTB,2020-07-31,2020-09-30,,press_release,https://niftyindices.com/Press_Release/ind_prs02072020_1.pdf,"inferred-exclude: not in NSE current snapshot, no PR found (closed at next semi-annual review)"
2002,Nifty High Beta 50,TOTAL,2020-07-31,2020-09-30,,press_release,https://niftyindices.com/Press_Release/ind_prs02072020_1.pdf,"inferred-exclude: not in NSE current snapshot, no PR found (closed at next semi-annual review)"
2002,Nifty High Beta 50,UNIVASTU,2020-07-31,2020-09-30,,press_release,https://niftyindices.com/Press_Release/ind_prs02072020_1.pdf,"inferred-exclude: not in NSE current snapshot, no PR found (closed at next semi-annual review)"
2002,Nifty High Beta 50,VEDL,2021-01-01,,,press_release,https://niftyindices.com/Press_Release/ind_prs11122020.pdf,
2002,Nifty High Beta 50,ADANIENT,2021-06-30,,,press_release,https://niftyindices.com/Press_Release/ind_prs15062021.pdf,
2002,Nifty High Beta 50,TATAPOWER,2021-06-30,,,press_release,https://niftyindices.com/Press_Release/ind_prs15062021.pdf,
2002,Nifty High Beta 50,NATIONALUM,2021-12-31,,,press_release,https://niftyindices.com/Press_Release/ind_prs08122021.pdf,
2002,Nifty High Beta 50,LTM,2022-08-08,2022-09-30,,press_release,https://niftyindices.com/Press_Release/ind_prs11072022.pdf,"inferred-exclude: not in NSE current snapshot, no PR found (closed at next semi-annual review)"
2002,Nifty High Beta 50,NAUKRI,2025-09-30,,,press_release,https://niftyindices.com/Press_Release/ind_prs15092025.pdf,
2002,Nifty High Beta 50,SUZLON,2023-06-30,2023-09-30,,press_release,https://niftyindices.com/Press_Release/ind_prs09062023.pdf,"inferred-exclude: not in NSE current snapshot, no PR found (closed at next semi-annual review)"
2002,Nifty High Beta 50,SAMMAANCAP,2023-12-29,2024-03-31,,press_release,https://niftyindices.com/Press_Release/ind_prs07122023.pdf,"inferred-exclude: not in NSE current snapshot, no PR found (closed at next semi-annual review)"
2002,Nifty High Beta 50,PFC,2023-12-29,,,press_release,https://niftyindices.com/Press_Release/ind_prs07122023.pdf,
2002,Nifty High Beta 50,ADANIPOWER,2024-03-28,,,press_release,https://niftyindices.com/Press_Release/ind_prs14032024.pdf,
2002,Nifty High Beta 50,ABCAPITAL,2024-03-28,,,press_release,https://niftyindices.com/Press_Release/ind_prs14032024.pdf,
2002,Nifty High Beta 50,GICRE,2024-03-28,2024-03-31,,press_release,https://niftyindices.com/Press_Release/ind_prs14032024.pdf,"inferred-exclude: not in NSE current snapshot, no PR found (closed at next semi-annual review)"
2002,Nifty High Beta 50,IRFC,2024-03-28,,,press_release,https://niftyindices.com/Press_Release/ind_prs14032024.pdf,
2002,Nifty High Beta 50,RECLTD,2024-03-28,,,press_release,https://niftyindices.com/Press_Release/ind_prs14032024.pdf,
2002,Nifty High Beta 50,IDEA,2024-03-28,,,press_release,https://niftyindices.com/Press_Release/ind_prs14032024.pdf,
2002,Nifty High Beta 50,HUDCO,2024-06-28,,,press_release,https://niftyindices.com/Press_Release/ind_prs07062024.pdf,
2002,Nifty High Beta 50,JPPOWER,2024-06-28,2024-09-30,,press_release,https://niftyindices.com/Press_Release/ind_prs07062024.pdf,"inferred-exclude: not in NSE current snapshot, no PR found (closed at next semi-annual review)"
2002,Nifty High Beta 50,NBCC,2024-06-28,,,press_release,https://niftyindices.com/Press_Release/ind_prs07062024.pdf,
2002,Nifty High Beta 50,ADANIENSOL,2024-12-31,,,press_release,https://niftyindices.com/Press_Release/ind_prs11122024.pdf,
2002,Nifty High Beta 50,JSWENERGY,2025-03-28,,,press_release,https://niftyindices.com/Press_Release/ind_prs13032025.pdf,
2002,Nifty High Beta 50,MAZDOCK,2025-03-28,,,press_release,https://niftyindices.com/Press_Release/ind_prs13032025.pdf,
2002,Nifty High Beta 50,MOTILALOFS,2025-03-28,,,press_release,https://niftyindices.com/Press_Release/ind_prs13032025.pdf,
2002,Nifty High Beta 50,ANGELONE,2025-06-30,,,press_release,https://niftyindices.com/Press_Release/ind_prs06062025.pdf,
2002,Nifty High Beta 50,INOXWIND,2025-06-30,,,press_release,https://niftyindices.com/Press_Release/ind_prs06062025.pdf,
2002,Nifty High Beta 50,KAYNES,2025-06-30,,,press_release,https://niftyindices.com/Press_Release/ind_prs06062025.pdf,
2002,Nifty High Beta 50,SHRIRAMFIN,2025-06-30,,,press_release,https://niftyindices.com/Press_Release/ind_prs06062025.pdf,
2002,Nifty High Beta 50,BSE,2025-09-30,,,press_release,https://niftyindices.com/Press_Release/ind_prs15092025.pdf,
2002,Nifty High Beta 50,IIFL,2025-09-30,,,press_release,https://niftyindices.com/Press_Release/ind_prs15092025.pdf,
2002,Nifty High Beta 50,IREDA,2025-09-30,,,press_release,https://niftyindices.com/Press_Release/ind_prs15092025.pdf,
2002,Nifty High Beta 50,JIOFIN,2025-09-30,,,press_release,https://niftyindices.com/Press_Release/ind_prs15092025.pdf,
2002,Nifty High Beta 50,LODHA,2025-09-30,,,press_release,https://niftyindices.com/Press_Release/ind_prs15092025.pdf,
2002,Nifty High Beta 50,MCX,2025-09-30,,,press_release,https://niftyindices.com/Press_Release/ind_prs15092025.pdf,
2002,Nifty High Beta 50,RVNL,2025-09-30,,,press_release,https://niftyindices.com/Press_Release/ind_prs15092025.pdf,
2002,Nifty High Beta 50,RPOWER,2025-09-30,,,press_release,https://niftyindices.com/Press_Release/ind_prs15092025.pdf,
2002,Nifty High Beta 50,AMBER,2025-12-31,,,press_release,https://niftyindices.com/Press_Release/ind_prs11122025.pdf,
2002,Nifty High Beta 50,CDSL,2025-12-31,,,press_release,https://niftyindices.com/Press_Release/ind_prs11122025.pdf,
2002,Nifty High Beta 50,KALYANKJIL,2025-12-31,,,press_release,https://niftyindices.com/Press_Release/ind_prs11122025.pdf,
2002,Nifty High Beta 50,KPITTECH,2025-12-31,,,press_release,https://niftyindices.com/Press_Release/ind_prs11122025.pdf,
2002,Nifty High Beta 50,POLICYBZR,2025-12-31,,,press_release,https://niftyindices.com/Press_Release/ind_prs11122025.pdf,
2002,Nifty High Beta 50,WOCKPHARMA,2025-12-31,,,press_release,https://niftyindices.com/Press_Release/ind_prs11122025.pdf,
2002,Nifty High Beta 50,APARINDS,2026-03-30,,,press_release,https://niftyindices.com/Press_Release/ind_prs12032026.pdf,
2002,Nifty High Beta 50,CARTRADE,2026-03-30,,,press_release,https://niftyindices.com/Press_Release/ind_prs12032026.pdf,
2002,Nifty High Beta 50,COFORGE,2026-03-30,,,press_release,https://niftyindices.com/Press_Release/ind_prs12032026.pdf,
2002,Nifty High Beta 50,HINDCOPPER,2026-03-30,,,press_release,https://niftyindices.com/Press_Release/ind_prs12032026.pdf,
2002,Nifty High Beta 50,PRESTIGE,2026-03-30,,,press_release,https://niftyindices.com/Press_Release/ind_prs12032026.pdf,
2003,Nifty Low Volatility 50,BAJAJHLDNG,2014-01-01,2014-01-13,,snapshot_floor,,closed by ind_prs03012014.pdf
2003,Nifty Low Volatility 50,ERAINFRA,2014-01-01,2014-01-13,,snapshot_floor,,closed by ind_prs03012014.pdf
2003,Nifty Low Volatility 50,CASTROL,2014-01-01,2014-02-28,,snapshot_floor,,closed by ind_prs21022014.pdf
2003,Nifty Low Volatility 50,BHUSANSTL,2014-01-01,2014-04-15,,snapshot_floor,,closed by ind_prs03042014.pdf
2003,Nifty Low Volatility 50,CONCOR,2014-01-01,2014-04-15,,snapshot_floor,,closed by ind_prs03042014.pdf
2003,Nifty Low Volatility 50,FORTIS,2014-01-01,2014-04-15,,snapshot_floor,,closed by ind_prs03042014.pdf
2003,Nifty Low Volatility 50,SEINV,2014-01-01,2014-04-15,,snapshot_floor,,closed by ind_prs03042014.pdf
2003,Nifty Low Volatility 50,RELIGARE,2014-04-15,2014-07-14,,press_release,https://niftyindices.com/Press_Release/ind_prs03042014.pdf,closed by ind_prs07072014.pdf
2003,Nifty Low Volatility 50,THERMAX,2014-01-01,2014-07-14,,snapshot_floor,,closed by ind_prs07072014.pdf
2003,Nifty Low Volatility 50,TRENT,2014-01-13,2014-07-14,,press_release,https://niftyindices.com/Press_Release/ind_prs03012014.pdf,closed by ind_prs07072014.pdf
2003,Nifty Low Volatility 50,BEL,2014-01-01,2014-10-14,,snapshot_floor,,closed by ind_prs08102014.pdf
2003,Nifty Low Volatility 50,GODREJCP,2014-01-01,2014-10-14,,snapshot_floor,,closed by ind_prs08102014.pdf
2003,Nifty Low Volatility 50,GLAXO,2014-01-01,2015-01-12,,snapshot_floor,,closed by ind_prs06012015.pdf
2003,Nifty Low Volatility 50,IPCALAB,2014-04-15,2015-04-20,,press_release,https://niftyindices.com/Press_Release/ind_prs03042014.pdf,closed by ind_prs10042015.pdf
2003,Nifty Low Volatility 50,EMAMILTD,2014-01-01,2015-07-13,,snapshot_floor,,closed by ind_prs02072015.pdf
2003,Nifty Low Volatility 50,PAGEIND,2014-04-15,2015-07-13,,press_release,https://niftyindices.com/Press_Release/ind_prs03042014.pdf,closed by ind_prs02072015.pdf
2003,Nifty Low Volatility 50,CAIRN,2014-01-01,2015-10-19,,snapshot_floor,,closed by ind_prs08102015.pdf
2003,Nifty Low Volatility 50,CONCOR,2014-07-14,2015-10-19,,press_release,https://niftyindices.com/Press_Release/ind_prs07072014.pdf,closed by ind_prs08102015.pdf
2003,Nifty Low Volatility 50,KARURVYSYA,2014-01-01,2015-10-19,,snapshot_floor,,closed by ind_prs08102015.pdf
2003,Nifty Low Volatility 50,LAKSHVILAS,2015-07-13,2015-10-19,,press_release,https://niftyindices.com/Press_Release/ind_prs02072015.pdf,closed by ind_prs08102015.pdf
2003,Nifty Low Volatility 50,CADILAHC,2014-01-01,2016-01-18,,snapshot_floor,,closed by ind_prs11012016.pdf
2003,Nifty Low Volatility 50,SUNPHARMA,2014-01-01,2016-01-18,,snapshot_floor,,closed by ind_prs11012016.pdf
2003,Nifty Low Volatility 50,GAIL,2014-01-01,2016-07-25,,snapshot_floor,,closed by ind_prs18072016.pdf
2003,Nifty Low Volatility 50,MPHASIS,2015-10-19,2016-07-25,,press_release,https://niftyindices.com/Press_Release/ind_prs08102015.pdf,closed by ind_prs18072016.pdf
2003,Nifty Low Volatility 50,DIVISLAB,2014-01-01,2017-01-10,,snapshot_floor,,closed by ind_prs03012017.pdf
2003,Nifty Low Volatility 50,LTF,2015-07-13,2017-01-10,,press_release,https://niftyindices.com/Press_Release/ind_prs02072015.pdf,closed by ind_prs03012017.pdf
2003,Nifty Low Volatility 50,BIOCON,2014-01-01,2017-05-26,,snapshot_floor,,closed by ind_prs09052017.pdf
2003,Nifty Low Volatility 50,PETRONET,2014-01-01,2017-05-26,,snapshot_floor,,closed by ind_prs09052017.pdf
2003,Nifty Low Volatility 50,GSKCONS,2017-01-10,2017-09-29,,press_release,https://niftyindices.com/Press_Release/ind_prs03012017.pdf,closed by ind_prs13092017.pdf
2003,Nifty Low Volatility 50,SOUTHBANK,2014-01-01,2017-09-29,,snapshot_floor,,closed by ind_prs13092017.pdf
2003,Nifty Low Volatility 50,TATAGLOBAL,2015-10-19,2017-09-29,,press_release,https://niftyindices.com/Press_Release/ind_prs08102015.pdf,closed by ind_prs13092017.pdf
2003,Nifty Low Volatility 50,TITAN,2016-01-18,2017-09-29,,press_release,https://niftyindices.com/Press_Release/ind_prs11012016.pdf,closed by ind_prs13092017.pdf
2003,Nifty Low Volatility 50,LUPIN,2014-01-01,2017-12-29,,snapshot_floor,,closed by ind_prs18122017.pdf
2003,Nifty Low Volatility 50,OFSS,2014-01-01,2017-12-29,,snapshot_floor,,closed by ind_prs18122017.pdf
2003,Nifty Low Volatility 50,KARURVYSYA,2017-05-26,2018-04-02,,press_release,https://niftyindices.com/Press_Release/ind_prs09052017.pdf,closed by ind_prs08032018.pdf
2003,Nifty Low Volatility 50,UBL,2017-09-29,2018-04-02,,press_release,https://niftyindices.com/Press_Release/ind_prs13092017.pdf,closed by ind_prs08032018.pdf
2003,Nifty Low Volatility 50,VAKRANGEE,2017-09-29,2018-04-02,,press_release,https://niftyindices.com/Press_Release/ind_prs13092017.pdf,closed by ind_prs08032018.pdf
2003,Nifty Low Volatility 50,BHARTIARTL,2015-01-12,2018-06-29,,press_release,https://niftyindices.com/Press_Release/ind_prs06012015.pdf,closed by ind_prs15062018.pdf
2003,Nifty Low Volatility 50,APOLLOHOSP,2014-01-01,2018-09-28,,snapshot_floor,,closed by ind_prs10092018.pdf
2003,Nifty Low Volatility 50,TATAPOWER,2017-05-26,2018-12-28,,press_release,https://niftyindices.com/Press_Release/ind_prs09052017.pdf,closed by ind_prs14122018.pdf
2003,Nifty Low Volatility 50,EICHERMOT,2018-04-02,2019-03-29,,press_release,https://niftyindices.com/Press_Release/ind_prs08032018.pdf,closed by ind_prs13032019.pdf
2003,Nifty Low Volatility 50,IGL,2017-09-29,2019-03-29,,press_release,https://niftyindices.com/Press_Release/ind_prs13092017.pdf,closed by ind_prs13032019.pdf
2003,Nifty Low Volatility 50,TVSMOTOR,2018-04-02,2019-03-29,,press_release,https://niftyindices.com/Press_Release/ind_prs08032018.pdf,closed by ind_prs13032019.pdf
2003,Nifty Low Volatility 50,ZEEL,2017-12-29,2019-03-29,,press_release,https://niftyindices.com/Press_Release/ind_prs18122017.pdf,closed by ind_prs13032019.pdf
2003,Nifty Low Volatility 50,CUMMINSIND,2014-01-01,2019-06-28,,snapshot_floor,,closed by ind_prs13062019.pdf
2003,Nifty Low Volatility 50,HEROMOTOCO,2014-01-01,2019-09-27,,snapshot_floor,,closed by ind_prs17092019.pdf
2003,Nifty Low Volatility 50,INDUSINDBK,2014-01-01,2019-09-27,,snapshot_floor,,closed by ind_prs17092019.pdf
2003,Nifty Low Volatility 50,LICHSGFIN,2017-12-29,2019-09-27,,press_release,https://niftyindices.com/Press_Release/ind_prs18122017.pdf,closed by ind_prs17092019.pdf
2003,Nifty Low Volatility 50,ONGC,2017-05-26,2019-09-27,,press_release,https://niftyindices.com/Press_Release/ind_prs09052017.pdf,closed by ind_prs17092019.pdf
2003,Nifty Low Volatility 50,RBLBANK,2018-06-29,2019-09-27,,press_release,https://niftyindices.com/Press_Release/ind_prs15062018.pdf,closed by ind_prs17092019.pdf
2003,Nifty Low Volatility 50,MARUTI,2014-01-01,2019-12-27,,snapshot_floor,,closed by ind_prs16122019.pdf
2003,Nifty Low Volatility 50,NHPC,2016-01-18,2019-12-27,,press_release,https://niftyindices.com/Press_Release/ind_prs11012016.pdf,closed by ind_prs16122019.pdf
2003,Nifty Low Volatility 50,RELAXO,2019-09-27,2019-12-27,,press_release,https://niftyindices.com/Press_Release/ind_prs17092019.pdf,closed by ind_prs16122019.pdf
2003,Nifty Low Volatility 50,CASTROLIND,2015-10-19,2020-06-26,,press_release,https://niftyindices.com/Press_Release/ind_prs08102015.pdf,closed by ind_prs10062020.pdf
2003,Nifty Low Volatility 50,CUB,2018-12-28,2020-06-26,,press_release,https://niftyindices.com/Press_Release/ind_prs14122018.pdf,closed by ind_prs10062020.pdf
2003,Nifty Low Volatility 50,GODREJIND,2019-12-27,2020-06-26,,press_release,https://niftyindices.com/Press_Release/ind_prs16122019.pdf,closed by ind_prs10062020.pdf
2003,Nifty Low Volatility 50,HDFC,2014-01-01,2020-06-26,,snapshot_floor,,closed by ind_prs10062020.pdf
2003,Nifty Low Volatility 50,M&M,2014-01-01,2020-06-26,,snapshot_floor,,closed by ind_prs10062020.pdf
2003,Nifty Low Volatility 50,COFORGE,2019-12-27,2020-06-26,,press_release,https://niftyindices.com/Press_Release/ind_prs16122019.pdf,closed by ind_prs10062020.pdf
2003,Nifty Low Volatility 50,OIL,2014-01-01,2020-06-26,,snapshot_floor,,closed by ind_prs10062020.pdf
2003,Nifty Low Volatility 50,RELIANCE,2014-01-01,2020-06-26,,snapshot_floor,,closed by ind_prs10062020.pdf
2003,Nifty Low Volatility 50,BOSCHLTD,2014-01-01,2020-09-14,,snapshot_floor,,closed by ind_prs07092020.pdf
2003,Nifty Low Volatility 50,GLAXO,2020-06-26,2020-09-14,,press_release,https://niftyindices.com/Press_Release/ind_prs10062020.pdf,closed by ind_prs07092020.pdf
2003,Nifty Low Volatility 50,RAJESHEXPO,2017-09-29,2020-09-14,,press_release,https://niftyindices.com/Press_Release/ind_prs13092017.pdf,closed by ind_prs07092020.pdf
2003,Nifty Low Volatility 50,THERMAX,2020-06-26,2020-09-14,,press_release,https://niftyindices.com/Press_Release/ind_prs10062020.pdf,closed by ind_prs07092020.pdf
2003,Nifty Low Volatility 50,KOTAKBANK,2014-01-01,2021-01-01,,snapshot_floor,,closed by ind_prs11122020.pdf
2003,Nifty Low Volatility 50,HINDZINC,2019-12-27,2021-03-31,,press_release,https://niftyindices.com/Press_Release/ind_prs16122019.pdf,closed by ind_prs10032021.pdf
2003,Nifty Low Volatility 50,RELAXO,2020-09-14,2021-03-31,,press_release,https://niftyindices.com/Press_Release/ind_prs07092020.pdf,closed by ind_prs10032021.pdf
2003,Nifty Low Volatility 50,ATUL,2019-09-27,2021-06-30,,press_release,https://niftyindices.com/Press_Release/ind_prs17092019.pdf,closed by ind_prs15062021.pdf
2003,Nifty Low Volatility 50,NATCOPHARM,2019-09-27,2021-06-30,,press_release,https://niftyindices.com/Press_Release/ind_prs17092019.pdf,closed by ind_prs15062021.pdf
2003,Nifty Low Volatility 50,SANOFI,2019-09-27,2021-06-30,,press_release,https://niftyindices.com/Press_Release/ind_prs17092019.pdf,closed by ind_prs15062021.pdf
2003,Nifty Low Volatility 50,ABBOTINDIA,2020-09-14,2021-09-30,,press_release,https://niftyindices.com/Press_Release/ind_prs07092020.pdf,closed by ind_prs15092021.pdf
2003,Nifty Low Volatility 50,FORTIS,2019-06-28,2021-09-30,,press_release,https://niftyindices.com/Press_Release/ind_prs13062019.pdf,closed by ind_prs15092021.pdf
2003,Nifty Low Volatility 50,PIIND,2019-03-29,2021-09-30,,press_release,https://niftyindices.com/Press_Release/ind_prs13032019.pdf,closed by ind_prs15092021.pdf
2003,Nifty Low Volatility 50,SYNGENE,2020-09-14,2021-09-30,,press_release,https://niftyindices.com/Press_Release/ind_prs07092020.pdf,closed by ind_prs15092021.pdf
2003,Nifty Low Volatility 50,PFIZER,2020-06-26,2021-12-31,,press_release,https://niftyindices.com/Press_Release/ind_prs10062020.pdf,closed by ind_prs08122021.pdf
2003,Nifty Low Volatility 50,COALINDIA,2014-01-01,2022-03-31,,snapshot_floor,,closed by ind_prs08032022.pdf
2003,Nifty Low Volatility 50,TORNTPOWER,2020-06-26,2022-03-31,,press_release,https://niftyindices.com/Press_Release/ind_prs10062020.pdf,closed by ind_prs08032022.pdf
2003,Nifty Low Volatility 50,OFSS,2018-12-28,2022-09-30,,press_release,https://niftyindices.com/Press_Release/ind_prs14122018.pdf,closed by ind_prs16092022.pdf
2003,Nifty Low Volatility 50,ACC,2014-01-01,2023-03-31,,snapshot_floor,,closed by ind_prs06032023.pdf
2003,Nifty Low Volatility 50,ALKEM,2019-03-29,2023-03-31,,press_release,https://niftyindices.com/Press_Release/ind_prs13032019.pdf,closed by ind_prs06032023.pdf
2003,Nifty Low Volatility 50,AMBUJACEM,2016-07-25,2023-03-31,,press_release,https://niftyindices.com/Press_Release/ind_prs18072016.pdf,closed by ind_prs06032023.pdf
2003,Nifty Low Volatility 50,MGL,2019-03-29,2023-03-31,,press_release,https://niftyindices.com/Press_Release/ind_prs13032019.pdf,closed by ind_prs06032023.pdf
2003,Nifty Low Volatility 50,CROMPTON,2020-06-26,2023-06-30,,press_release,https://niftyindices.com/Press_Release/ind_prs10062020.pdf,closed by ind_prs09062023.pdf
2003,Nifty Low Volatility 50,DIVISLAB,2020-06-26,2023-06-30,,press_release,https://niftyindices.com/Press_Release/ind_prs10062020.pdf,closed by ind_prs09062023.pdf
2003,Nifty Low Volatility 50,ABBOTINDIA,2023-03-31,2023-09-29,,press_release,https://niftyindices.com/Press_Release/ind_prs06032023.pdf,closed by ind_prs15092023.pdf
2003,Nifty Low Volatility 50,HDFCAMC,2021-09-30,2023-09-29,,press_release,https://niftyindices.com/Press_Release/ind_prs15092021.pdf,closed by ind_prs15092023.pdf
2003,Nifty Low Volatility 50,UBL,2020-06-26,2023-09-29,,press_release,https://niftyindices.com/Press_Release/ind_prs10062020.pdf,closed by ind_prs15092023.pdf
2003,Nifty Low Volatility 50,BATAINDIA,2021-06-30,2023-12-29,,press_release,https://niftyindices.com/Press_Release/ind_prs15062021.pdf,closed by ind_prs07122023.pdf
2003,Nifty Low Volatility 50,BOSCHLTD,2023-09-29,2023-12-29,,press_release,https://niftyindices.com/Press_Release/ind_prs15092023.pdf,closed by ind_prs07122023.pdf
2003,Nifty Low Volatility 50,BERGEPAINT,2021-03-31,2024-03-28,,press_release,https://niftyindices.com/Press_Release/ind_prs10032021.pdf,closed by ind_prs14032024.pdf
2003,Nifty Low Volatility 50,IOC,2020-09-14,2024-03-28,,press_release,https://niftyindices.com/Press_Release/ind_prs07092020.pdf,closed by ind_prs14032024.pdf
2003,Nifty Low Volatility 50,TORNTPHARM,2014-02-28,2024-03-28,,press_release,https://niftyindices.com/Press_Release/ind_prs21022014.pdf,closed by ind_prs14032024.pdf
2003,Nifty Low Volatility 50,EXIDEIND,2021-03-31,2024-06-28,,press_release,https://niftyindices.com/Press_Release/ind_prs10032021.pdf,closed by ind_prs07062024.pdf
2003,Nifty Low Volatility 50,PETRONET,2021-09-30,2024-06-28,,press_release,https://niftyindices.com/Press_Release/ind_prs15092021.pdf,closed by ind_prs07062024.pdf
2003,Nifty Low Volatility 50,NTPC,2014-01-01,2024-09-30,,snapshot_floor,,closed by ind_prs23092024.pdf
2003,Nifty Low Volatility 50,ONGC,2023-09-29,2024-09-30,,press_release,https://niftyindices.com/Press_Release/ind_prs15092023.pdf,closed by ind_prs23092024.pdf
2003,Nifty Low Volatility 50,SIEMENS,2014-01-01,2024-12-31,,snapshot_floor,,closed by ind_prs11122024.pdf
2003,Nifty Low Volatility 50,MRF,2018-04-02,2025-03-28,,press_release,https://niftyindices.com/Press_Release/ind_prs08032018.pdf,closed by ind_prs13032025.pdf
2003,Nifty Low Volatility 50,SHREECEM,2014-01-13,2025-03-28,,press_release,https://niftyindices.com/Press_Release/ind_prs03012014.pdf,closed by ind_prs13032025.pdf
2003,Nifty Low Volatility 50,ALKEM,2023-06-30,2025-06-30,,press_release,https://niftyindices.com/Press_Release/ind_prs09062023.pdf,closed by ind_prs06062025.pdf
2003,Nifty Low Volatility 50,BOSCHLTD,2024-06-28,2025-06-30,,press_release,https://niftyindices.com/Press_Release/ind_prs07062024.pdf,closed by ind_prs06062025.pdf
2003,Nifty Low Volatility 50,PIIND,2025-03-28,2025-12-31,,press_release,https://niftyindices.com/Press_Release/ind_prs13032025.pdf,closed by ind_prs11122025.pdf
2003,Nifty Low Volatility 50,POWERGRID,2014-01-01,,,snapshot_floor,,
2003,Nifty Low Volatility 50,HDFCBANK,2014-01-01,,,snapshot_floor,,
2003,Nifty Low Volatility 50,COLPAL,2014-01-01,,,snapshot_floor,,
2003,Nifty Low Volatility 50,ITC,2014-01-01,,,snapshot_floor,,
2003,Nifty Low Volatility 50,DABUR,2014-01-01,,,snapshot_floor,,
2003,Nifty Low Volatility 50,HINDUNILVR,2014-01-01,,,snapshot_floor,,
2003,Nifty Low Volatility 50,CIPLA,2014-01-01,,,snapshot_floor,,
2003,Nifty Low Volatility 50,ULTRACEMCO,2014-01-01,,,snapshot_floor,,
2003,Nifty Low Volatility 50,BRITANNIA,2014-01-01,,,snapshot_floor,,
2003,Nifty Low Volatility 50,TCS,2014-01-01,,,snapshot_floor,,
2003,Nifty Low Volatility 50,BAJAJ-AUTO,2014-01-01,,,snapshot_floor,,
2003,Nifty Low Volatility 50,ASIANPAINT,2014-01-01,,,snapshot_floor,,
2003,Nifty Low Volatility 50,PIDILITIND,2014-04-15,,,press_release,https://niftyindices.com/Press_Release/ind_prs03042014.pdf,
2003,Nifty Low Volatility 50,INFY,2014-07-14,,,press_release,https://niftyindices.com/Press_Release/ind_prs07072014.pdf,
2003,Nifty Low Volatility 50,MARICO,2014-07-14,,,press_release,https://niftyindices.com/Press_Release/ind_prs07072014.pdf,
2003,Nifty Low Volatility 50,TECHM,2014-10-14,,,press_release,https://niftyindices.com/Press_Release/ind_prs08102014.pdf,
2003,Nifty Low Volatility 50,WIPRO,2014-10-14,,,press_release,https://niftyindices.com/Press_Release/ind_prs08102014.pdf,
2003,Nifty Low Volatility 50,LT,2015-10-19,,,press_release,https://niftyindices.com/Press_Release/ind_prs08102015.pdf,
2003,Nifty Low Volatility 50,HCLTECH,2017-01-10,,,press_release,https://niftyindices.com/Press_Release/ind_prs03012017.pdf,
2003,Nifty Low Volatility 50,IISL,2017-01-10,2017-03-31,,press_release,https://niftyindices.com/Press_Release/ind_prs03012017.pdf,"inferred-exclude: not in NSE current snapshot, no PR found (closed at next semi-annual review)"
2003,Nifty Low Volatility 50,BHARATFIN,2018-09-28,2018-09-30,,press_release,https://niftyindices.com/Press_Release/ind_prs10092018.pdf,"inferred-exclude: not in NSE current snapshot, no PR found (closed at next semi-annual review)"
2003,Nifty Low Volatility 50,ABB,2019-03-29,2019-03-31,,press_release,https://niftyindices.com/Press_Release/ind_prs13032019.pdf,"inferred-exclude: not in NSE current snapshot, no PR found (closed at next semi-annual review)"
2003,Nifty Low Volatility 50,COROMANDEL,2019-09-27,2019-09-30,,press_release,https://niftyindices.com/Press_Release/ind_prs17092019.pdf,"inferred-exclude: not in NSE current snapshot, no PR found (closed at next semi-annual review)"
2003,Nifty Low Volatility 50,NESTLEIND,2019-09-27,,,press_release,https://niftyindices.com/Press_Release/ind_prs17092019.pdf,
2003,Nifty Low Volatility 50,DRREDDY,2019-12-27,,,press_release,https://niftyindices.com/Press_Release/ind_prs16122019.pdf,
2003,Nifty Low Volatility 50,RAMCOCEM,2020-03-27,2020-03-31,,press_release,https://niftyindices.com/Press_Release/ind_prs12032020.pdf,"inferred-exclude: not in NSE current snapshot, no PR found (closed at next semi-annual review)"
2003,Nifty Low Volatility 50,LUPIN,2020-06-26,,,press_release,https://niftyindices.com/Press_Release/ind_prs10062020.pdf,
2003,Nifty Low Volatility 50,PAGEIND,2021-01-01,,,press_release,https://niftyindices.com/Press_Release/ind_prs11122020.pdf,
2003,Nifty Low Volatility 50,HDFCLIFE,2021-06-30,,,press_release,https://niftyindices.com/Press_Release/ind_prs15062021.pdf,
2003,Nifty Low Volatility 50,SBILIFE,2021-06-30,,,press_release,https://niftyindices.com/Press_Release/ind_prs15062021.pdf,
2003,Nifty Low Volatility 50,HEROMOTOCO,2021-09-30,,,press_release,https://niftyindices.com/Press_Release/ind_prs15092021.pdf,
2003,Nifty Low Volatility 50,MARUTI,2021-09-30,,,press_release,https://niftyindices.com/Press_Release/ind_prs15092021.pdf,
2003,Nifty Low Volatility 50,TATACONSUM,2021-12-31,,,press_release,https://niftyindices.com/Press_Release/ind_prs08122021.pdf,
2003,Nifty Low Volatility 50,ICICIGI,2022-03-31,,,press_release,https://niftyindices.com/Press_Release/ind_prs08032022.pdf,
2003,Nifty Low Volatility 50,RELIANCE,2022-03-31,,,press_release,https://niftyindices.com/Press_Release/ind_prs08032022.pdf,
2003,Nifty Low Volatility 50,SUNPHARMA,2022-09-30,,,press_release,https://niftyindices.com/Press_Release/ind_prs16092022.pdf,
2003,Nifty Low Volatility 50,BHARTIARTL,2023-03-31,,,press_release,https://niftyindices.com/Press_Release/ind_prs06032023.pdf,
2003,Nifty Low Volatility 50,ICICIBANK,2023-03-31,,,press_release,https://niftyindices.com/Press_Release/ind_prs06032023.pdf,
2003,Nifty Low Volatility 50,KOTAKBANK,2023-03-31,,,press_release,https://niftyindices.com/Press_Release/ind_prs06032023.pdf,
2003,Nifty Low Volatility 50,GRASIM,2023-06-30,,,press_release,https://niftyindices.com/Press_Release/ind_prs09062023.pdf,
2003,Nifty Low Volatility 50,GODREJCP,2023-09-29,,,press_release,https://niftyindices.com/Press_Release/ind_prs15092023.pdf,
2003,Nifty Low Volatility 50,TITAN,2023-09-29,,,press_release,https://niftyindices.com/Press_Release/ind_prs15092023.pdf,
2003,Nifty Low Volatility 50,AXISBANK,2023-12-29,,,press_release,https://niftyindices.com/Press_Release/ind_prs07122023.pdf,
2003,Nifty Low Volatility 50,SBICARD,2023-12-29,,,press_release,https://niftyindices.com/Press_Release/ind_prs07122023.pdf,
2003,Nifty Low Volatility 50,DMART,2024-03-28,,,press_release,https://niftyindices.com/Press_Release/ind_prs14032024.pdf,
2003,Nifty Low Volatility 50,JSWSTEEL,2024-03-28,,,press_release,https://niftyindices.com/Press_Release/ind_prs14032024.pdf,
2003,Nifty Low Volatility 50,SRF,2024-03-28,,,press_release,https://niftyindices.com/Press_Release/ind_prs14032024.pdf,
2003,Nifty Low Volatility 50,BAJAJFINSV,2024-06-28,,,press_release,https://niftyindices.com/Press_Release/ind_prs07062024.pdf,
2003,Nifty Low Volatility 50,APOLLOHOSP,2024-09-30,,,press_release,https://niftyindices.com/Press_Release/ind_prs23092024.pdf,
2003,Nifty Low Volatility 50,DIVISLAB,2024-09-30,,,press_release,https://niftyindices.com/Press_Release/ind_prs23092024.pdf,
2003,Nifty Low Volatility 50,UNITDSPR,2024-12-31,,,press_release,https://niftyindices.com/Press_Release/ind_prs11122024.pdf,
2003,Nifty Low Volatility 50,TORNTPHARM,2025-03-28,,,press_release,https://niftyindices.com/Press_Release/ind_prs13032025.pdf,
2003,Nifty Low Volatility 50,MRF,2025-06-30,,,press_release,https://niftyindices.com/Press_Release/ind_prs06062025.pdf,
2003,Nifty Low Volatility 50,SHREECEM,2025-06-30,,,press_release,https://niftyindices.com/Press_Release/ind_prs06062025.pdf,
2003,Nifty Low Volatility 50,SBIN,2025-12-31,,,press_release,https://niftyindices.com/Press_Release/ind_prs11122025.pdf,
2005,Nifty50 Value 20,BANKBARODA,2014-09-08,2017-09-29,,snapshot_floor,,closed by ind_prs28082017.pdf
2005,Nifty50 Value 20,BHARTIARTL,2014-09-08,2017-12-29,,snapshot_floor,,closed by ind_prs18122017.pdf
2005,Nifty50 Value 20,AXISBANK,2014-09-08,2018-12-28,,snapshot_floor,,closed by ind_prs14122018.pdf
2005,Nifty50 Value 20,ICICIBANK,2014-09-08,2018-12-28,,snapshot_floor,,closed by ind_prs14122018.pdf
2005,Nifty50 Value 20,SBIN,2014-09-08,2018-12-28,,snapshot_floor,,closed by ind_prs14122018.pdf
2005,Nifty50 Value 20,HINDPETRO,2017-12-29,2019-03-29,,press_release,https://niftyindices.com/Press_Release/ind_prs18122017.pdf,closed by ind_prs25022019.pdf
2005,Nifty50 Value 20,RELIANCE,2014-09-08,2019-12-27,,snapshot_floor,,closed by ind_prs16122019.pdf
2005,Nifty50 Value 20,YESBANK,2014-09-08,2020-03-19,,snapshot_floor,,closed by ind_prs16032020.pdf
2005,Nifty50 Value 20,VEDL,2018-12-28,2020-07-31,,press_release,https://niftyindices.com/Press_Release/ind_prs14122018.pdf,closed by ind_prs02072020_1.pdf
2005,Nifty50 Value 20,BPCL,2014-09-08,2021-01-01,,snapshot_floor,,closed by ind_prs11122020.pdf
2005,Nifty50 Value 20,IOC,2018-12-28,2021-01-01,,press_release,https://niftyindices.com/Press_Release/ind_prs14122018.pdf,closed by ind_prs11122020.pdf
2005,Nifty50 Value 20,TATASTEEL,2014-09-08,2021-01-01,,snapshot_floor,,closed by ind_prs11122020.pdf
2005,Nifty50 Value 20,GAIL,2014-09-08,2021-03-31,,snapshot_floor,,closed by ind_prs23022021.pdf
2005,Nifty50 Value 20,INDUSINDBK,2021-01-01,2021-12-31,,press_release,https://niftyindices.com/Press_Release/ind_prs11122020.pdf,closed by ind_prs08122021.pdf
2005,Nifty50 Value 20,SUNPHARMA,2021-03-31,2021-12-31,,press_release,https://niftyindices.com/Press_Release/ind_prs23022021.pdf,closed by ind_prs08122021.pdf
2005,Nifty50 Value 20,IOC,2021-12-31,2022-03-31,,press_release,https://niftyindices.com/Press_Release/ind_prs08122021.pdf,closed by ind_prs24022022_1.pdf
2005,Nifty50 Value 20,COALINDIA,2014-09-08,,,snapshot_floor,,
2005,Nifty50 Value 20,ONGC,2014-09-08,,,snapshot_floor,,
2005,Nifty50 Value 20,NTPC,2014-09-08,,,snapshot_floor,,
2005,Nifty50 Value 20,CIPLA,2014-09-08,,,snapshot_floor,,
2005,Nifty50 Value 20,TMPV,2014-09-08,,,snapshot_floor,,
2005,Nifty50 Value 20,WIPRO,2014-09-08,,,snapshot_floor,,
2005,Nifty50 Value 20,BAJAJ-AUTO,2014-09-08,,,snapshot_floor,,
2005,Nifty50 Value 20,TCS,2014-09-08,,,snapshot_floor,,
2005,Nifty50 Value 20,KOTAKBANK,2014-09-08,,,snapshot_floor,,
2005,Nifty50 Value 20,DRREDDY,2014-09-08,,,snapshot_floor,,
2005,Nifty50 Value 20,MARUTI,2014-09-08,,,snapshot_floor,,
2005,Nifty50 Value 20,INFY,2014-09-08,,,snapshot_floor,,
2005,Nifty50 Value 20,HCLTECH,2014-09-08,,,snapshot_floor,,
2005,Nifty50 Value 20,TECHM,2017-09-29,,,press_release,https://niftyindices.com/Press_Release/ind_prs28082017.pdf,
2005,Nifty50 Value 20,IISL,2017-09-29,2017-09-30,,press_release,https://niftyindices.com/Press_Release/ind_prs28082017.pdf,"inferred-exclude: not in NSE current snapshot, no PR found (closed at next semi-annual review)"
2005,Nifty50 Value 20,IDFC,2017-09-29,2017-09-30,,press_release,https://niftyindices.com/Press_Release/ind_prs28082017.pdf,"inferred-exclude: not in NSE current snapshot, no PR found (closed at next semi-annual review)"
2005,Nifty50 Value 20,POWERGRID,2018-12-28,,,press_release,https://niftyindices.com/Press_Release/ind_prs14122018.pdf,
2005,Nifty50 Value 20,JSWSTEEL,2019-03-29,2019-03-31,,press_release,https://niftyindices.com/Press_Release/ind_prs25022019.pdf,"inferred-exclude: not in NSE current snapshot, no PR found (closed at next semi-annual review)"
2005,Nifty50 Value 20,ZEEL,2019-12-27,2020-03-31,,press_release,https://niftyindices.com/Press_Release/ind_prs16122019.pdf,"inferred-exclude: not in NSE current snapshot, no PR found (closed at next semi-annual review)"
2005,Nifty50 Value 20,ITC,2020-03-19,,,press_release,https://niftyindices.com/Press_Release/ind_prs16032020.pdf,
2005,Nifty50 Value 20,HINDALCO,2020-07-31,,,press_release,https://niftyindices.com/Press_Release/ind_prs02072020_1.pdf,
2005,Nifty50 Value 20,GRASIM,2021-01-01,2021-03-31,,press_release,https://niftyindices.com/Press_Release/ind_prs11122020.pdf,"inferred-exclude: not in NSE current snapshot, no PR found (closed at next semi-annual review)"
2005,Nifty50 Value 20,UPL,2021-01-01,2021-03-31,,press_release,https://niftyindices.com/Press_Release/ind_prs11122020.pdf,"inferred-exclude: not in NSE current snapshot, no PR found (closed at next semi-annual review)"
2005,Nifty50 Value 20,BPCL,2021-12-31,2022-03-31,,press_release,https://niftyindices.com/Press_Release/ind_prs08122021.pdf,"inferred-exclude: not in NSE current snapshot, no PR found (closed at next semi-annual review)"
2005,Nifty50 Value 20,BRITANNIA,2022-03-31,2022-09-30,,press_release,https://niftyindices.com/Press_Release/ind_prs24022022_1.pdf,"inferred-exclude: not in NSE current snapshot, no PR found (closed at next semi-annual review)"
2005,Nifty50 Value 20,AXISBANK,2026-03-31,,,snapshot,,"inferred-include: in NSE current snapshot, no PR found (opened at most-recent semi-annual review)"
2005,Nifty50 Value 20,ICICIBANK,2026-03-31,,,snapshot,,"inferred-include: in NSE current snapshot, no PR found (opened at most-recent semi-annual review)"
2005,Nifty50 Value 20,SBIN,2026-03-31,,,snapshot,,"inferred-include: in NSE current snapshot, no PR found (opened at most-recent semi-annual review)"
2006,Nifty100 Equal Weight,ADANIPOWER,2014-01-01,,,snapshot_floor,,
2006,Nifty100 Equal Weight,MAXHEALTH,2014-01-01,,,snapshot_floor,,
2006,Nifty100 Equal Weight,LODHA,2014-01-01,,,snapshot_floor,,
2006,Nifty100 Equal Weight,AXISBANK,2014-01-01,,,snapshot_floor,,
2006,Nifty100 Equal Weight,MUTHOOTFIN,2014-01-01,,,snapshot_floor,,
2006,Nifty100 Equal Weight,APOLLOHOSP,2014-01-01,,,snapshot_floor,,
2006,Nifty100 Equal Weight,ADANIGREEN,2014-01-01,,,snapshot_floor,,
2006,Nifty100 Equal Weight,BPCL,2014-01-01,,,snapshot_floor,,
2006,Nifty100 Equal Weight,BAJAJFINSV,2014-01-01,,,snapshot_floor,,
2006,Nifty100 Equal Weight,TATAPOWER,2014-01-01,,,snapshot_floor,,
2006,Nifty100 Equal Weight,TMPV,2014-01-01,,,snapshot_floor,,
2006,Nifty100 Equal Weight,SHREECEM,2014-01-01,,,snapshot_floor,,
2006,Nifty100 Equal Weight,WIPRO,2014-01-01,,,snapshot_floor,,
2006,Nifty100 Equal Weight,HINDALCO,2014-01-01,,,snapshot_floor,,
2006,Nifty100 Equal Weight,ENRIN,2014-01-01,,,snapshot_floor,,
2006,Nifty100 Equal Weight,POWERGRID,2014-01-01,,,snapshot_floor,,
2006,Nifty100 Equal Weight,HDFCBANK,2014-01-01,,,snapshot_floor,,
2006,Nifty100 Equal Weight,AMBUJACEM,2014-01-01,,,snapshot_floor,,
2006,Nifty100 Equal Weight,GODREJCP,2014-01-01,,,snapshot_floor,,
2006,Nifty100 Equal Weight,BAJAJHLDNG,2014-01-01,,,snapshot_floor,,
2006,Nifty100 Equal Weight,ADANIPORTS,2014-01-01,,,snapshot_floor,,
2006,Nifty100 Equal Weight,ITC,2014-01-01,,,snapshot_floor,,
2006,Nifty100 Equal Weight,SBIN,2014-01-01,,,snapshot_floor,,
2006,Nifty100 Equal Weight,MAZDOCK,2014-01-01,,,snapshot_floor,,
2006,Nifty100 Equal Weight,INFY,2014-01-01,,,snapshot_floor,,
2006,Nifty100 Equal Weight,JINDALSTEL,2014-01-01,,,snapshot_floor,,
2006,Nifty100 Equal Weight,HINDUNILVR,2014-01-01,,,snapshot_floor,,
2006,Nifty100 Equal Weight,SIEMENS,2014-01-01,,,snapshot_floor,,
2006,Nifty100 Equal Weight,HAL,2014-01-01,,,snapshot_floor,,
2006,Nifty100 Equal Weight,ADANIENT,2014-01-01,,,snapshot_floor,,
2006,Nifty100 Equal Weight,BHARTIARTL,2014-01-01,,,snapshot_floor,,
2006,Nifty100 Equal Weight,SHRIRAMFIN,2014-01-01,,,snapshot_floor,,
2006,Nifty100 Equal Weight,CIPLA,2014-01-01,,,snapshot_floor,,
2006,Nifty100 Equal Weight,VBL,2014-01-01,,,snapshot_floor,,
2006,Nifty100 Equal Weight,SOLARINDS,2014-01-01,,,snapshot_floor,,
2006,Nifty100 Equal Weight,BEL,2014-01-01,,,snapshot_floor,,
2006,Nifty100 Equal Weight,IRFC,2014-01-01,,,snapshot_floor,,
2006,Nifty100 Equal Weight,BOSCHLTD,2014-01-01,,,snapshot_floor,,
2006,Nifty100 Equal Weight,TECHM,2014-01-01,,,snapshot_floor,,
2006,Nifty100 Equal Weight,MOTHERSON,2014-01-01,,,snapshot_floor,,
2006,Nifty100 Equal Weight,NESTLEIND,2014-01-01,,,snapshot_floor,,
2006,Nifty100 Equal Weight,RELIANCE,2014-01-01,,,snapshot_floor,,
2006,Nifty100 Equal Weight,JIOFIN,2014-01-01,,,snapshot_floor,,
2006,Nifty100 Equal Weight,INDIGO,2014-01-01,,,snapshot_floor,,
2006,Nifty100 Equal Weight,CHOLAFIN,2014-01-01,,,snapshot_floor,,
2006,Nifty100 Equal Weight,GRASIM,2014-01-01,,,snapshot_floor,,
2006,Nifty100 Equal Weight,KOTAKBANK,2014-01-01,,,snapshot_floor,,
2006,Nifty100 Equal Weight,BANKBARODA,2014-01-01,,,snapshot_floor,,
2006,Nifty100 Equal Weight,MARUTI,2014-01-01,,,snapshot_floor,,
2006,Nifty100 Equal Weight,EICHERMOT,2014-01-01,,,snapshot_floor,,
2006,Nifty100 Equal Weight,IOC,2014-01-01,,,snapshot_floor,,
2006,Nifty100 Equal Weight,TATACAP,2014-01-01,,,snapshot_floor,,
2006,Nifty100 Equal Weight,TATACONSUM,2014-01-01,,,snapshot_floor,,
2006,Nifty100 Equal Weight,GAIL,2014-01-01,,,snapshot_floor,,
2006,Nifty100 Equal Weight,DIVISLAB,2014-01-01,,,snapshot_floor,,
2006,Nifty100 Equal Weight,DMART,2014-01-01,,,snapshot_floor,,
2006,Nifty100 Equal Weight,ULTRACEMCO,2014-01-01,,,snapshot_floor,,
2006,Nifty100 Equal Weight,COALINDIA,2014-01-01,,,snapshot_floor,,
2006,Nifty100 Equal Weight,CUMMINSIND,2014-01-01,,,snapshot_floor,,
2006,Nifty100 Equal Weight,UNIONBANK,2014-01-01,,,snapshot_floor,,
2006,Nifty100 Equal Weight,ABB,2014-01-01,,,snapshot_floor,,
2006,Nifty100 Equal Weight,ICICIBANK,2014-01-01,,,snapshot_floor,,
2006,Nifty100 Equal Weight,ZYDUSLIFE,2014-01-01,,,snapshot_floor,,
2006,Nifty100 Equal Weight,ADANIENSOL,2014-01-01,,,snapshot_floor,,
2006,Nifty100 Equal Weight,HYUNDAI,2014-01-01,,,snapshot_floor,,
2006,Nifty100 Equal Weight,CGPOWER,2014-01-01,,,snapshot_floor,,
2006,Nifty100 Equal Weight,TRENT,2014-01-01,,,snapshot_floor,,
2006,Nifty100 Equal Weight,PIDILITIND,2014-01-01,,,snapshot_floor,,
2006,Nifty100 Equal Weight,TORNTPHARM,2014-01-01,,,snapshot_floor,,
2006,Nifty100 Equal Weight,M&M,2014-01-01,,,snapshot_floor,,
2006,Nifty100 Equal Weight,VEDL,2014-01-01,,,snapshot_floor,,
2006,Nifty100 Equal Weight,LT,2014-01-01,,,snapshot_floor,,
2006,Nifty100 Equal Weight,SBILIFE,2014-01-01,,,snapshot_floor,,
2006,Nifty100 Equal Weight,DRREDDY,2014-01-01,,,snapshot_floor,,
2006,Nifty100 Equal Weight,RECLTD,2014-01-01,,,snapshot_floor,,
2006,Nifty100 Equal Weight,HDFCAMC,2014-01-01,,,snapshot_floor,,
2006,Nifty100 Equal Weight,BRITANNIA,2014-01-01,,,snapshot_floor,,
2006,Nifty100 Equal Weight,CANBK,2014-01-01,,,snapshot_floor,,
2006,Nifty100 Equal Weight,TATASTEEL,2014-01-01,,,snapshot_floor,,
2006,Nifty100 Equal Weight,BAJFINANCE,2014-01-01,,,snapshot_floor,,
2006,Nifty100 Equal Weight,LTM,2014-01-01,,,snapshot_floor,,
2006,Nifty100 Equal Weight,ONGC,2014-01-01,,,snapshot_floor,,
2006,Nifty100 Equal Weight,NTPC,2014-01-01,,,snapshot_floor,,
2006,Nifty100 Equal Weight,TITAN,2014-01-01,,,snapshot_floor,,
2006,Nifty100 Equal Weight,INDHOTEL,2014-01-01,,,snapshot_floor,,
2006,Nifty100 Equal Weight,HDFCLIFE,2014-01-01,,,snapshot_floor,,
2006,Nifty100 Equal Weight,TCS,2014-01-01,,,snapshot_floor,,
2006,Nifty100 Equal Weight,BAJAJ-AUTO,2014-01-01,,,snapshot_floor,,
2006,Nifty100 Equal Weight,TMCV,2014-01-01,,,snapshot_floor,,
2006,Nifty100 Equal Weight,DLF,2014-01-01,,,snapshot_floor,,
2006,Nifty100 Equal Weight,SUNPHARMA,2014-01-01,,,snapshot_floor,,
2006,Nifty100 Equal Weight,PFC,2014-01-01,,,snapshot_floor,,
2006,Nifty100 Equal Weight,TVSMOTOR,2014-01-01,,,snapshot_floor,,
2006,Nifty100 Equal Weight,ETERNAL,2014-01-01,,,snapshot_floor,,
2006,Nifty100 Equal Weight,UNITDSPR,2014-01-01,,,snapshot_floor,,
2006,Nifty100 Equal Weight,ASIANPAINT,2014-01-01,,,snapshot_floor,,
2006,Nifty100 Equal Weight,JSWSTEEL,2014-01-01,,,snapshot_floor,,
2006,Nifty100 Equal Weight,PNB,2014-01-01,,,snapshot_floor,,
2006,Nifty100 Equal Weight,HCLTECH,2014-01-01,,,snapshot_floor,,
2006,Nifty100 Equal Weight,HINDZINC,2014-01-01,,,snapshot_floor,,
2007,Nifty100 Low Volatility 30,DIVISLAB,2016-07-08,2017-03-31,,snapshot_floor,,closed by ind_prs16022017.pdf
2007,Nifty100 Low Volatility 30,NHPC,2016-07-08,2019-06-28,,snapshot_floor,,closed by ind_prs13062019.pdf
2007,Nifty100 Low Volatility 30,INDUSINDBK,2016-07-08,2019-09-27,,snapshot_floor,,closed by ind_prs17092019.pdf
2007,Nifty100 Low Volatility 30,MRF,2019-06-28,2019-09-27,,press_release,https://niftyindices.com/Press_Release/ind_prs13062019.pdf,closed by ind_prs17092019.pdf
2007,Nifty100 Low Volatility 30,OFSS,2016-07-08,2019-09-27,,snapshot_floor,,closed by ind_prs17092019.pdf
2007,Nifty100 Low Volatility 30,MARUTI,2016-07-08,2020-06-26,,snapshot_floor,,closed by ind_prs10062020.pdf
2007,Nifty100 Low Volatility 30,M&M,2016-07-08,2021-01-01,,snapshot_floor,,closed by ind_prs11122020.pdf
2007,Nifty100 Low Volatility 30,HDFC,2016-07-08,2021-03-31,,snapshot_floor,,closed by ind_prs10032021.pdf
2007,Nifty100 Low Volatility 30,BOSCHLTD,2016-07-08,2021-06-30,,snapshot_floor,,closed by ind_prs15062021.pdf
2007,Nifty100 Low Volatility 30,ALKEM,2021-03-31,2021-09-30,,press_release,https://niftyindices.com/Press_Release/ind_prs10032021.pdf,closed by ind_prs15092021.pdf
2007,Nifty100 Low Volatility 30,COALINDIA,2016-07-08,2021-12-31,,snapshot_floor,,closed by ind_prs08122021.pdf
2007,Nifty100 Low Volatility 30,ACC,2016-07-08,2023-03-31,,snapshot_floor,,closed by ind_prs06032023.pdf
2007,Nifty100 Low Volatility 30,HDFCLIFE,2021-06-30,2023-06-30,,press_release,https://niftyindices.com/Press_Release/ind_prs15062021.pdf,closed by ind_prs09062023.pdf
2007,Nifty100 Low Volatility 30,TECHM,2016-07-08,2023-06-30,,snapshot_floor,,closed by ind_prs09062023.pdf
2007,Nifty100 Low Volatility 30,INFY,2017-03-31,2023-09-29,,press_release,https://niftyindices.com/Press_Release/ind_prs16022017.pdf,closed by ind_prs15092023.pdf
2007,Nifty100 Low Volatility 30,IOC,2021-01-01,2024-03-28,,press_release,https://niftyindices.com/Press_Release/ind_prs11122020.pdf,closed by ind_prs14032024.pdf
2007,Nifty100 Low Volatility 30,POWERGRID,2016-07-08,2024-06-28,,snapshot_floor,,closed by ind_prs07062024.pdf
2007,Nifty100 Low Volatility 30,BERGEPAINT,2021-12-31,2024-09-30,,press_release,https://niftyindices.com/Press_Release/ind_prs08122021.pdf,closed by ind_prs23092024.pdf
2007,Nifty100 Low Volatility 30,COLPAL,2016-07-08,2024-09-30,,snapshot_floor,,closed by ind_prs23092024.pdf
2007,Nifty100 Low Volatility 30,MARICO,2019-09-27,2024-09-30,,press_release,https://niftyindices.com/Press_Release/ind_prs17092019.pdf,closed by ind_prs23092024.pdf
2007,Nifty100 Low Volatility 30,NTPC,2016-07-08,2024-09-30,,snapshot_floor,,closed by ind_prs23092024.pdf
2007,Nifty100 Low Volatility 30,DABUR,2016-07-08,2025-09-30,,snapshot_floor,,closed by ind_prs15092025.pdf
2007,Nifty100 Low Volatility 30,HEROMOTOCO,2016-07-08,2025-09-30,,snapshot_floor,,closed by ind_prs15092025.pdf
2007,Nifty100 Low Volatility 30,ULTRACEMCO,2016-07-08,,,snapshot_floor,,
2007,Nifty100 Low Volatility 30,WIPRO,2016-07-08,,,snapshot_floor,,
2007,Nifty100 Low Volatility 30,HDFCBANK,2016-07-08,,,snapshot_floor,,
2007,Nifty100 Low Volatility 30,ITC,2016-07-08,,,snapshot_floor,,
2007,Nifty100 Low Volatility 30,PIDILITIND,2016-07-08,,,snapshot_floor,,
2007,Nifty100 Low Volatility 30,HINDUNILVR,2016-07-08,,,snapshot_floor,,
2007,Nifty100 Low Volatility 30,BRITANNIA,2016-07-08,,,snapshot_floor,,
2007,Nifty100 Low Volatility 30,CIPLA,2016-07-08,,,snapshot_floor,,
2007,Nifty100 Low Volatility 30,BAJAJ-AUTO,2016-07-08,,,snapshot_floor,,
2007,Nifty100 Low Volatility 30,TCS,2016-07-08,,,snapshot_floor,,
2007,Nifty100 Low Volatility 30,RELIANCE,2016-07-08,,,snapshot_floor,,
2007,Nifty100 Low Volatility 30,KOTAKBANK,2016-07-08,,,snapshot_floor,,
2007,Nifty100 Low Volatility 30,ASIANPAINT,2016-07-08,,,snapshot_floor,,
2007,Nifty100 Low Volatility 30,HCLTECH,2017-05-26,,,press_release,https://niftyindices.com/Press_Release/ind_prs09052017.pdf,
2007,Nifty100 Low Volatility 30,LT,2019-09-27,,,press_release,https://niftyindices.com/Press_Release/ind_prs17092019.pdf,
2007,Nifty100 Low Volatility 30,NESTLEIND,2019-09-27,,,press_release,https://niftyindices.com/Press_Release/ind_prs17092019.pdf,
2007,Nifty100 Low Volatility 30,DRREDDY,2020-06-26,,,press_release,https://niftyindices.com/Press_Release/ind_prs10062020.pdf,
2007,Nifty100 Low Volatility 30,NSE,2021-03-31,2021-09-30,,press_release,https://niftyindices.com/Press_Release/ind_prs10032021.pdf,"inferred-exclude: not in NSE current snapshot, no PR found (closed at next semi-annual review)"
2007,Nifty100 Low Volatility 30,SBILIFE,2021-09-30,,,press_release,https://niftyindices.com/Press_Release/ind_prs15092021.pdf,
2007,Nifty100 Low Volatility 30,SUNPHARMA,2023-03-31,,,press_release,https://niftyindices.com/Press_Release/ind_prs06032023.pdf,
2007,Nifty100 Low Volatility 30,ICICIBANK,2023-06-30,,,press_release,https://niftyindices.com/Press_Release/ind_prs09062023.pdf,
2007,Nifty100 Low Volatility 30,TORNTPHARM,2023-06-30,,,press_release,https://niftyindices.com/Press_Release/ind_prs09062023.pdf,
2007,Nifty100 Low Volatility 30,BOSCHLTD,2023-09-29,,,press_release,https://niftyindices.com/Press_Release/ind_prs15092023.pdf,
2007,Nifty100 Low Volatility 30,TITAN,2024-03-28,,,press_release,https://niftyindices.com/Press_Release/ind_prs14032024.pdf,
2007,Nifty100 Low Volatility 30,BHARTIARTL,2024-06-28,,,press_release,https://niftyindices.com/Press_Release/ind_prs07062024.pdf,
2007,Nifty100 Low Volatility 30,APOLLOHOSP,2024-09-30,,,press_release,https://niftyindices.com/Press_Release/ind_prs23092024.pdf,
2007,Nifty100 Low Volatility 30,BAJAJFINSV,2024-09-30,,,press_release,https://niftyindices.com/Press_Release/ind_prs23092024.pdf,
2007,Nifty100 Low Volatility 30,INFY,2024-09-30,,,press_release,https://niftyindices.com/Press_Release/ind_prs23092024.pdf,
2007,Nifty100 Low Volatility 30,MARUTI,2024-09-30,,,press_release,https://niftyindices.com/Press_Release/ind_prs23092024.pdf,
2007,Nifty100 Low Volatility 30,SHREECEM,2025-09-30,,,press_release,https://niftyindices.com/Press_Release/ind_prs15092025.pdf,
2007,Nifty100 Low Volatility 30,SBIN,2025-09-30,,,press_release,https://niftyindices.com/Press_Release/ind_prs15092025.pdf,
2008,Nifty100 Quality 30,RECLTD,2014-12-31,2018-12-28,,snapshot_floor,,closed by ind_prs14122018.pdf
2008,Nifty100 Quality 30,BEL,2014-12-31,2019-06-28,,snapshot_floor,,closed by ind_prs13062019.pdf
2008,Nifty100 Quality 30,LICHSGFIN,2014-12-31,2019-06-28,,snapshot_floor,,closed by ind_prs13062019.pdf
2008,Nifty100 Quality 30,SUNTV,2014-12-31,2019-06-28,,snapshot_floor,,closed by ind_prs13062019.pdf
2008,Nifty100 Quality 30,YESBANK,2014-12-31,2019-06-28,,snapshot_floor,,closed by ind_prs13062019.pdf
2008,Nifty100 Quality 30,HINDZINC,2014-12-31,2019-12-27,,snapshot_floor,,closed by ind_prs16122019.pdf
2008,Nifty100 Quality 30,OFSS,2014-12-31,2019-12-27,,snapshot_floor,,closed by ind_prs16122019.pdf
2008,Nifty100 Quality 30,SAMMAANCAP,2019-06-28,2020-06-26,,press_release,https://niftyindices.com/Press_Release/ind_prs13062019.pdf,closed by ind_prs10062020.pdf
2008,Nifty100 Quality 30,PAGEIND,2019-06-28,2021-01-01,,press_release,https://niftyindices.com/Press_Release/ind_prs13062019.pdf,closed by ind_prs11122020.pdf
2008,Nifty100 Quality 30,CONCOR,2014-12-31,2021-06-30,,snapshot_floor,,closed by ind_prs15062021.pdf
2008,Nifty100 Quality 30,INDUSINDBK,2018-12-28,2021-12-31,,press_release,https://niftyindices.com/Press_Release/ind_prs14122018.pdf,closed by ind_prs08122021.pdf
2008,Nifty100 Quality 30,AUROPHARMA,2019-06-28,2022-06-30,,press_release,https://niftyindices.com/Press_Release/ind_prs13062019.pdf,closed by ind_prs15062022.pdf
2008,Nifty100 Quality 30,IGL,2020-06-26,2022-06-30,,press_release,https://niftyindices.com/Press_Release/ind_prs10062020.pdf,closed by ind_prs15062022.pdf
2008,Nifty100 Quality 30,LTM,2022-06-30,2022-09-30,,press_release,https://niftyindices.com/Press_Release/ind_prs15062022.pdf,closed by ind_prs16092022.pdf
2008,Nifty100 Quality 30,TITAN,2014-12-31,2022-12-30,,snapshot_floor,,closed by ind_prs06122022.pdf
2008,Nifty100 Quality 30,BAJFINANCE,2014-12-31,2023-06-30,,snapshot_floor,,closed by ind_prs09062023.pdf
2008,Nifty100 Quality 30,HDFCAMC,2022-12-30,2023-12-29,,press_release,https://niftyindices.com/Press_Release/ind_prs06122022.pdf,closed by ind_prs07122023.pdf
2008,Nifty100 Quality 30,PAGEIND,2023-06-30,2023-12-29,,press_release,https://niftyindices.com/Press_Release/ind_prs09062023.pdf,closed by ind_prs07122023.pdf
2008,Nifty100 Quality 30,MUTHOOTFIN,2021-01-01,2024-06-28,,press_release,https://niftyindices.com/Press_Release/ind_prs11122020.pdf,closed by ind_prs07062024.pdf
2008,Nifty100 Quality 30,BERGEPAINT,2019-12-27,2024-12-31,,press_release,https://niftyindices.com/Press_Release/ind_prs16122019.pdf,closed by ind_prs11122024.pdf
2008,Nifty100 Quality 30,COLPAL,2014-12-31,2024-12-31,,snapshot_floor,,closed by ind_prs11122024.pdf
2008,Nifty100 Quality 30,MARICO,2014-12-31,2024-12-31,,snapshot_floor,,closed by ind_prs11122024.pdf
2008,Nifty100 Quality 30,IRCTC,2023-12-29,2025-06-30,,press_release,https://niftyindices.com/Press_Release/ind_prs07122023.pdf,closed by ind_prs06062025.pdf
2008,Nifty100 Quality 30,DABUR,2014-12-31,2025-12-31,,snapshot_floor,,closed by ind_prs11122025.pdf
2008,Nifty100 Quality 30,HDFCBANK,2014-12-31,2025-12-31,,snapshot_floor,,closed by ind_prs11122025.pdf
2008,Nifty100 Quality 30,HEROMOTOCO,2014-12-31,2025-12-31,,snapshot_floor,,closed by ind_prs11122025.pdf
2008,Nifty100 Quality 30,COALINDIA,2014-12-31,,,snapshot_floor,,
2008,Nifty100 Quality 30,HAVELLS,2014-12-31,,,snapshot_floor,,
2008,Nifty100 Quality 30,GODREJCP,2014-12-31,,,snapshot_floor,,
2008,Nifty100 Quality 30,ITC,2014-12-31,,,snapshot_floor,,
2008,Nifty100 Quality 30,PIDILITIND,2014-12-31,,,snapshot_floor,,
2008,Nifty100 Quality 30,INFY,2014-12-31,,,snapshot_floor,,
2008,Nifty100 Quality 30,BRITANNIA,2014-12-31,,,snapshot_floor,,
2008,Nifty100 Quality 30,HINDUNILVR,2014-12-31,,,snapshot_floor,,
2008,Nifty100 Quality 30,BAJAJ-AUTO,2014-12-31,,,snapshot_floor,,
2008,Nifty100 Quality 30,TCS,2014-12-31,,,snapshot_floor,,
2008,Nifty100 Quality 30,BOSCHLTD,2014-12-31,,,snapshot_floor,,
2008,Nifty100 Quality 30,ASIANPAINT,2014-12-31,,,snapshot_floor,,
2008,Nifty100 Quality 30,MARUTI,2014-12-31,,,snapshot_floor,,
2008,Nifty100 Quality 30,EICHERMOT,2014-12-31,,,snapshot_floor,,
2008,Nifty100 Quality 30,HCLTECH,2014-12-31,,,snapshot_floor,,
2008,Nifty100 Quality 30,NIFTY,2018-12-28,2019-03-31,,press_release,https://niftyindices.com/Press_Release/ind_prs14122018.pdf,"inferred-exclude: not in NSE current snapshot, no PR found (closed at next semi-annual review)"
2008,Nifty100 Quality 30,TECHM,2019-06-28,,,press_release,https://niftyindices.com/Press_Release/ind_prs13062019.pdf,
2008,Nifty100 Quality 30,NESTLEIND,2019-12-27,,,press_release,https://niftyindices.com/Press_Release/ind_prs16122019.pdf,
2008,Nifty100 Quality 30,DIVISLAB,2021-12-31,,,press_release,https://niftyindices.com/Press_Release/ind_prs08122021.pdf,
2008,Nifty100 Quality 30,WIPRO,2022-06-30,,,press_release,https://niftyindices.com/Press_Release/ind_prs15062022.pdf,
2008,Nifty100 Quality 30,HAL,2022-09-30,,,press_release,https://niftyindices.com/Press_Release/ind_prs16092022.pdf,
2008,Nifty100 Quality 30,BEL,2023-12-29,,,press_release,https://niftyindices.com/Press_Release/ind_prs07122023.pdf,
2008,Nifty100 Quality 30,ABB,2024-06-28,,,press_release,https://niftyindices.com/Press_Release/ind_prs07062024.pdf,
2008,Nifty100 Quality 30,DRREDDY,2024-12-31,,,press_release,https://niftyindices.com/Press_Release/ind_prs11122024.pdf,
2008,Nifty100 Quality 30,UNITDSPR,2024-12-31,,,press_release,https://niftyindices.com/Press_Release/ind_prs11122024.pdf,
2008,Nifty100 Quality 30,ZYDUSLIFE,2024-12-31,,,press_release,https://niftyindices.com/Press_Release/ind_prs11122024.pdf,
2008,Nifty100 Quality 30,VBL,2025-06-30,,,press_release,https://niftyindices.com/Press_Release/ind_prs06062025.pdf,
2008,Nifty100 Quality 30,HINDZINC,2025-12-31,,,press_release,https://niftyindices.com/Press_Release/ind_prs11122025.pdf,
2008,Nifty100 Quality 30,MAZDOCK,2025-12-31,,,press_release,https://niftyindices.com/Press_Release/ind_prs11122025.pdf,
2008,Nifty100 Quality 30,SOLARINDS,2025-12-31,,,press_release,https://niftyindices.com/Press_Release/ind_prs11122025.pdf,
2008,Nifty100 Quality 30,LTM,2026-03-31,,,snapshot,,"inferred-include: in NSE current snapshot, no PR found (opened at most-recent semi-annual review)"
2009,Nifty Midcap 50,HDIL,2014-01-01,2014-03-28,,snapshot_floor,,closed by ind_prs27022014.pdf
2009,Nifty Midcap 50,JSWSTEEL,2014-01-01,2014-03-28,,snapshot_floor,,closed by ind_prs27022014.pdf
2009,Nifty Midcap 50,ADANIPOWER,2014-01-01,2014-09-26,,snapshot_floor,,closed by ind_prs26082014.pdf
2009,Nifty Midcap 50,AUROPHARMA,2014-01-01,2015-03-27,,snapshot_floor,,closed by ind_prs20022015.pdf
2009,Nifty Midcap 50,BHARATFORG,2014-01-01,2015-03-27,,snapshot_floor,,closed by ind_prs20022015.pdf
2009,Nifty Midcap 50,DIVISLAB,2014-01-01,2015-03-27,,snapshot_floor,,closed by ind_prs20022015.pdf
2009,Nifty Midcap 50,UPL,2014-01-01,2015-03-27,,snapshot_floor,,closed by ind_prs20022015.pdf
2009,Nifty Midcap 50,HINDPETRO,2014-01-01,2015-09-28,,snapshot_floor,,closed by ind_prs12082015.pdf
2009,Nifty Midcap 50,MCLEODRUSS,2014-01-01,2015-09-28,,snapshot_floor,,closed by ind_prs12082015.pdf
2009,Nifty Midcap 50,PFC,2014-03-28,2015-09-28,,press_release,https://niftyindices.com/Press_Release/ind_prs27022014.pdf,closed by ind_prs12082015.pdf
2009,Nifty Midcap 50,SIEMENS,2014-01-01,2015-09-28,,snapshot_floor,,closed by ind_prs12082015.pdf
2009,Nifty Midcap 50,CROMPGREAV,2014-01-01,2015-09-28,,snapshot_floor,,closed by ind_prs24082015.pdf
2009,Nifty Midcap 50,IOB,2014-01-01,2016-05-27,,snapshot_floor,,closed by ind_prs28042016.pdf
2009,Nifty Midcap 50,UCOBANK,2014-01-01,2016-05-27,,snapshot_floor,,closed by ind_prs28042016.pdf
2009,Nifty Midcap 50,HEXAWARE,2014-01-01,2017-03-31,,snapshot_floor,,closed by ind_prs16022017.pdf
2009,Nifty Midcap 50,RECLTD,2014-01-01,2017-03-31,,snapshot_floor,,closed by ind_prs16022017.pdf
2009,Nifty Midcap 50,ABIRLANUVO,2014-01-01,2017-05-26,,snapshot_floor,,closed by ind_prs27042017.pdf
2009,Nifty Midcap 50,SUNTV,2014-01-01,2017-05-26,,snapshot_floor,,closed by ind_prs27042017.pdf
2009,Nifty Midcap 50,BATAINDIA,2014-01-01,2017-09-29,,snapshot_floor,,closed by ind_prs28082017.pdf
2009,Nifty Midcap 50,JUBLFOOD,2014-01-01,2017-09-29,,snapshot_floor,,closed by ind_prs28082017.pdf
2009,Nifty Midcap 50,MRF,2014-01-01,2017-09-29,,snapshot_floor,,closed by ind_prs28082017.pdf
2009,Nifty Midcap 50,WOCKPHARMA,2015-09-28,2017-09-29,,press_release,https://niftyindices.com/Press_Release/ind_prs12082015.pdf,closed by ind_prs28082017.pdf
2009,Nifty Midcap 50,JSWENERGY,2014-01-01,2017-12-29,,snapshot_floor,,closed by ind_prs28112017.pdf
2009,Nifty Midcap 50,CESC,2014-01-01,2018-02-05,,snapshot_floor,,closed by ind_prs08012018.pdf
2009,Nifty Midcap 50,STAR,2015-03-27,2018-02-05,,press_release,https://niftyindices.com/Press_Release/ind_prs20022015.pdf,closed by ind_prs08012018.pdf
2009,Nifty Midcap 50,ADANIENT,2014-01-01,2018-04-02,,snapshot_floor,,closed by ind_prs21022018.pdf
2009,Nifty Midcap 50,DALBHARAT,2017-05-26,2018-04-02,,press_release,https://niftyindices.com/Press_Release/ind_prs27042017.pdf,closed by ind_prs21022018.pdf
2009,Nifty Midcap 50,IRB,2015-03-27,2018-04-02,,press_release,https://niftyindices.com/Press_Release/ind_prs20022015.pdf,closed by ind_prs21022018.pdf
2009,Nifty Midcap 50,LTF,2014-09-26,2018-04-02,,press_release,https://niftyindices.com/Press_Release/ind_prs26082014.pdf,closed by ind_prs21022018.pdf
2009,Nifty Midcap 50,RCOM,2014-01-01,2018-04-02,,snapshot_floor,,closed by ind_prs21022018.pdf
2009,Nifty Midcap 50,ARVIND,2014-09-26,2018-06-29,,press_release,https://niftyindices.com/Press_Release/ind_prs26082014.pdf,closed by ind_prs24052018.pdf
2009,Nifty Midcap 50,TATACOMM,2014-01-01,2018-06-29,,snapshot_floor,,closed by ind_prs24052018.pdf
2009,Nifty Midcap 50,ADANIPOWER,2015-09-28,2018-09-28,,press_release,https://niftyindices.com/Press_Release/ind_prs12082015.pdf,closed by ind_prs28082018.pdf
2009,Nifty Midcap 50,BIOCON,2014-01-01,2018-09-28,,snapshot_floor,,closed by ind_prs28082018.pdf
2009,Nifty Midcap 50,ENGINERSIN,2014-01-01,2018-09-28,,snapshot_floor,,closed by ind_prs28082018.pdf
2009,Nifty Midcap 50,IDFC,2017-12-29,2018-09-28,,press_release,https://niftyindices.com/Press_Release/ind_prs28112017.pdf,closed by ind_prs28082018.pdf
2009,Nifty Midcap 50,PCJEWELLER,2016-05-27,2018-09-28,,press_release,https://niftyindices.com/Press_Release/ind_prs28042016.pdf,closed by ind_prs28082018.pdf
2009,Nifty Midcap 50,CENTURYTEX,2014-01-01,2018-12-28,,snapshot_floor,,closed by ind_prs14122018.pdf
2009,Nifty Midcap 50,DISHTV,2014-01-01,2019-03-29,,snapshot_floor,,closed by ind_prs25022019.pdf
2009,Nifty Midcap 50,DIVISLAB,2017-09-29,2019-03-29,,press_release,https://niftyindices.com/Press_Release/ind_prs28082017.pdf,closed by ind_prs25022019.pdf
2009,Nifty Midcap 50,PAGEIND,2014-01-01,2019-03-29,,snapshot_floor,,closed by ind_prs25022019.pdf
2009,Nifty Midcap 50,RPOWER,2014-01-01,2019-03-29,,snapshot_floor,,closed by ind_prs25022019.pdf
2009,Nifty Midcap 50,AJANTPHARM,2015-10-19,2019-06-28,,press_release,https://niftyindices.com/Press_Release/ind_prs18092015.pdf,closed by ind_prs13062019.pdf
2009,Nifty Midcap 50,GODREJIND,2014-01-01,2019-06-28,,snapshot_floor,,closed by ind_prs13062019.pdf
2009,Nifty Midcap 50,INDIANB,2018-06-29,2019-06-28,,press_release,https://niftyindices.com/Press_Release/ind_prs24052018.pdf,closed by ind_prs13062019.pdf
2009,Nifty Midcap 50,MRPL,2017-09-29,2019-06-28,,press_release,https://niftyindices.com/Press_Release/ind_prs28082017.pdf,closed by ind_prs13062019.pdf
2009,Nifty Midcap 50,BERGEPAINT,2017-09-29,2019-09-27,,press_release,https://niftyindices.com/Press_Release/ind_prs29082017.pdf,closed by ind_prs28082019.pdf
2009,Nifty Midcap 50,DHFL,2018-04-02,2019-09-27,,press_release,https://niftyindices.com/Press_Release/ind_prs21022018.pdf,closed by ind_prs28082019.pdf
2009,Nifty Midcap 50,IDBI,2014-01-01,2019-09-27,,snapshot_floor,,closed by ind_prs28082019.pdf
2009,Nifty Midcap 50,PFC,2018-09-28,2019-09-27,,press_release,https://niftyindices.com/Press_Release/ind_prs28082018.pdf,closed by ind_prs28082019.pdf
2009,Nifty Midcap 50,PNB,2018-09-28,2019-09-27,,press_release,https://niftyindices.com/Press_Release/ind_prs28082018.pdf,closed by ind_prs28082019.pdf
2009,Nifty Midcap 50,RELINFRA,2014-01-01,2019-09-27,,snapshot_floor,,closed by ind_prs28082019.pdf
2009,Nifty Midcap 50,TATACHEM,2014-01-01,2019-12-27,,snapshot_floor,,closed by ind_prs16122019.pdf
2009,Nifty Midcap 50,CASTROLIND,2017-03-31,2020-03-27,,press_release,https://niftyindices.com/Press_Release/ind_prs16022017.pdf,closed by ind_prs18022020.pdf
2009,Nifty Midcap 50,HEXAWARE,2018-12-28,2020-03-27,,press_release,https://niftyindices.com/Press_Release/ind_prs14122018.pdf,closed by ind_prs18022020.pdf
2009,Nifty Midcap 50,IGL,2014-01-01,2020-06-26,,snapshot_floor,,closed by ind_prs10062020.pdf
2009,Nifty Midcap 50,NAUKRI,2019-12-27,2020-06-26,,press_release,https://niftyindices.com/Press_Release/ind_prs16122019.pdf,closed by ind_prs10062020.pdf
2009,Nifty Midcap 50,MUTHOOTFIN,2017-05-26,2020-06-26,,press_release,https://niftyindices.com/Press_Release/ind_prs27042017.pdf,closed by ind_prs10062020.pdf
2009,Nifty Midcap 50,NBCC,2017-12-29,2020-06-26,,press_release,https://niftyindices.com/Press_Release/ind_prs28112017.pdf,closed by ind_prs10062020.pdf
2009,Nifty Midcap 50,TORNTPHARM,2018-04-02,2020-06-26,,press_release,https://niftyindices.com/Press_Release/ind_prs21022018.pdf,closed by ind_prs10062020.pdf
2009,Nifty Midcap 50,CESC,2019-09-27,2020-09-25,,press_release,https://niftyindices.com/Press_Release/ind_prs28082019.pdf,closed by ind_prs20082020.pdf
2009,Nifty Midcap 50,OIL,2019-03-29,2020-09-25,,press_release,https://niftyindices.com/Press_Release/ind_prs25022019.pdf,closed by ind_prs20082020.pdf
2009,Nifty Midcap 50,TATACONSUM,2014-01-01,2020-09-25,,snapshot_floor,,closed by ind_prs20082020.pdf
2009,Nifty Midcap 50,ADANIENT,2020-09-25,2021-03-31,,press_release,https://niftyindices.com/Press_Release/ind_prs20082020.pdf,closed by ind_prs23022021.pdf
2009,Nifty Midcap 50,APOLLOHOSP,2017-03-31,2021-03-31,,press_release,https://niftyindices.com/Press_Release/ind_prs16022017.pdf,closed by ind_prs23022021.pdf
2009,Nifty Midcap 50,JUBLFOOD,2018-09-28,2021-03-31,,press_release,https://niftyindices.com/Press_Release/ind_prs28082018.pdf,closed by ind_prs23022021.pdf
2009,Nifty Midcap 50,NATIONALUM,2018-06-29,2021-03-31,,press_release,https://niftyindices.com/Press_Release/ind_prs24052018.pdf,closed by ind_prs23022021.pdf
2009,Nifty Midcap 50,GMRAIRPORT,2014-01-01,2021-10-29,,snapshot_floor,,closed by ind_prs22102021.pdf
2009,Nifty Midcap 50,APOLLOTYRE,2014-01-01,2022-03-31,,snapshot_floor,,closed by ind_prs24022022_1.pdf
2009,Nifty Midcap 50,BANKINDIA,2014-03-28,2022-03-31,,press_release,https://niftyindices.com/Press_Release/ind_prs27022014.pdf,closed by ind_prs24022022_1.pdf
2009,Nifty Midcap 50,EXIDEIND,2014-01-01,2022-03-31,,snapshot_floor,,closed by ind_prs24022022_1.pdf
2009,Nifty Midcap 50,GLENMARK,2018-04-02,2022-03-31,,press_release,https://niftyindices.com/Press_Release/ind_prs21022018.pdf,closed by ind_prs24022022_1.pdf
2009,Nifty Midcap 50,MANAPPURAM,2019-06-28,2022-03-31,,press_release,https://niftyindices.com/Press_Release/ind_prs13062019.pdf,closed by ind_prs24022022_1.pdf
2009,Nifty Midcap 50,LTM,2014-01-01,2022-03-31,,snapshot_floor,,closed by ind_prs24022022_1.pdf
2009,Nifty Midcap 50,SRF,2016-05-27,2022-03-31,,press_release,https://niftyindices.com/Press_Release/ind_prs28042016.pdf,closed by ind_prs24022022_1.pdf
2009,Nifty Midcap 50,AARTIIND,2014-01-01,2022-05-04,,snapshot_floor,,closed by ind_prs05042022.pdf
2009,Nifty Midcap 50,BEL,2019-03-29,2022-09-30,,press_release,https://niftyindices.com/Press_Release/ind_prs25022019.pdf,closed by ind_prs01092022.pdf
2009,Nifty Midcap 50,BHEL,2019-09-27,2022-09-30,,press_release,https://niftyindices.com/Press_Release/ind_prs28082019.pdf,closed by ind_prs01092022.pdf
2009,Nifty Midcap 50,HAL,2021-10-29,2022-09-30,,press_release,https://niftyindices.com/Press_Release/ind_prs22102021.pdf,closed by ind_prs01092022.pdf
2009,Nifty Midcap 50,IRCTC,2021-03-31,2022-09-30,,press_release,https://niftyindices.com/Press_Release/ind_prs23022021.pdf,closed by ind_prs01092022.pdf
2009,Nifty Midcap 50,LTF,2020-06-26,2022-09-30,,press_release,https://niftyindices.com/Press_Release/ind_prs10062020.pdf,closed by ind_prs01092022.pdf
2009,Nifty Midcap 50,MPHASIS,2014-01-01,2022-09-30,,snapshot_floor,,closed by ind_prs01092022.pdf
2009,Nifty Midcap 50,SUNTV,2019-03-29,2022-09-30,,press_release,https://niftyindices.com/Press_Release/ind_prs25022019.pdf,closed by ind_prs01092022.pdf
2009,Nifty Midcap 50,RAMCOCEM,2018-04-02,2022-09-30,,press_release,https://niftyindices.com/Press_Release/ind_prs21022018.pdf,closed by ind_prs01092022.pdf
2009,Nifty Midcap 50,ABB,2022-03-31,2023-03-31,,press_release,https://niftyindices.com/Press_Release/ind_prs24022022_1.pdf,closed by ind_prs17022023_1.pdf
2009,Nifty Midcap 50,CANBK,2014-03-28,2023-03-31,,press_release,https://niftyindices.com/Press_Release/ind_prs27022014.pdf,closed by ind_prs17022023_1.pdf
2009,Nifty Midcap 50,PAGEIND,2020-09-25,2023-03-31,,press_release,https://niftyindices.com/Press_Release/ind_prs20082020.pdf,closed by ind_prs17022023_1.pdf
2009,Nifty Midcap 50,TORNTPOWER,2019-06-28,2023-03-31,,press_release,https://niftyindices.com/Press_Release/ind_prs13062019.pdf,closed by ind_prs17022023_1.pdf
2009,Nifty Midcap 50,HONAUT,2022-05-04,2023-09-29,,press_release,https://niftyindices.com/Press_Release/ind_prs05042022.pdf,closed by ind_prs17082023.pdf
2009,Nifty Midcap 50,PNB,2022-09-30,2023-09-29,,press_release,https://niftyindices.com/Press_Release/ind_prs01092022.pdf,closed by ind_prs17082023.pdf
2009,Nifty Midcap 50,SHRIRAMFIN,2020-09-25,2023-09-29,,press_release,https://niftyindices.com/Press_Release/ind_prs20082020.pdf,closed by ind_prs17082023.pdf
2009,Nifty Midcap 50,TRENT,2021-09-30,2023-09-29,,press_release,https://niftyindices.com/Press_Release/ind_prs23082021.pdf,closed by ind_prs17082023.pdf
2009,Nifty Midcap 50,TVSMOTOR,2014-01-01,2023-09-29,,snapshot_floor,,closed by ind_prs17082023.pdf
2009,Nifty Midcap 50,ZYDUSLIFE,2022-09-30,2023-09-29,,press_release,https://niftyindices.com/Press_Release/ind_prs01092022.pdf,closed by ind_prs17082023.pdf
2009,Nifty Midcap 50,ABBOTINDIA,2022-03-31,2024-03-28,,press_release,https://niftyindices.com/Press_Release/ind_prs24022022_1.pdf,closed by ind_prs28022024.pdf
2009,Nifty Midcap 50,BATAINDIA,2019-06-28,2024-03-28,,press_release,https://niftyindices.com/Press_Release/ind_prs13062019.pdf,closed by ind_prs28022024.pdf
2009,Nifty Midcap 50,BIOCON,2023-03-31,2024-03-28,,press_release,https://niftyindices.com/Press_Release/ind_prs17022023_1.pdf,closed by ind_prs28022024.pdf
2009,Nifty Midcap 50,IGL,2023-09-29,2024-03-28,,press_release,https://niftyindices.com/Press_Release/ind_prs17082023.pdf,closed by ind_prs28022024.pdf
2009,Nifty Midcap 50,LICHSGFIN,2019-03-29,2024-03-28,,press_release,https://niftyindices.com/Press_Release/ind_prs25022019.pdf,closed by ind_prs28022024.pdf
2009,Nifty Midcap 50,PFC,2021-03-31,2024-03-28,,press_release,https://niftyindices.com/Press_Release/ind_prs23022021.pdf,closed by ind_prs28022024.pdf
2009,Nifty Midcap 50,RECLTD,2018-09-28,2024-03-28,,press_release,https://niftyindices.com/Press_Release/ind_prs28082018.pdf,closed by ind_prs28022024.pdf
2009,Nifty Midcap 50,UBL,2017-09-29,2024-03-28,,press_release,https://niftyindices.com/Press_Release/ind_prs28082017.pdf,closed by ind_prs28022024.pdf
2009,Nifty Midcap 50,VOLTAS,2014-01-01,2024-03-28,,snapshot_floor,,closed by ind_prs28022024.pdf
2009,Nifty Midcap 50,ZEEL,2020-09-25,2024-03-28,,press_release,https://niftyindices.com/Press_Release/ind_prs20082020.pdf,closed by ind_prs28022024.pdf
2009,Nifty Midcap 50,BALKRISIND,2018-02-05,2024-09-30,,press_release,https://niftyindices.com/Press_Release/ind_prs08012018.pdf,closed by ind_prs23082024.pdf
2009,Nifty Midcap 50,BANDHANBNK,2023-03-31,2024-09-30,,press_release,https://niftyindices.com/Press_Release/ind_prs17022023_1.pdf,closed by ind_prs23082024.pdf
2009,Nifty Midcap 50,BHEL,2024-03-28,2024-09-30,,press_release,https://niftyindices.com/Press_Release/ind_prs28022024.pdf,closed by ind_prs23082024.pdf
2009,Nifty Midcap 50,COFORGE,2020-09-25,2024-09-30,,press_release,https://niftyindices.com/Press_Release/ind_prs20082020.pdf,closed by ind_prs23082024.pdf
2009,Nifty Midcap 50,DALBHARAT,2023-09-29,2024-09-30,,press_release,https://niftyindices.com/Press_Release/ind_prs17082023.pdf,closed by ind_prs23082024.pdf
2009,Nifty Midcap 50,ESCORTS,2019-09-27,2024-09-30,,press_release,https://niftyindices.com/Press_Release/ind_prs28082019.pdf,closed by ind_prs23082024.pdf
2009,Nifty Midcap 50,GUJGASLTD,2014-01-01,2024-09-30,,snapshot_floor,,closed by ind_prs23082024.pdf
2009,Nifty Midcap 50,JUBLFOOD,2022-09-30,2024-09-30,,press_release,https://niftyindices.com/Press_Release/ind_prs01092022.pdf,closed by ind_prs23082024.pdf
2009,Nifty Midcap 50,LTTS,2014-01-01,2024-09-30,,snapshot_floor,,closed by ind_prs23082024.pdf
2009,Nifty Midcap 50,M&MFIN,2014-01-01,2024-09-30,,snapshot_floor,,closed by ind_prs23082024.pdf
2009,Nifty Midcap 50,MFSL,2019-06-28,2024-09-30,,press_release,https://niftyindices.com/Press_Release/ind_prs13062019.pdf,closed by ind_prs23082024.pdf
2009,Nifty Midcap 50,PAGEIND,2023-09-29,2024-09-30,,press_release,https://niftyindices.com/Press_Release/ind_prs17082023.pdf,closed by ind_prs23082024.pdf
2009,Nifty Midcap 50,TIINDIA,2024-03-28,2024-09-30,,press_release,https://niftyindices.com/Press_Release/ind_prs28022024.pdf,closed by ind_prs23082024.pdf
2009,Nifty Midcap 50,ACC,2023-09-29,2025-03-28,,press_release,https://niftyindices.com/Press_Release/ind_prs17082023.pdf,closed by ind_prs21022025.pdf
2009,Nifty Midcap 50,ABCAPITAL,2023-07-13,2025-03-28,,press_release,https://niftyindices.com/Press_Release/ind_prs04072023.pdf,closed by ind_prs21022025.pdf
2009,Nifty Midcap 50,APLAPOLLO,2024-09-30,2025-03-28,,press_release,https://niftyindices.com/Press_Release/ind_prs23082024.pdf,closed by ind_prs21022025.pdf
2009,Nifty Midcap 50,CGPOWER,2024-09-30,2025-03-28,,press_release,https://niftyindices.com/Press_Release/ind_prs23082024.pdf,closed by ind_prs21022025.pdf
2009,Nifty Midcap 50,INDHOTEL,2022-09-30,2025-03-28,,press_release,https://niftyindices.com/Press_Release/ind_prs01092022.pdf,closed by ind_prs21022025.pdf
2009,Nifty Midcap 50,KPITTECH,2024-09-30,2025-03-28,,press_release,https://niftyindices.com/Press_Release/ind_prs23082024.pdf,closed by ind_prs21022025.pdf
2009,Nifty Midcap 50,LTF,2024-03-28,2025-03-28,,press_release,https://niftyindices.com/Press_Release/ind_prs28022024.pdf,closed by ind_prs21022025.pdf
2009,Nifty Midcap 50,SUNDARMFIN,2024-09-30,2025-03-28,,press_release,https://niftyindices.com/Press_Release/ind_prs23082024.pdf,closed by ind_prs21022025.pdf
2009,Nifty Midcap 50,SUZLON,2024-03-28,2025-03-28,,press_release,https://niftyindices.com/Press_Release/ind_prs28022024.pdf,closed by ind_prs21022025.pdf
2009,Nifty Midcap 50,TATACOMM,2022-03-31,2025-03-28,,press_release,https://niftyindices.com/Press_Release/ind_prs24022022_1.pdf,closed by ind_prs21022025.pdf
2009,Nifty Midcap 50,UPL,2024-03-28,2025-03-28,,press_release,https://niftyindices.com/Press_Release/ind_prs28022024.pdf,closed by ind_prs21022025.pdf
2009,Nifty Midcap 50,ALKEM,2014-01-01,2025-09-30,,snapshot_floor,,closed by ind_prs22082025.pdf
2009,Nifty Midcap 50,ASTRAL,2014-01-01,2025-09-30,,snapshot_floor,,closed by ind_prs22082025.pdf
2009,Nifty Midcap 50,CONCOR,2021-03-31,2025-09-30,,press_release,https://niftyindices.com/Press_Release/ind_prs23022021.pdf,closed by ind_prs22082025.pdf
2009,Nifty Midcap 50,MAXHEALTH,2024-03-28,2025-09-30,,press_release,https://niftyindices.com/Press_Release/ind_prs28022024.pdf,closed by ind_prs22082025.pdf
2009,Nifty Midcap 50,MRF,2019-09-27,2025-09-30,,press_release,https://niftyindices.com/Press_Release/ind_prs28082019.pdf,closed by ind_prs22082025.pdf
2009,Nifty Midcap 50,PETRONET,2014-01-01,2025-09-30,,snapshot_floor,,closed by ind_prs22082025.pdf
2009,Nifty Midcap 50,SAIL,2022-09-30,2025-09-30,,press_release,https://niftyindices.com/Press_Release/ind_prs01092022.pdf,closed by ind_prs22082025.pdf
2009,Nifty Midcap 50,TORNTPOWER,2025-03-28,2025-09-30,,press_release,https://niftyindices.com/Press_Release/ind_prs21022025.pdf,closed by ind_prs22082025.pdf
2009,Nifty Midcap 50,IDEA,2020-06-26,2025-09-30,,press_release,https://niftyindices.com/Press_Release/ind_prs10062020.pdf,closed by ind_prs22082025.pdf
2009,Nifty Midcap 50,VOLTAS,2024-09-30,2025-09-30,,press_release,https://niftyindices.com/Press_Release/ind_prs23082024.pdf,closed by ind_prs22082025.pdf
2009,Nifty Midcap 50,CUMMINSIND,2018-09-28,2026-03-30,,press_release,https://niftyindices.com/Press_Release/ind_prs28082018.pdf,closed by ind_prs23022026.pdf
2009,Nifty Midcap 50,HDFCAMC,2023-09-29,2026-03-30,,press_release,https://niftyindices.com/Press_Release/ind_prs17082023.pdf,closed by ind_prs23022026.pdf
2009,Nifty Midcap 50,IRCTC,2025-03-28,2026-03-30,,press_release,https://niftyindices.com/Press_Release/ind_prs21022025.pdf,closed by ind_prs23022026.pdf
2009,Nifty Midcap 50,JUBLFOOD,2025-09-30,2026-03-30,,press_release,https://niftyindices.com/Press_Release/ind_prs22082025.pdf,closed by ind_prs23022026.pdf
2009,Nifty Midcap 50,MUTHOOTFIN,2024-09-30,2026-03-30,,press_release,https://niftyindices.com/Press_Release/ind_prs23082024.pdf,closed by ind_prs23022026.pdf
2009,Nifty Midcap 50,OBEROIRLTY,2022-09-30,2026-03-30,,press_release,https://niftyindices.com/Press_Release/ind_prs01092022.pdf,closed by ind_prs23022026.pdf
2009,Nifty Midcap 50,OFSS,2022-03-31,2026-03-30,,press_release,https://niftyindices.com/Press_Release/ind_prs24022022_1.pdf,closed by ind_prs23022026.pdf
2009,Nifty Midcap 50,PAGEIND,2025-03-28,2026-03-30,,press_release,https://niftyindices.com/Press_Release/ind_prs21022025.pdf,closed by ind_prs23022026.pdf
2009,Nifty Midcap 50,PIIND,2024-03-28,2026-03-30,,press_release,https://niftyindices.com/Press_Release/ind_prs28022024.pdf,closed by ind_prs23022026.pdf
2009,Nifty Midcap 50,FEDERALBNK,2014-01-01,,,snapshot_floor,,
2009,Nifty Midcap 50,IDFCFIRSTB,2014-01-01,,,snapshot_floor,,
2009,Nifty Midcap 50,JUSTDIAL,2014-09-26,2014-09-30,,press_release,https://niftyindices.com/Press_Release/ind_prs26082014.pdf,"inferred-exclude: not in NSE current snapshot, no PR found (closed at next semi-annual review)"
2009,Nifty Midcap 50,JPASSOCIAT,2015-03-27,2015-03-31,,press_release,https://niftyindices.com/Press_Release/ind_prs20022015.pdf,"inferred-exclude: not in NSE current snapshot, no PR found (closed at next semi-annual review)"
2009,Nifty Midcap 50,SKSMICRO,2015-03-27,2015-03-31,,press_release,https://niftyindices.com/Press_Release/ind_prs20022015.pdf,"inferred-exclude: not in NSE current snapshot, no PR found (closed at next semi-annual review)"
2009,Nifty Midcap 50,JINDALSTEL,2022-03-31,2022-09-30,,press_release,https://niftyindices.com/Press_Release/ind_prs24022022_1.pdf,"inferred-exclude: not in NSE current snapshot, no PR found (closed at next semi-annual review)"
2009,Nifty Midcap 50,SOUTHBANK,2015-09-28,2015-09-30,,press_release,https://niftyindices.com/Press_Release/ind_prs24082015.pdf,"inferred-exclude: not in NSE current snapshot, no PR found (closed at next semi-annual review)"
2009,Nifty Midcap 50,BHARATFORG,2017-03-31,,,press_release,https://niftyindices.com/Press_Release/ind_prs16022017.pdf,
2009,Nifty Midcap 50,RBLBANK,2017-09-29,2017-09-30,,press_release,https://niftyindices.com/Press_Release/ind_prs28082017.pdf,"inferred-exclude: not in NSE current snapshot, no PR found (closed at next semi-annual review)"
2009,Nifty Midcap 50,IISL,2017-12-29,2018-03-31,,press_release,https://niftyindices.com/Press_Release/ind_prs28112017.pdf,"inferred-exclude: not in NSE current snapshot, no PR found (closed at next semi-annual review)"
2009,Nifty Midcap 50,CHOLAFIN,2018-02-05,2018-03-31,,press_release,https://niftyindices.com/Press_Release/ind_prs08012018.pdf,"inferred-exclude: not in NSE current snapshot, no PR found (closed at next semi-annual review)"
2009,Nifty Midcap 50,TATAPOWER,2018-04-02,2018-09-30,,press_release,https://niftyindices.com/Press_Release/ind_prs21022018.pdf,"inferred-exclude: not in NSE current snapshot, no PR found (closed at next semi-annual review)"
2009,Nifty Midcap 50,ADANIPOWER,2019-03-29,2019-03-31,,press_release,https://niftyindices.com/Press_Release/ind_prs25022019.pdf,"inferred-exclude: not in NSE current snapshot, no PR found (closed at next semi-annual review)"
2009,Nifty Midcap 50,MGL,2019-09-27,2019-09-30,,press_release,https://niftyindices.com/Press_Release/ind_prs28082019.pdf,"inferred-exclude: not in NSE current snapshot, no PR found (closed at next semi-annual review)"
2009,Nifty Midcap 50,ASHOKLEY,2020-06-26,,,press_release,https://niftyindices.com/Press_Release/ind_prs10062020.pdf,
2009,Nifty Midcap 50,SAMMAANCAP,2020-06-26,2020-09-30,,press_release,https://niftyindices.com/Press_Release/ind_prs10062020.pdf,"inferred-exclude: not in NSE current snapshot, no PR found (closed at next semi-annual review)"
2009,Nifty Midcap 50,YESBANK,2024-03-28,,,press_release,https://niftyindices.com/Press_Release/ind_prs28022024.pdf,
2009,Nifty Midcap 50,GODREJPROP,2020-06-26,,,press_release,https://niftyindices.com/Press_Release/ind_prs10062020.pdf,
2009,Nifty Midcap 50,AUBANK,2021-03-31,,,press_release,https://niftyindices.com/Press_Release/ind_prs23022021.pdf,
2009,Nifty Midcap 50,BANKBARODA,2021-03-31,2021-09-30,,press_release,https://niftyindices.com/Press_Release/ind_prs23022021.pdf,"inferred-exclude: not in NSE current snapshot, no PR found (closed at next semi-annual review)"
2009,Nifty Midcap 50,AUROPHARMA,2022-03-31,,,press_release,https://niftyindices.com/Press_Release/ind_prs24022022_1.pdf,
2009,Nifty Midcap 50,HINDPETRO,2022-03-31,,,press_release,https://niftyindices.com/Press_Release/ind_prs24022022_1.pdf,
2009,Nifty Midcap 50,POLYCAB,2022-08-08,,,press_release,https://niftyindices.com/Press_Release/ind_prs11072022.pdf,
2009,Nifty Midcap 50,LUPIN,2022-09-30,,,press_release,https://niftyindices.com/Press_Release/ind_prs01092022.pdf,
2009,Nifty Midcap 50,PERSISTENT,2022-09-30,,,press_release,https://niftyindices.com/Press_Release/ind_prs01092022.pdf,
2009,Nifty Midcap 50,MPHASIS,2023-03-31,,,press_release,https://niftyindices.com/Press_Release/ind_prs17022023_1.pdf,
2009,Nifty Midcap 50,NMDC,2023-03-31,,,press_release,https://niftyindices.com/Press_Release/ind_prs17022023_1.pdf,
2009,Nifty Midcap 50,INDUSTOWER,2023-09-29,,,press_release,https://niftyindices.com/Press_Release/ind_prs17082023.pdf,
2009,Nifty Midcap 50,DIXON,2024-03-28,,,press_release,https://niftyindices.com/Press_Release/ind_prs28022024.pdf,
2009,Nifty Midcap 50,GMRAIRPORT,2024-03-28,,,press_release,https://niftyindices.com/Press_Release/ind_prs28022024.pdf,
2009,Nifty Midcap 50,COLPAL,2024-09-30,,,press_release,https://niftyindices.com/Press_Release/ind_prs23082024.pdf,
2009,Nifty Midcap 50,MARICO,2024-09-30,,,press_release,https://niftyindices.com/Press_Release/ind_prs23082024.pdf,
2009,Nifty Midcap 50,POLICYBZR,2024-09-30,,,press_release,https://niftyindices.com/Press_Release/ind_prs23082024.pdf,
2009,Nifty Midcap 50,PHOENIXLTD,2024-09-30,,,press_release,https://niftyindices.com/Press_Release/ind_prs23082024.pdf,
2009,Nifty Midcap 50,SBICARD,2024-09-30,,,press_release,https://niftyindices.com/Press_Release/ind_prs23082024.pdf,
2009,Nifty Midcap 50,SONACOMS,2024-09-30,2025-03-31,,press_release,https://niftyindices.com/Press_Release/ind_prs23082024.pdf,"inferred-exclude: not in NSE current snapshot, no PR found (closed at next semi-annual review)"
2009,Nifty Midcap 50,SRF,2024-09-30,,,press_release,https://niftyindices.com/Press_Release/ind_prs23082024.pdf,
2009,Nifty Midcap 50,SUPREMEIND,2024-09-30,,,press_release,https://niftyindices.com/Press_Release/ind_prs23082024.pdf,
2009,Nifty Midcap 50,BHEL,2025-03-28,,,press_release,https://niftyindices.com/Press_Release/ind_prs21022025.pdf,
2009,Nifty Midcap 50,BSE,2025-03-28,,,press_release,https://niftyindices.com/Press_Release/ind_prs21022025.pdf,
2009,Nifty Midcap 50,COFORGE,2025-03-28,,,press_release,https://niftyindices.com/Press_Release/ind_prs21022025.pdf,
2009,Nifty Midcap 50,NHPC,2025-03-28,,,press_release,https://niftyindices.com/Press_Release/ind_prs21022025.pdf,
2009,Nifty Midcap 50,OIL,2025-03-28,,,press_release,https://niftyindices.com/Press_Release/ind_prs21022025.pdf,
2009,Nifty Midcap 50,PAYTM,2025-03-28,,,press_release,https://niftyindices.com/Press_Release/ind_prs21022025.pdf,
2009,Nifty Midcap 50,PRESTIGE,2025-03-28,,,press_release,https://niftyindices.com/Press_Release/ind_prs21022025.pdf,
2009,Nifty Midcap 50,TIINDIA,2025-03-28,,,press_release,https://niftyindices.com/Press_Release/ind_prs21022025.pdf,
2009,Nifty Midcap 50,APLAPOLLO,2025-09-30,,,press_release,https://niftyindices.com/Press_Release/ind_prs22082025.pdf,
2009,Nifty Midcap 50,DABUR,2025-09-30,,,press_release,https://niftyindices.com/Press_Release/ind_prs22082025.pdf,
2009,Nifty Midcap 50,FORTIS,2025-09-30,,,press_release,https://niftyindices.com/Press_Release/ind_prs22082025.pdf,
2009,Nifty Midcap 50,HEROMOTOCO,2025-09-30,,,press_release,https://niftyindices.com/Press_Release/ind_prs22082025.pdf,
2009,Nifty Midcap 50,INDUSINDBK,2025-09-30,,,press_release,https://niftyindices.com/Press_Release/ind_prs22082025.pdf,
2009,Nifty Midcap 50,MANKIND,2025-09-30,,,press_release,https://niftyindices.com/Press_Release/ind_prs22082025.pdf,
2009,Nifty Midcap 50,MFSL,2025-09-30,,,press_release,https://niftyindices.com/Press_Release/ind_prs22082025.pdf,
2009,Nifty Midcap 50,SUZLON,2025-09-30,,,press_release,https://niftyindices.com/Press_Release/ind_prs22082025.pdf,
2009,Nifty Midcap 50,UPL,2025-09-30,,,press_release,https://niftyindices.com/Press_Release/ind_prs22082025.pdf,
2009,Nifty Midcap 50,ALKEM,2026-03-30,,,press_release,https://niftyindices.com/Press_Release/ind_prs23022026.pdf,
2009,Nifty Midcap 50,NYKAA,2026-03-30,,,press_release,https://niftyindices.com/Press_Release/ind_prs23022026.pdf,
2009,Nifty Midcap 50,HAVELLS,2026-03-30,,,press_release,https://niftyindices.com/Press_Release/ind_prs23022026.pdf,
2009,Nifty Midcap 50,ICICIGI,2026-03-30,,,press_release,https://niftyindices.com/Press_Release/ind_prs23022026.pdf,
2009,Nifty Midcap 50,NAUKRI,2026-03-30,,,press_release,https://niftyindices.com/Press_Release/ind_prs23022026.pdf,
2009,Nifty Midcap 50,LAURUSLABS,2026-03-30,,,press_release,https://niftyindices.com/Press_Release/ind_prs23022026.pdf,
2009,Nifty Midcap 50,MCX,2026-03-30,,,press_release,https://niftyindices.com/Press_Release/ind_prs23022026.pdf,
2009,Nifty Midcap 50,SWIGGY,2026-03-30,,,press_release,https://niftyindices.com/Press_Release/ind_prs23022026.pdf,
2009,Nifty Midcap 50,WAAREEENER,2026-03-30,,,press_release,https://niftyindices.com/Press_Release/ind_prs23022026.pdf,
2010,Nifty Smallcap 50,ASTRAZEN,2016-04-01,2017-03-31,,snapshot_floor,,closed by ind_prs16022017.pdf
2010,Nifty Smallcap 50,GRANULES,2016-04-01,2017-03-31,,snapshot_floor,,closed by ind_prs16022017.pdf
2010,Nifty Smallcap 50,KPIT,2016-04-01,2017-03-31,,snapshot_floor,,closed by ind_prs16022017.pdf
2010,Nifty Smallcap 50,MANAPPURAM,2016-04-01,2017-03-31,,snapshot_floor,,closed by ind_prs16022017.pdf
2010,Nifty Smallcap 50,COFORGE,2016-04-01,2017-03-31,,snapshot_floor,,closed by ind_prs16022017.pdf
2010,Nifty Smallcap 50,SINTEX,2016-04-01,2017-03-31,,snapshot_floor,,closed by ind_prs16022017.pdf
2010,Nifty Smallcap 50,SUVEN,2016-04-01,2017-03-31,,snapshot_floor,,closed by ind_prs16022017.pdf
2010,Nifty Smallcap 50,TEXRAIL,2016-04-01,2017-03-31,,snapshot_floor,,closed by ind_prs16022017.pdf
2010,Nifty Smallcap 50,MGL,2017-03-31,2017-05-26,,press_release,https://niftyindices.com/Press_Release/ind_prs16022017.pdf,closed by ind_prs27042017.pdf
2010,Nifty Smallcap 50,ATUL,2016-04-01,2017-09-29,,snapshot_floor,,closed by ind_prs28082017.pdf
2010,Nifty Smallcap 50,FINCABLES,2016-04-01,2017-09-29,,snapshot_floor,,closed by ind_prs28082017.pdf
2010,Nifty Smallcap 50,FSL,2016-04-01,2017-09-29,,snapshot_floor,,closed by ind_prs28082017.pdf
2010,Nifty Smallcap 50,JKLAKSHMI,2016-04-01,2017-09-29,,snapshot_floor,,closed by ind_prs28082017.pdf
2010,Nifty Smallcap 50,JMFINANCIL,2016-04-01,2017-09-29,,snapshot_floor,,closed by ind_prs28082017.pdf
2010,Nifty Smallcap 50,MONSANTO,2016-04-01,2017-09-29,,snapshot_floor,,closed by ind_prs28082017.pdf
2010,Nifty Smallcap 50,UCOBANK,2016-04-01,2017-09-29,,snapshot_floor,,closed by ind_prs28082017.pdf
2010,Nifty Smallcap 50,VGUARD,2017-03-31,2017-09-29,,press_release,https://niftyindices.com/Press_Release/ind_prs16022017.pdf,closed by ind_prs28082017.pdf
2010,Nifty Smallcap 50,VRLLOG,2016-04-01,2017-09-29,,snapshot_floor,,closed by ind_prs28082017.pdf
2010,Nifty Smallcap 50,ZYDUSWELL,2016-04-01,2017-09-29,,snapshot_floor,,closed by ind_prs28082017.pdf
2010,Nifty Smallcap 50,ADVENZYMES,2017-03-31,2018-04-02,,press_release,https://niftyindices.com/Press_Release/ind_prs16022017.pdf,closed by ind_prs21022018.pdf
2010,Nifty Smallcap 50,DBL,2017-09-29,2018-04-02,,press_release,https://niftyindices.com/Press_Release/ind_prs28082017.pdf,closed by ind_prs21022018.pdf
2010,Nifty Smallcap 50,FCONSUMER,2017-09-29,2018-04-02,,press_release,https://niftyindices.com/Press_Release/ind_prs28082017.pdf,closed by ind_prs21022018.pdf
2010,Nifty Smallcap 50,HCC,2017-09-29,2018-04-02,,press_release,https://niftyindices.com/Press_Release/ind_prs28082017.pdf,closed by ind_prs21022018.pdf
2010,Nifty Smallcap 50,HDIL,2016-04-01,2018-04-02,,snapshot_floor,,closed by ind_prs21022018.pdf
2010,Nifty Smallcap 50,IBREALEST,2016-04-01,2018-04-02,,snapshot_floor,,closed by ind_prs21022018.pdf
2010,Nifty Smallcap 50,DHANI,2017-09-29,2018-04-02,,press_release,https://niftyindices.com/Press_Release/ind_prs28082017.pdf,closed by ind_prs21022018.pdf
2010,Nifty Smallcap 50,KSCL,2016-04-01,2018-04-02,,snapshot_floor,,closed by ind_prs21022018.pdf
2010,Nifty Smallcap 50,RNAVAL,2016-04-01,2018-04-02,,snapshot_floor,,closed by ind_prs21022018.pdf
2010,Nifty Smallcap 50,STRTECH,2017-09-29,2018-04-02,,press_release,https://niftyindices.com/Press_Release/ind_prs28082017.pdf,closed by ind_prs21022018.pdf
2010,Nifty Smallcap 50,COX&KINGS,2016-04-01,2018-06-29,,snapshot_floor,,closed by ind_prs24052018.pdf
2010,Nifty Smallcap 50,CARERATING,2016-04-01,2018-09-28,,snapshot_floor,,closed by ind_prs28082018.pdf
2010,Nifty Smallcap 50,ESCORTS,2017-03-31,2018-09-28,,press_release,https://niftyindices.com/Press_Release/ind_prs16022017.pdf,closed by ind_prs28082018.pdf
2010,Nifty Smallcap 50,GRAPHITE,2018-04-02,2018-09-28,,press_release,https://niftyindices.com/Press_Release/ind_prs21022018.pdf,closed by ind_prs28082018.pdf
2010,Nifty Smallcap 50,HEG,2018-04-02,2018-09-28,,press_release,https://niftyindices.com/Press_Release/ind_prs21022018.pdf,closed by ind_prs28082018.pdf
2010,Nifty Smallcap 50,IFCI,2016-04-01,2018-09-28,,snapshot_floor,,closed by ind_prs28082018.pdf
2010,Nifty Smallcap 50,KTKBANK,2017-09-29,2018-09-28,,press_release,https://niftyindices.com/Press_Release/ind_prs28082017.pdf,closed by ind_prs28082018.pdf
2010,Nifty Smallcap 50,REPCOHOME,2017-09-29,2018-09-28,,press_release,https://niftyindices.com/Press_Release/ind_prs28082017.pdf,closed by ind_prs28082018.pdf
2010,Nifty Smallcap 50,SCI,2016-04-01,2018-09-28,,snapshot_floor,,closed by ind_prs28082018.pdf
2010,Nifty Smallcap 50,SPTL,2018-04-02,2018-09-28,,press_release,https://niftyindices.com/Press_Release/ind_prs21022018.pdf,closed by ind_prs28082018.pdf
2010,Nifty Smallcap 50,SREINFRA,2017-09-29,2018-09-28,,press_release,https://niftyindices.com/Press_Release/ind_prs28082017.pdf,closed by ind_prs28082018.pdf
2010,Nifty Smallcap 50,BBTC,2016-04-01,2018-12-28,,snapshot_floor,,closed by ind_prs14122018.pdf
2010,Nifty Smallcap 50,CAPF,2016-04-01,2018-12-28,,snapshot_floor,,closed by ind_prs14122018.pdf
2010,Nifty Smallcap 50,BEML,2016-04-01,2019-03-29,,snapshot_floor,,closed by ind_prs25022019.pdf
2010,Nifty Smallcap 50,BOMDYEING,2018-06-29,2019-03-29,,press_release,https://niftyindices.com/Press_Release/ind_prs24052018.pdf,closed by ind_prs25022019.pdf
2010,Nifty Smallcap 50,BSE,2017-09-29,2019-03-29,,press_release,https://niftyindices.com/Press_Release/ind_prs28082017.pdf,closed by ind_prs25022019.pdf
2010,Nifty Smallcap 50,CGPOWER,2016-04-01,2019-03-29,,snapshot_floor,,closed by ind_prs25022019.pdf
2010,Nifty Smallcap 50,INDIACEM,2016-04-01,2019-03-29,,snapshot_floor,,closed by ind_prs25022019.pdf
2010,Nifty Smallcap 50,JPASSOCIAT,2018-04-02,2019-03-29,,press_release,https://niftyindices.com/Press_Release/ind_prs21022018.pdf,closed by ind_prs25022019.pdf
2010,Nifty Smallcap 50,JETAIRWAYS,2017-03-31,2019-03-29,,press_release,https://niftyindices.com/Press_Release/ind_prs16022017.pdf,closed by ind_prs25022019.pdf
2010,Nifty Smallcap 50,SOUTHBANK,2017-09-29,2019-03-29,,press_release,https://niftyindices.com/Press_Release/ind_prs28082017.pdf,closed by ind_prs25022019.pdf
2010,Nifty Smallcap 50,SUZLON,2018-09-28,2019-03-29,,press_release,https://niftyindices.com/Press_Release/ind_prs28082018.pdf,closed by ind_prs25022019.pdf
2010,Nifty Smallcap 50,UJJIVAN,2017-03-31,2019-03-29,,press_release,https://niftyindices.com/Press_Release/ind_prs16022017.pdf,closed by ind_prs25022019.pdf
2010,Nifty Smallcap 50,ALBK,2016-04-01,2019-09-27,,snapshot_floor,,closed by ind_prs28082019.pdf
2010,Nifty Smallcap 50,CESC,2019-03-29,2019-09-27,,press_release,https://niftyindices.com/Press_Release/ind_prs25022019.pdf,closed by ind_prs28082019.pdf
2010,Nifty Smallcap 50,CHENNPETRO,2016-04-01,2019-09-27,,snapshot_floor,,closed by ind_prs28082019.pdf
2010,Nifty Smallcap 50,FORTIS,2018-12-28,2019-09-27,,press_release,https://niftyindices.com/Press_Release/ind_prs14122018.pdf,closed by ind_prs28082019.pdf
2010,Nifty Smallcap 50,INFIBEAM,2016-04-01,2019-09-27,,snapshot_floor,,closed by ind_prs28082019.pdf
2010,Nifty Smallcap 50,JISLJALEQS,2016-04-01,2019-09-27,,snapshot_floor,,closed by ind_prs28082019.pdf
2010,Nifty Smallcap 50,ORIENTBANK,2016-04-01,2019-09-27,,snapshot_floor,,closed by ind_prs28082019.pdf
2010,Nifty Smallcap 50,RAIN,2018-04-02,2019-09-27,,press_release,https://niftyindices.com/Press_Release/ind_prs21022018.pdf,closed by ind_prs28082019.pdf
2010,Nifty Smallcap 50,RCF,2016-04-01,2019-09-27,,snapshot_floor,,closed by ind_prs28082019.pdf
2010,Nifty Smallcap 50,RCOM,2018-04-02,2019-09-27,,press_release,https://niftyindices.com/Press_Release/ind_prs21022018.pdf,closed by ind_prs28082019.pdf
2010,Nifty Smallcap 50,ANDHRABANK,2016-04-01,2019-12-27,,snapshot_floor,,closed by ind_prs16122019.pdf
2010,Nifty Smallcap 50,POLYCAB,2019-09-27,2019-12-27,,press_release,https://niftyindices.com/Press_Release/ind_prs28082019.pdf,closed by ind_prs16122019.pdf
2010,Nifty Smallcap 50,SYNDIBANK,2018-04-02,2019-12-27,,press_release,https://niftyindices.com/Press_Release/ind_prs21022018.pdf,closed by ind_prs16122019.pdf
2010,Nifty Smallcap 50,PVR,2016-04-01,2020-03-27,,snapshot_floor,,closed by ind_prs19032020.pdf
2010,Nifty Smallcap 50,ARVINDFASN,2019-09-27,2020-06-26,,press_release,https://niftyindices.com/Press_Release/ind_prs28082019.pdf,closed by ind_prs10062020.pdf
2010,Nifty Smallcap 50,DISHTV,2019-09-27,2020-06-26,,press_release,https://niftyindices.com/Press_Release/ind_prs28082019.pdf,closed by ind_prs10062020.pdf
2010,Nifty Smallcap 50,EQUITAS,2016-04-01,2020-06-26,,snapshot_floor,,closed by ind_prs10062020.pdf
2010,Nifty Smallcap 50,GNFC,2017-05-26,2020-06-26,,press_release,https://niftyindices.com/Press_Release/ind_prs27042017.pdf,closed by ind_prs10062020.pdf
2010,Nifty Smallcap 50,GSFC,2016-04-01,2020-06-26,,snapshot_floor,,closed by ind_prs10062020.pdf
2010,Nifty Smallcap 50,IRB,2018-09-28,2020-06-26,,press_release,https://niftyindices.com/Press_Release/ind_prs28082018.pdf,closed by ind_prs10062020.pdf
2010,Nifty Smallcap 50,NCC,2016-04-01,2020-06-26,,snapshot_floor,,closed by ind_prs10062020.pdf
2010,Nifty Smallcap 50,COFORGE,2018-09-28,2020-06-26,,press_release,https://niftyindices.com/Press_Release/ind_prs28082018.pdf,closed by ind_prs10062020.pdf
2010,Nifty Smallcap 50,SOBHA,2019-09-27,2020-06-26,,press_release,https://niftyindices.com/Press_Release/ind_prs28082019.pdf,closed by ind_prs10062020.pdf
2010,Nifty Smallcap 50,CENTURYPLY,2016-04-01,2020-09-25,,snapshot_floor,,closed by ind_prs20082020.pdf
2010,Nifty Smallcap 50,DELTACORP,2018-04-02,2020-09-25,,press_release,https://niftyindices.com/Press_Release/ind_prs21022018.pdf,closed by ind_prs20082020.pdf
2010,Nifty Smallcap 50,HINDCOPPER,2018-04-02,2020-09-25,,press_release,https://niftyindices.com/Press_Release/ind_prs21022018.pdf,closed by ind_prs20082020.pdf
2010,Nifty Smallcap 50,IBREALEST,2018-09-28,2020-09-25,,press_release,https://niftyindices.com/Press_Release/ind_prs28082018.pdf,closed by ind_prs20082020.pdf
2010,Nifty Smallcap 50,ITI,2019-03-29,2020-09-25,,press_release,https://niftyindices.com/Press_Release/ind_prs25022019.pdf,closed by ind_prs20082020.pdf
2010,Nifty Smallcap 50,JUSTDIAL,2019-12-27,2020-09-25,,press_release,https://niftyindices.com/Press_Release/ind_prs16122019.pdf,closed by ind_prs20082020.pdf
2010,Nifty Smallcap 50,KARURVYSYA,2019-03-29,2020-09-25,,press_release,https://niftyindices.com/Press_Release/ind_prs25022019.pdf,closed by ind_prs20082020.pdf
2010,Nifty Smallcap 50,METROPOLIS,2019-09-27,2020-09-25,,press_release,https://niftyindices.com/Press_Release/ind_prs28082019.pdf,closed by ind_prs20082020.pdf
2010,Nifty Smallcap 50,NAVINFLUOR,2020-06-26,2020-09-25,,press_release,https://niftyindices.com/Press_Release/ind_prs10062020.pdf,closed by ind_prs20082020.pdf
2010,Nifty Smallcap 50,RAYMOND,2016-04-01,2020-09-25,,snapshot_floor,,closed by ind_prs20082020.pdf
2010,Nifty Smallcap 50,CENTURYTEX,2020-06-26,2021-03-31,,press_release,https://niftyindices.com/Press_Release/ind_prs10062020.pdf,closed by ind_prs23022021.pdf
2010,Nifty Smallcap 50,DCBBANK,2016-04-01,2021-03-31,,snapshot_floor,,closed by ind_prs23022021.pdf
2010,Nifty Smallcap 50,DCMSHRIRAM,2019-09-27,2021-03-31,,press_release,https://niftyindices.com/Press_Release/ind_prs28082019.pdf,closed by ind_prs23022021.pdf
2010,Nifty Smallcap 50,DEEPAKNTR,2020-06-26,2021-03-31,,press_release,https://niftyindices.com/Press_Release/ind_prs10062020.pdf,closed by ind_prs23022021.pdf
2010,Nifty Smallcap 50,DIXON,2020-06-26,2021-03-31,,press_release,https://niftyindices.com/Press_Release/ind_prs10062020.pdf,closed by ind_prs23022021.pdf
2010,Nifty Smallcap 50,GODFRYPHLP,2016-04-01,2021-03-31,,snapshot_floor,,closed by ind_prs23022021.pdf
2010,Nifty Smallcap 50,INDIAMART,2019-12-27,2021-03-31,,press_release,https://niftyindices.com/Press_Release/ind_prs16122019.pdf,closed by ind_prs23022021.pdf
2010,Nifty Smallcap 50,IRCON,2020-09-25,2021-03-31,,press_release,https://niftyindices.com/Press_Release/ind_prs20082020.pdf,closed by ind_prs23022021.pdf
2010,Nifty Smallcap 50,LAURUSLABS,2020-06-26,2021-03-31,,press_release,https://niftyindices.com/Press_Release/ind_prs10062020.pdf,closed by ind_prs23022021.pdf
2010,Nifty Smallcap 50,LINDEINDIA,2019-03-29,2021-03-31,,press_release,https://niftyindices.com/Press_Release/ind_prs25022019.pdf,closed by ind_prs23022021.pdf
2010,Nifty Smallcap 50,MIDHANI,2020-09-25,2021-03-31,,press_release,https://niftyindices.com/Press_Release/ind_prs20082020.pdf,closed by ind_prs23022021.pdf
2010,Nifty Smallcap 50,MOIL,2017-03-31,2021-03-31,,press_release,https://niftyindices.com/Press_Release/ind_prs16022017.pdf,closed by ind_prs23022021.pdf
2010,Nifty Smallcap 50,PERSISTENT,2019-03-29,2021-03-31,,press_release,https://niftyindices.com/Press_Release/ind_prs25022019.pdf,closed by ind_prs23022021.pdf
2010,Nifty Smallcap 50,PGHL,2016-04-01,2021-03-31,,snapshot_floor,,closed by ind_prs23022021.pdf
2010,Nifty Smallcap 50,SPICEJET,2020-06-26,2021-03-31,,press_release,https://niftyindices.com/Press_Release/ind_prs10062020.pdf,closed by ind_prs23022021.pdf
2010,Nifty Smallcap 50,TATAELXSI,2017-03-31,2021-03-31,,press_release,https://niftyindices.com/Press_Release/ind_prs16022017.pdf,closed by ind_prs23022021.pdf
2010,Nifty Smallcap 50,UJJIVANSFB,2020-06-26,2021-03-31,,press_release,https://niftyindices.com/Press_Release/ind_prs10062020.pdf,closed by ind_prs23022021.pdf
2010,Nifty Smallcap 50,NATIONALUM,2021-03-31,2021-09-30,,press_release,https://niftyindices.com/Press_Release/ind_prs23022021.pdf,closed by ind_prs23082021.pdf
2010,Nifty Smallcap 50,AARTIDRUGS,2021-03-31,2022-03-31,,press_release,https://niftyindices.com/Press_Release/ind_prs23022021.pdf,closed by ind_prs24022022_1.pdf
2010,Nifty Smallcap 50,AVANTIFEED,2019-03-29,2022-03-31,,press_release,https://niftyindices.com/Press_Release/ind_prs25022019.pdf,closed by ind_prs24022022_1.pdf
2010,Nifty Smallcap 50,CEATLTD,2016-04-01,2022-03-31,,snapshot_floor,,closed by ind_prs24022022_1.pdf
2010,Nifty Smallcap 50,GMMPFAUDLR,2020-09-25,2022-03-31,,press_release,https://niftyindices.com/Press_Release/ind_prs20082020.pdf,closed by ind_prs24022022_1.pdf
2010,Nifty Smallcap 50,HAPPSTMNDS,2021-03-31,2022-03-31,,press_release,https://niftyindices.com/Press_Release/ind_prs23022021.pdf,closed by ind_prs24022022_1.pdf
2010,Nifty Smallcap 50,IDBI,2016-04-01,2022-03-31,,snapshot_floor,,closed by ind_prs24022022_1.pdf
2010,Nifty Smallcap 50,IEX,2016-04-01,2022-03-31,,snapshot_floor,,closed by ind_prs24022022_1.pdf
2010,Nifty Smallcap 50,MMTC,2017-03-31,2022-03-31,,press_release,https://niftyindices.com/Press_Release/ind_prs16022017.pdf,closed by ind_prs24022022_1.pdf
2010,Nifty Smallcap 50,RVNL,2019-09-27,2022-03-31,,press_release,https://niftyindices.com/Press_Release/ind_prs28082019.pdf,closed by ind_prs24022022_1.pdf
2010,Nifty Smallcap 50,RALLIS,2020-09-25,2022-03-31,,press_release,https://niftyindices.com/Press_Release/ind_prs20082020.pdf,closed by ind_prs24022022_1.pdf
2010,Nifty Smallcap 50,STAR,2018-09-28,2022-03-31,,press_release,https://niftyindices.com/Press_Release/ind_prs28082018.pdf,closed by ind_prs24022022_1.pdf
2010,Nifty Smallcap 50,TV18BRDCST,2019-03-29,2022-03-31,,press_release,https://niftyindices.com/Press_Release/ind_prs25022019.pdf,closed by ind_prs24022022_1.pdf
2010,Nifty Smallcap 50,WOCKPHARMA,2018-09-28,2022-03-31,,press_release,https://niftyindices.com/Press_Release/ind_prs28082018.pdf,closed by ind_prs24022022_1.pdf
2010,Nifty Smallcap 50,CENTRALBK,2016-04-01,2022-09-30,,snapshot_floor,,closed by ind_prs01092022.pdf
2010,Nifty Smallcap 50,DEVYANI,2022-03-31,2022-09-30,,press_release,https://niftyindices.com/Press_Release/ind_prs24022022_1.pdf,closed by ind_prs01092022.pdf
2010,Nifty Smallcap 50,DBL,2019-09-27,2022-09-30,,press_release,https://niftyindices.com/Press_Release/ind_prs28082019.pdf,closed by ind_prs01092022.pdf
2010,Nifty Smallcap 50,GRANULES,2020-06-26,2022-09-30,,press_release,https://niftyindices.com/Press_Release/ind_prs10062020.pdf,closed by ind_prs01092022.pdf
2010,Nifty Smallcap 50,HEG,2021-09-30,2022-09-30,,press_release,https://niftyindices.com/Press_Release/ind_prs23082021.pdf,closed by ind_prs01092022.pdf
2010,Nifty Smallcap 50,SAMMAANCAP,2016-04-01,2022-09-30,,snapshot_floor,,closed by ind_prs01092022.pdf
2010,Nifty Smallcap 50,IOB,2016-04-01,2022-09-30,,snapshot_floor,,closed by ind_prs01092022.pdf
2010,Nifty Smallcap 50,MCX,2019-12-27,2022-09-30,,press_release,https://niftyindices.com/Press_Release/ind_prs16122019.pdf,closed by ind_prs01092022.pdf
2010,Nifty Smallcap 50,NBCC,2020-06-26,2022-09-30,,press_release,https://niftyindices.com/Press_Release/ind_prs10062020.pdf,closed by ind_prs01092022.pdf
2010,Nifty Smallcap 50,PNBHOUSING,2020-09-25,2022-09-30,,press_release,https://niftyindices.com/Press_Release/ind_prs20082020.pdf,closed by ind_prs01092022.pdf
2010,Nifty Smallcap 50,POONAWALLA,2022-03-31,2022-09-30,,press_release,https://niftyindices.com/Press_Release/ind_prs24022022_1.pdf,closed by ind_prs01092022.pdf
2010,Nifty Smallcap 50,RBLBANK,2022-03-31,2022-09-30,,press_release,https://niftyindices.com/Press_Release/ind_prs24022022_1.pdf,closed by ind_prs01092022.pdf
2010,Nifty Smallcap 50,ALOKINDS,2021-03-31,2023-03-31,,press_release,https://niftyindices.com/Press_Release/ind_prs23022021.pdf,closed by ind_prs17022023_1.pdf
2010,Nifty Smallcap 50,AMBER,2021-03-31,2023-03-31,,press_release,https://niftyindices.com/Press_Release/ind_prs23022021.pdf,closed by ind_prs17022023_1.pdf
2010,Nifty Smallcap 50,APOLLOTYRE,2022-09-30,2023-03-31,,press_release,https://niftyindices.com/Press_Release/ind_prs01092022.pdf,closed by ind_prs17022023_1.pdf
2010,Nifty Smallcap 50,BALRAMCHIN,2022-09-30,2023-03-31,,press_release,https://niftyindices.com/Press_Release/ind_prs01092022.pdf,closed by ind_prs17022023_1.pdf
2010,Nifty Smallcap 50,CANFINHOME,2017-03-31,2023-03-31,,press_release,https://niftyindices.com/Press_Release/ind_prs16022017.pdf,closed by ind_prs17022023_1.pdf
2010,Nifty Smallcap 50,CHEMPLASTS,2022-03-31,2023-03-31,,press_release,https://niftyindices.com/Press_Release/ind_prs24022022_1.pdf,closed by ind_prs17022023_1.pdf
2010,Nifty Smallcap 50,FSL,2021-03-31,2023-03-31,,press_release,https://niftyindices.com/Press_Release/ind_prs23022021.pdf,closed by ind_prs17022023_1.pdf
2010,Nifty Smallcap 50,INDIGOPNTS,2016-04-01,2023-03-31,,snapshot_floor,,closed by ind_prs17022023_1.pdf
2010,Nifty Smallcap 50,INTELLECT,2016-04-01,2023-03-31,,snapshot_floor,,closed by ind_prs17022023_1.pdf
2010,Nifty Smallcap 50,METROBRAND,2022-03-31,2023-03-31,,press_release,https://niftyindices.com/Press_Release/ind_prs24022022_1.pdf,closed by ind_prs17022023_1.pdf
2010,Nifty Smallcap 50,STLTECH,2016-04-01,2023-03-31,,snapshot_floor,,closed by ind_prs17022023_1.pdf
2010,Nifty Smallcap 50,TV18BRDCST,2022-09-30,2023-03-31,,press_release,https://niftyindices.com/Press_Release/ind_prs01092022.pdf,closed by ind_prs17022023_1.pdf
2010,Nifty Smallcap 50,ZENSARTECH,2016-04-01,2023-03-31,,snapshot_floor,,closed by ind_prs17022023_1.pdf
2010,Nifty Smallcap 50,BAJAJELEC,2018-09-28,2023-04-28,,press_release,https://niftyindices.com/Press_Release/ind_prs28082018.pdf,closed by ind_prs19042023_1.pdf
2010,Nifty Smallcap 50,BALAMINES,2016-04-01,2023-09-29,,snapshot_floor,,closed by ind_prs17082023.pdf
2010,Nifty Smallcap 50,MAHABANK,2016-04-01,2023-09-29,,snapshot_floor,,closed by ind_prs17082023.pdf
2010,Nifty Smallcap 50,BDL,2022-09-30,2023-09-29,,press_release,https://niftyindices.com/Press_Release/ind_prs01092022.pdf,closed by ind_prs17082023.pdf
2010,Nifty Smallcap 50,BIRLACORPN,2020-09-25,2023-09-29,,press_release,https://niftyindices.com/Press_Release/ind_prs20082020.pdf,closed by ind_prs17082023.pdf
2010,Nifty Smallcap 50,BSE,2022-09-30,2023-09-29,,press_release,https://niftyindices.com/Press_Release/ind_prs01092022.pdf,closed by ind_prs17082023.pdf
2010,Nifty Smallcap 50,EASEMYTRIP,2023-03-31,2023-09-29,,press_release,https://niftyindices.com/Press_Release/ind_prs17022023_1.pdf,closed by ind_prs17082023.pdf
2010,Nifty Smallcap 50,GRAPHITE,2020-06-26,2023-09-29,,press_release,https://niftyindices.com/Press_Release/ind_prs10062020.pdf,closed by ind_prs17082023.pdf
2010,Nifty Smallcap 50,JUBLINGREA,2016-04-01,2023-09-29,,snapshot_floor,,closed by ind_prs17082023.pdf
2010,Nifty Smallcap 50,KPITTECH,2022-03-31,2023-09-29,,press_release,https://niftyindices.com/Press_Release/ind_prs24022022_1.pdf,closed by ind_prs17082023.pdf
2010,Nifty Smallcap 50,LATENTVIEW,2022-03-31,2023-09-29,,press_release,https://niftyindices.com/Press_Release/ind_prs24022022_1.pdf,closed by ind_prs17082023.pdf
2010,Nifty Smallcap 50,LXCHEM,2022-03-31,2023-09-29,,press_release,https://niftyindices.com/Press_Release/ind_prs24022022_1.pdf,closed by ind_prs17082023.pdf
2010,Nifty Smallcap 50,MAZDOCK,2023-03-31,2023-09-29,,press_release,https://niftyindices.com/Press_Release/ind_prs17022023_1.pdf,closed by ind_prs17082023.pdf
2010,Nifty Smallcap 50,MEDPLUS,2022-03-31,2023-09-29,,press_release,https://niftyindices.com/Press_Release/ind_prs24022022_1.pdf,closed by ind_prs17082023.pdf
2010,Nifty Smallcap 50,METROPOLIS,2022-09-30,2023-09-29,,press_release,https://niftyindices.com/Press_Release/ind_prs01092022.pdf,closed by ind_prs17082023.pdf
2010,Nifty Smallcap 50,RVNL,2023-03-31,2023-09-29,,press_release,https://niftyindices.com/Press_Release/ind_prs17022023_1.pdf,closed by ind_prs17082023.pdf
2010,Nifty Smallcap 50,ANURAS,2016-04-01,2024-03-28,,snapshot_floor,,closed by ind_prs28022024.pdf
2010,Nifty Smallcap 50,BIKAJI,2023-03-31,2024-03-28,,press_release,https://niftyindices.com/Press_Release/ind_prs17022023_1.pdf,closed by ind_prs28022024.pdf
2010,Nifty Smallcap 50,CAMPUS,2022-09-30,2024-03-28,,press_release,https://niftyindices.com/Press_Release/ind_prs01092022.pdf,closed by ind_prs28022024.pdf
2010,Nifty Smallcap 50,CHAMBLFERT,2016-04-01,2024-03-28,,snapshot_floor,,closed by ind_prs28022024.pdf
2010,Nifty Smallcap 50,CIEINDIA,2023-09-29,2024-03-28,,press_release,https://niftyindices.com/Press_Release/ind_prs17082023.pdf,closed by ind_prs28022024.pdf
2010,Nifty Smallcap 50,MEDANTA,2023-03-31,2024-03-28,,press_release,https://niftyindices.com/Press_Release/ind_prs17022023_1.pdf,closed by ind_prs28022024.pdf
2010,Nifty Smallcap 50,GNFC,2022-09-30,2024-03-28,,press_release,https://niftyindices.com/Press_Release/ind_prs01092022.pdf,closed by ind_prs28022024.pdf
2010,Nifty Smallcap 50,HINDCOPPER,2022-03-31,2024-03-28,,press_release,https://niftyindices.com/Press_Release/ind_prs24022022_1.pdf,closed by ind_prs28022024.pdf
2010,Nifty Smallcap 50,IDBI,2023-03-31,2024-03-28,,press_release,https://niftyindices.com/Press_Release/ind_prs17022023_1.pdf,closed by ind_prs28022024.pdf
2010,Nifty Smallcap 50,IOB,2023-03-31,2024-03-28,,press_release,https://niftyindices.com/Press_Release/ind_prs17022023_1.pdf,closed by ind_prs28022024.pdf
2010,Nifty Smallcap 50,IRB,2023-03-31,2024-03-28,,press_release,https://niftyindices.com/Press_Release/ind_prs17022023_1.pdf,closed by ind_prs28022024.pdf
2010,Nifty Smallcap 50,JBCHEPHARM,2021-03-31,2024-03-28,,press_release,https://niftyindices.com/Press_Release/ind_prs23022021.pdf,closed by ind_prs28022024.pdf
2010,Nifty Smallcap 50,JBMA,2023-09-29,2024-03-28,,press_release,https://niftyindices.com/Press_Release/ind_prs17082023.pdf,closed by ind_prs28022024.pdf
2010,Nifty Smallcap 50,KALYANKJIL,2023-09-29,2024-03-28,,press_release,https://niftyindices.com/Press_Release/ind_prs17082023.pdf,closed by ind_prs28022024.pdf
2010,Nifty Smallcap 50,KEI,2023-09-29,2024-03-28,,press_release,https://niftyindices.com/Press_Release/ind_prs17082023.pdf,closed by ind_prs28022024.pdf
2010,Nifty Smallcap 50,MRPL,2022-09-30,2024-03-28,,press_release,https://niftyindices.com/Press_Release/ind_prs01092022.pdf,closed by ind_prs28022024.pdf
2010,Nifty Smallcap 50,REDINGTON,2022-09-30,2024-03-28,,press_release,https://niftyindices.com/Press_Release/ind_prs01092022.pdf,closed by ind_prs28022024.pdf
2010,Nifty Smallcap 50,ROUTE,2021-03-31,2024-03-28,,press_release,https://niftyindices.com/Press_Release/ind_prs23022021.pdf,closed by ind_prs28022024.pdf
2010,Nifty Smallcap 50,RENUKA,2022-09-30,2024-03-28,,press_release,https://niftyindices.com/Press_Release/ind_prs01092022.pdf,closed by ind_prs28022024.pdf
2010,Nifty Smallcap 50,SUZLON,2023-03-31,2024-03-28,,press_release,https://niftyindices.com/Press_Release/ind_prs17022023_1.pdf,closed by ind_prs28022024.pdf
2010,Nifty Smallcap 50,UCOBANK,2023-03-31,2024-03-28,,press_release,https://niftyindices.com/Press_Release/ind_prs17022023_1.pdf,closed by ind_prs28022024.pdf
2010,Nifty Smallcap 50,UTIAMC,2021-03-31,2024-03-28,,press_release,https://niftyindices.com/Press_Release/ind_prs23022021.pdf,closed by ind_prs28022024.pdf
2010,Nifty Smallcap 50,WELSPUNLIV,2016-04-01,2024-03-28,,snapshot_floor,,closed by ind_prs28022024.pdf
2010,Nifty Smallcap 50,AAVAS,2024-03-28,2024-09-30,,press_release,https://niftyindices.com/Press_Release/ind_prs28022024.pdf,closed by ind_prs23082024.pdf
2010,Nifty Smallcap 50,CUB,2023-03-31,2024-09-30,,press_release,https://niftyindices.com/Press_Release/ind_prs17022023_1.pdf,closed by ind_prs23082024.pdf
2010,Nifty Smallcap 50,CREDITACC,2024-03-28,2024-09-30,,press_release,https://niftyindices.com/Press_Release/ind_prs28022024.pdf,closed by ind_prs23082024.pdf
2010,Nifty Smallcap 50,EQUITASBNK,2024-03-28,2024-09-30,,press_release,https://niftyindices.com/Press_Release/ind_prs28022024.pdf,closed by ind_prs23082024.pdf
2010,Nifty Smallcap 50,EXIDEIND,2023-09-29,2024-09-30,,press_release,https://niftyindices.com/Press_Release/ind_prs17082023.pdf,closed by ind_prs23082024.pdf
2010,Nifty Smallcap 50,FIVESTAR,2024-03-28,2024-09-30,,press_release,https://niftyindices.com/Press_Release/ind_prs28022024.pdf,closed by ind_prs23082024.pdf
2010,Nifty Smallcap 50,HAPPSTMNDS,2024-03-28,2024-09-30,,press_release,https://niftyindices.com/Press_Release/ind_prs28022024.pdf,closed by ind_prs23082024.pdf
2010,Nifty Smallcap 50,NAM-INDIA,2024-03-28,2024-09-30,,press_release,https://niftyindices.com/Press_Release/ind_prs28022024.pdf,closed by ind_prs23082024.pdf
2010,Nifty Smallcap 50,RADICO,2018-09-28,2024-09-30,,press_release,https://niftyindices.com/Press_Release/ind_prs28082018.pdf,closed by ind_prs23082024.pdf
2010,Nifty Smallcap 50,RAYMOND,2023-09-29,2024-09-30,,press_release,https://niftyindices.com/Press_Release/ind_prs17082023.pdf,closed by ind_prs23082024.pdf
2010,Nifty Smallcap 50,TANLA,2023-09-29,2024-09-30,,press_release,https://niftyindices.com/Press_Release/ind_prs17082023.pdf,closed by ind_prs23082024.pdf
2010,Nifty Smallcap 50,IDFC,2018-09-28,2024-10-10,,press_release,https://niftyindices.com/Press_Release/ind_prs28082018.pdf,closed by ind_prs04102024.pdf
2010,Nifty Smallcap 50,APARINDS,2024-03-28,2025-03-28,,press_release,https://niftyindices.com/Press_Release/ind_prs28022024.pdf,closed by ind_prs21022025.pdf
2010,Nifty Smallcap 50,ATUL,2024-09-30,2025-03-28,,press_release,https://niftyindices.com/Press_Release/ind_prs23082024.pdf,closed by ind_prs21022025.pdf
2010,Nifty Smallcap 50,BLUESTARCO,2016-04-01,2025-03-28,,snapshot_floor,,closed by ind_prs21022025.pdf
2010,Nifty Smallcap 50,FINCABLES,2023-09-29,2025-03-28,,press_release,https://niftyindices.com/Press_Release/ind_prs17082023.pdf,closed by ind_prs21022025.pdf
2010,Nifty Smallcap 50,GLENMARK,2023-09-29,2025-03-28,,press_release,https://niftyindices.com/Press_Release/ind_prs17082023.pdf,closed by ind_prs21022025.pdf
2010,Nifty Smallcap 50,INDIAMART,2023-09-29,2025-03-28,,press_release,https://niftyindices.com/Press_Release/ind_prs17082023.pdf,closed by ind_prs21022025.pdf
2010,Nifty Smallcap 50,KPIL,2024-09-30,2025-03-28,,press_release,https://niftyindices.com/Press_Release/ind_prs23082024.pdf,closed by ind_prs21022025.pdf
2010,Nifty Smallcap 50,KARURVYSYA,2024-03-28,2025-03-28,,press_release,https://niftyindices.com/Press_Release/ind_prs28022024.pdf,closed by ind_prs21022025.pdf
2010,Nifty Smallcap 50,MGL,2023-09-29,2025-03-28,,press_release,https://niftyindices.com/Press_Release/ind_prs17082023.pdf,closed by ind_prs21022025.pdf
2010,Nifty Smallcap 50,MANAPPURAM,2022-09-30,2025-03-28,,press_release,https://niftyindices.com/Press_Release/ind_prs01092022.pdf,closed by ind_prs21022025.pdf
2010,Nifty Smallcap 50,NH,2024-03-28,2025-03-28,,press_release,https://niftyindices.com/Press_Release/ind_prs28022024.pdf,closed by ind_prs21022025.pdf
2010,Nifty Smallcap 50,NATIONALUM,2023-03-31,2025-03-28,,press_release,https://niftyindices.com/Press_Release/ind_prs17022023_1.pdf,closed by ind_prs21022025.pdf
2010,Nifty Smallcap 50,PVRINOX,2016-04-01,2025-03-28,,snapshot_floor,,closed by ind_prs21022025.pdf
2010,Nifty Smallcap 50,RBLBANK,2023-04-28,2025-03-28,,press_release,https://niftyindices.com/Press_Release/ind_prs19042023_1.pdf,closed by ind_prs21022025.pdf
2010,Nifty Smallcap 50,REDINGTON,2024-09-30,2025-03-28,,press_release,https://niftyindices.com/Press_Release/ind_prs23082024.pdf,closed by ind_prs21022025.pdf
2010,Nifty Smallcap 50,ZEEL,2024-09-30,2025-03-28,,press_release,https://niftyindices.com/Press_Release/ind_prs23082024.pdf,closed by ind_prs21022025.pdf
2010,Nifty Smallcap 50,PEL,2024-09-30,2025-09-23,,press_release,https://niftyindices.com/Press_Release/ind_prs23082024.pdf,closed by ind_prs15092025_1.pdf
2010,Nifty Smallcap 50,BSOFT,2021-03-31,2025-09-30,,press_release,https://niftyindices.com/Press_Release/ind_prs23022021.pdf,closed by ind_prs22082025.pdf
2010,Nifty Smallcap 50,BRIGADE,2024-09-30,2025-09-30,,press_release,https://niftyindices.com/Press_Release/ind_prs23082024.pdf,closed by ind_prs22082025.pdf
2010,Nifty Smallcap 50,GESHIP,2024-03-28,2025-09-30,,press_release,https://niftyindices.com/Press_Release/ind_prs28022024.pdf,closed by ind_prs22082025.pdf
2010,Nifty Smallcap 50,GSPL,2024-03-28,2025-09-30,,press_release,https://niftyindices.com/Press_Release/ind_prs28022024.pdf,closed by ind_prs22082025.pdf
2010,Nifty Smallcap 50,HFCL,2022-03-31,2025-09-30,,press_release,https://niftyindices.com/Press_Release/ind_prs24022022_1.pdf,closed by ind_prs22082025.pdf
2010,Nifty Smallcap 50,HINDCOPPER,2024-09-30,2025-09-30,,press_release,https://niftyindices.com/Press_Release/ind_prs23082024.pdf,closed by ind_prs22082025.pdf
2010,Nifty Smallcap 50,NCC,2024-03-28,2025-09-30,,press_release,https://niftyindices.com/Press_Release/ind_prs28022024.pdf,closed by ind_prs22082025.pdf
2010,Nifty Smallcap 50,RKFORGE,2024-03-28,2025-09-30,,press_release,https://niftyindices.com/Press_Release/ind_prs28022024.pdf,closed by ind_prs22082025.pdf
2010,Nifty Smallcap 50,SONATSOFTW,2023-09-29,2025-09-30,,press_release,https://niftyindices.com/Press_Release/ind_prs17082023.pdf,closed by ind_prs22082025.pdf
2010,Nifty Smallcap 50,TEJASNET,2023-09-29,2025-09-30,,press_release,https://niftyindices.com/Press_Release/ind_prs17082023.pdf,closed by ind_prs22082025.pdf
2010,Nifty Smallcap 50,AARTIIND,2024-03-28,2026-03-30,,press_release,https://niftyindices.com/Press_Release/ind_prs28022024.pdf,closed by ind_prs23022026.pdf
2010,Nifty Smallcap 50,ABREL,2016-04-01,2026-03-30,,snapshot_floor,,closed by ind_prs23022026.pdf
2010,Nifty Smallcap 50,CYIENT,2016-04-01,2026-03-30,,snapshot_floor,,closed by ind_prs23022026.pdf
2010,Nifty Smallcap 50,FSL,2025-03-28,2026-03-30,,press_release,https://niftyindices.com/Press_Release/ind_prs21022025.pdf,closed by ind_prs23022026.pdf
2010,Nifty Smallcap 50,IEX,2023-03-31,2026-03-30,,press_release,https://niftyindices.com/Press_Release/ind_prs17022023_1.pdf,closed by ind_prs23022026.pdf
2010,Nifty Smallcap 50,JBCHEPHARM,2025-09-30,2026-03-30,,press_release,https://niftyindices.com/Press_Release/ind_prs22082025.pdf,closed by ind_prs23022026.pdf
2010,Nifty Smallcap 50,LAURUSLABS,2024-09-30,2026-03-30,,press_release,https://niftyindices.com/Press_Release/ind_prs23082024.pdf,closed by ind_prs23022026.pdf
2010,Nifty Smallcap 50,MCX,2024-03-28,2026-03-30,,press_release,https://niftyindices.com/Press_Release/ind_prs28022024.pdf,closed by ind_prs23022026.pdf
2010,Nifty Smallcap 50,RADICO,2024-10-10,2026-03-30,,press_release,https://niftyindices.com/Press_Release/ind_prs04102024.pdf,closed by ind_prs23022026.pdf
2010,Nifty Smallcap 50,RAMCOCEM,2024-09-30,2026-03-30,,press_release,https://niftyindices.com/Press_Release/ind_prs23082024.pdf,closed by ind_prs23022026.pdf
2010,Nifty Smallcap 50,ZENSARTECH,2024-03-28,2026-03-30,,press_release,https://niftyindices.com/Press_Release/ind_prs28022024.pdf,closed by ind_prs23022026.pdf
2010,Nifty Smallcap 50,COCHINSHIP,2018-04-02,2018-09-30,,press_release,https://niftyindices.com/Press_Release/ind_prs21022018.pdf,"inferred-exclude: not in NSE current snapshot, no PR found (closed at next semi-annual review)"
2010,Nifty Smallcap 50,KPIT,2018-09-28,2018-09-30,,press_release,https://niftyindices.com/Press_Release/ind_prs28082018.pdf,"inferred-exclude: not in NSE current snapshot, no PR found (closed at next semi-annual review)"
2010,Nifty Smallcap 50,RITES,2018-12-28,2019-03-31,,press_release,https://niftyindices.com/Press_Release/ind_prs14122018.pdf,"inferred-exclude: not in NSE current snapshot, no PR found (closed at next semi-annual review)"
2010,Nifty Smallcap 50,KAJARIACER,2019-03-29,2019-03-31,,press_release,https://niftyindices.com/Press_Release/ind_prs25022019.pdf,"inferred-exclude: not in NSE current snapshot, no PR found (closed at next semi-annual review)"
2010,Nifty Smallcap 50,MERCK,2019-03-29,2019-03-31,,press_release,https://niftyindices.com/Press_Release/ind_prs25022019.pdf,"inferred-exclude: not in NSE current snapshot, no PR found (closed at next semi-annual review)"
2010,Nifty Smallcap 50,VIPIND,2019-03-29,2019-03-31,,press_release,https://niftyindices.com/Press_Release/ind_prs25022019.pdf,"inferred-exclude: not in NSE current snapshot, no PR found (closed at next semi-annual review)"
2010,Nifty Smallcap 50,SUNTECK,2019-09-27,2019-09-30,,press_release,https://niftyindices.com/Press_Release/ind_prs28082019.pdf,"inferred-exclude: not in NSE current snapshot, no PR found (closed at next semi-annual review)"
2010,Nifty Smallcap 50,VAKRANGEE,2019-09-27,2019-09-30,,press_release,https://niftyindices.com/Press_Release/ind_prs28082019.pdf,"inferred-exclude: not in NSE current snapshot, no PR found (closed at next semi-annual review)"
2010,Nifty Smallcap 50,SPANDANA,2020-03-27,2020-03-31,,press_release,https://niftyindices.com/Press_Release/ind_prs18022020.pdf,"inferred-exclude: not in NSE current snapshot, no PR found (closed at next semi-annual review)"
2010,Nifty Smallcap 50,SWSOLAR,2020-03-27,2020-03-31,,press_release,https://niftyindices.com/Press_Release/ind_prs18022020.pdf,"inferred-exclude: not in NSE current snapshot, no PR found (closed at next semi-annual review)"
2010,Nifty Smallcap 50,STRTECH,2020-09-25,2020-09-30,,press_release,https://niftyindices.com/Press_Release/ind_prs20082020.pdf,"inferred-exclude: not in NSE current snapshot, no PR found (closed at next semi-annual review)"
2010,Nifty Smallcap 50,SPARC,2020-09-25,2020-09-30,,press_release,https://niftyindices.com/Press_Release/ind_prs20082020.pdf,"inferred-exclude: not in NSE current snapshot, no PR found (closed at next semi-annual review)"
2010,Nifty Smallcap 50,FLFL,2020-03-27,2020-03-31,,press_release,https://niftyindices.com/Press_Release/ind_prs19032020.pdf,"inferred-exclude: not in NSE current snapshot, no PR found (closed at next semi-annual review)"
2010,Nifty Smallcap 50,INDIANB,2020-09-25,2020-09-30,,press_release,https://niftyindices.com/Press_Release/ind_prs20082020.pdf,"inferred-exclude: not in NSE current snapshot, no PR found (closed at next semi-annual review)"
2010,Nifty Smallcap 50,AFFLE,2025-03-28,,,press_release,https://niftyindices.com/Press_Release/ind_prs21022025.pdf,
2010,Nifty Smallcap 50,ALKYLAMINE,2021-03-31,2021-09-30,,press_release,https://niftyindices.com/Press_Release/ind_prs23022021.pdf,"inferred-exclude: not in NSE current snapshot, no PR found (closed at next semi-annual review)"
2010,Nifty Smallcap 50,APLAPOLLO,2021-03-31,2021-09-30,,press_release,https://niftyindices.com/Press_Release/ind_prs23022021.pdf,"inferred-exclude: not in NSE current snapshot, no PR found (closed at next semi-annual review)"
2010,Nifty Smallcap 50,CDSL,2021-03-31,,,press_release,https://niftyindices.com/Press_Release/ind_prs23022021.pdf,
2010,Nifty Smallcap 50,CAMS,2021-03-31,,,press_release,https://niftyindices.com/Press_Release/ind_prs23022021.pdf,
2010,Nifty Smallcap 50,FRETAIL,2021-03-31,2021-09-30,,press_release,https://niftyindices.com/Press_Release/ind_prs23022021.pdf,"inferred-exclude: not in NSE current snapshot, no PR found (closed at next semi-annual review)"
2010,Nifty Smallcap 50,THYROCARE,2021-03-31,2021-09-30,,press_release,https://niftyindices.com/Press_Release/ind_prs23022021.pdf,"inferred-exclude: not in NSE current snapshot, no PR found (closed at next semi-annual review)"
2010,Nifty Smallcap 50,ARE&M,2022-03-31,,,press_release,https://niftyindices.com/Press_Release/ind_prs24022022_1.pdf,
2010,Nifty Smallcap 50,ANGELONE,2022-03-31,,,press_release,https://niftyindices.com/Press_Release/ind_prs24022022_1.pdf,
2010,Nifty Smallcap 50,PPLPHARMA,2023-09-29,,,press_release,https://niftyindices.com/Press_Release/ind_prs17082023.pdf,
2010,Nifty Smallcap 50,PNBHOUSING,2023-09-29,,,press_release,https://niftyindices.com/Press_Release/ind_prs17082023.pdf,
2010,Nifty Smallcap 50,BSE,2024-03-28,2024-03-31,,press_release,https://niftyindices.com/Press_Release/ind_prs28022024.pdf,"inferred-exclude: not in NSE current snapshot, no PR found (closed at next semi-annual review)"
2010,Nifty Smallcap 50,CASTROLIND,2024-03-28,,,press_release,https://niftyindices.com/Press_Release/ind_prs28022024.pdf,
2010,Nifty Smallcap 50,CENTURYTEX,2024-03-28,2024-03-31,,press_release,https://niftyindices.com/Press_Release/ind_prs28022024.pdf,"inferred-exclude: not in NSE current snapshot, no PR found (closed at next semi-annual review)"
2010,Nifty Smallcap 50,CROMPTON,2024-03-28,,,press_release,https://niftyindices.com/Press_Release/ind_prs28022024.pdf,
2010,Nifty Smallcap 50,IIFL,2024-03-28,,,press_release,https://niftyindices.com/Press_Release/ind_prs28022024.pdf,
2010,Nifty Smallcap 50,NATCOPHARM,2024-03-28,,,press_release,https://niftyindices.com/Press_Release/ind_prs28022024.pdf,
2010,Nifty Smallcap 50,NAVINFLUOR,2024-03-28,,,press_release,https://niftyindices.com/Press_Release/ind_prs28022024.pdf,
2010,Nifty Smallcap 50,NBCC,2024-09-30,,,press_release,https://niftyindices.com/Press_Release/ind_prs23082024.pdf,
2010,Nifty Smallcap 50,AEGISLOG,2025-03-28,,,press_release,https://niftyindices.com/Press_Release/ind_prs21022025.pdf,
2010,Nifty Smallcap 50,AMBER,2025-03-28,,,press_release,https://niftyindices.com/Press_Release/ind_prs21022025.pdf,
2010,Nifty Smallcap 50,ASTERDM,2025-03-28,,,press_release,https://niftyindices.com/Press_Release/ind_prs21022025.pdf,
2010,Nifty Smallcap 50,DELHIVERY,2025-03-28,,,press_release,https://niftyindices.com/Press_Release/ind_prs21022025.pdf,
2010,Nifty Smallcap 50,LALPATHLAB,2025-03-28,,,press_release,https://niftyindices.com/Press_Release/ind_prs21022025.pdf,
2010,Nifty Smallcap 50,FIVESTAR,2025-03-28,,,press_release,https://niftyindices.com/Press_Release/ind_prs21022025.pdf,
2010,Nifty Smallcap 50,HSCL,2025-03-28,,,press_release,https://niftyindices.com/Press_Release/ind_prs21022025.pdf,
2010,Nifty Smallcap 50,INOXWIND,2025-03-28,,,press_release,https://niftyindices.com/Press_Release/ind_prs21022025.pdf,
2010,Nifty Smallcap 50,KAYNES,2025-03-28,,,press_release,https://niftyindices.com/Press_Release/ind_prs21022025.pdf,
2010,Nifty Smallcap 50,KEC,2025-03-28,,,press_release,https://niftyindices.com/Press_Release/ind_prs21022025.pdf,
2010,Nifty Smallcap 50,KFINTECH,2025-03-28,,,press_release,https://niftyindices.com/Press_Release/ind_prs21022025.pdf,
2010,Nifty Smallcap 50,NEULANDLAB,2025-03-28,,,press_release,https://niftyindices.com/Press_Release/ind_prs21022025.pdf,
2010,Nifty Smallcap 50,POONAWALLA,2025-03-28,,,press_release,https://niftyindices.com/Press_Release/ind_prs21022025.pdf,
2010,Nifty Smallcap 50,RPOWER,2025-03-28,,,press_release,https://niftyindices.com/Press_Release/ind_prs21022025.pdf,
2010,Nifty Smallcap 50,TATACHEM,2025-03-28,,,press_release,https://niftyindices.com/Press_Release/ind_prs21022025.pdf,
2010,Nifty Smallcap 50,WELCORP,2025-09-23,,,press_release,https://niftyindices.com/Press_Release/ind_prs15092025_1.pdf,
2010,Nifty Smallcap 50,BANDHANBNK,2025-09-30,,,press_release,https://niftyindices.com/Press_Release/ind_prs22082025.pdf,
2010,Nifty Smallcap 50,CHOLAHLDNG,2025-09-30,,,press_release,https://niftyindices.com/Press_Release/ind_prs22082025.pdf,
2010,Nifty Smallcap 50,GLAND,2025-09-30,,,press_release,https://niftyindices.com/Press_Release/ind_prs22082025.pdf,
2010,Nifty Smallcap 50,KARURVYSYA,2025-09-30,,,press_release,https://niftyindices.com/Press_Release/ind_prs22082025.pdf,
2010,Nifty Smallcap 50,MANAPPURAM,2025-09-30,,,press_release,https://niftyindices.com/Press_Release/ind_prs22082025.pdf,
2010,Nifty Smallcap 50,NH,2025-09-30,,,press_release,https://niftyindices.com/Press_Release/ind_prs22082025.pdf,
2010,Nifty Smallcap 50,PGEL,2025-09-30,,,press_release,https://niftyindices.com/Press_Release/ind_prs22082025.pdf,
2010,Nifty Smallcap 50,REDINGTON,2025-09-30,,,press_release,https://niftyindices.com/Press_Release/ind_prs22082025.pdf,
2010,Nifty Smallcap 50,WOCKPHARMA,2025-09-30,,,press_release,https://niftyindices.com/Press_Release/ind_prs22082025.pdf,
2010,Nifty Smallcap 50,ANANDRATHI,2026-03-30,,,press_release,https://niftyindices.com/Press_Release/ind_prs23022026.pdf,
2010,Nifty Smallcap 50,CUB,2026-03-30,,,press_release,https://niftyindices.com/Press_Release/ind_prs23022026.pdf,
2010,Nifty Smallcap 50,COHANCE,2026-03-30,,,press_release,https://niftyindices.com/Press_Release/ind_prs23022026.pdf,
2010,Nifty Smallcap 50,HINDCOPPER,2026-03-30,,,press_release,https://niftyindices.com/Press_Release/ind_prs23022026.pdf,
2010,Nifty Smallcap 50,IGL,2026-03-30,,,press_release,https://niftyindices.com/Press_Release/ind_prs23022026.pdf,
2010,Nifty Smallcap 50,PIRAMALFIN,2026-03-30,,,press_release,https://niftyindices.com/Press_Release/ind_prs23022026.pdf,
2010,Nifty Smallcap 50,RBLBANK,2026-03-30,,,press_release,https://niftyindices.com/Press_Release/ind_prs23022026.pdf,
2010,Nifty Smallcap 50,SAILIFE,2026-03-30,,,press_release,https://niftyindices.com/Press_Release/ind_prs23022026.pdf,
2010,Nifty Smallcap 50,SONACOMS,2026-03-30,,,press_release,https://niftyindices.com/Press_Release/ind_prs23022026.pdf,
2010,Nifty Smallcap 50,SYNGENE,2026-03-30,,,press_release,https://niftyindices.com/Press_Release/ind_prs23022026.pdf,
2010,Nifty Smallcap 50,TATATECH,2026-03-30,,,press_release,https://niftyindices.com/Press_Release/ind_prs23022026.pdf,
2010,Nifty Smallcap 50,CESC,2026-03-31,,,snapshot,,"inferred-include: in NSE current snapshot, no PR found (opened at most-recent semi-annual review)"
3001,Nifty Commodities,TORNTPOWER,2014-01-01,2014-03-28,,snapshot_floor,,closed by ind_prs27022014.pdf
3001,Nifty Commodities,JSWENERGY,2014-01-01,2014-09-26,,snapshot_floor,,closed by ind_prs26082014.pdf
3001,Nifty Commodities,BHUSANSTL,2014-01-01,2015-03-27,,snapshot_floor,,closed by ind_prs20022015.pdf
3001,Nifty Commodities,JINDALSTEL,2014-01-01,2017-03-31,,snapshot_floor,,closed by ind_prs16022017.pdf
3001,Nifty Commodities,GRASIM,2014-01-01,2017-05-26,,snapshot_floor,,closed by ind_prs27042017.pdf
3001,Nifty Commodities,RPOWER,2014-01-01,2017-09-29,,snapshot_floor,,closed by ind_prs28082017.pdf
3001,Nifty Commodities,CESC,2015-03-27,2018-02-05,,press_release,https://niftyindices.com/Press_Release/ind_prs20022015.pdf,closed by ind_prs08012018.pdf
3001,Nifty Commodities,DALBHARAT,2017-05-26,2018-04-02,,press_release,https://niftyindices.com/Press_Release/ind_prs27042017.pdf,closed by ind_prs21022018.pdf
3001,Nifty Commodities,PIIND,2017-03-31,2018-09-28,,press_release,https://niftyindices.com/Press_Release/ind_prs16022017.pdf,closed by ind_prs28082018.pdf
3001,Nifty Commodities,CENTURYTEX,2017-09-29,2018-12-28,,press_release,https://niftyindices.com/Press_Release/ind_prs28082017.pdf,closed by ind_prs14122018.pdf
3001,Nifty Commodities,RELINFRA,2014-01-01,2019-09-27,,snapshot_floor,,closed by ind_prs28082019.pdf
3001,Nifty Commodities,TATACHEM,2014-01-01,2019-12-27,,snapshot_floor,,closed by ind_prs16122019.pdf
3001,Nifty Commodities,NATIONALUM,2018-04-02,2020-06-26,,press_release,https://niftyindices.com/Press_Release/ind_prs21022018.pdf,closed by ind_prs10062020.pdf
3001,Nifty Commodities,SAIL,2014-01-01,2020-06-26,,snapshot_floor,,closed by ind_prs10062020.pdf
3001,Nifty Commodities,VEDL,2014-01-01,2020-07-31,,snapshot_floor,,closed by ind_prs02072020_1.pdf
3001,Nifty Commodities,OIL,2014-01-01,2020-09-25,,snapshot_floor,,closed by ind_prs20082020.pdf
3001,Nifty Commodities,NHPC,2014-01-01,2021-03-31,,snapshot_floor,,closed by ind_prs23022021.pdf
3001,Nifty Commodities,HINDZINC,2014-01-01,2021-09-30,,snapshot_floor,,closed by ind_prs23082021.pdf
3001,Nifty Commodities,TORNTPOWER,2020-09-25,2021-09-30,,press_release,https://niftyindices.com/Press_Release/ind_prs20082020.pdf,closed by ind_prs23082021.pdf
3001,Nifty Commodities,COROMANDEL,2020-07-31,2022-03-31,,press_release,https://niftyindices.com/Press_Release/ind_prs02072020_1.pdf,closed by ind_prs08032022.pdf
3001,Nifty Commodities,AARTIIND,2019-12-27,2022-05-04,,press_release,https://niftyindices.com/Press_Release/ind_prs16122019.pdf,closed by ind_prs05042022.pdf
3001,Nifty Commodities,NMDC,2014-01-01,2022-08-08,,snapshot_floor,,closed by ind_prs11072022.pdf
3001,Nifty Commodities,RAMCOCEM,2014-01-01,2023-03-31,,snapshot_floor,,closed by ind_prs17022023_1.pdf
3001,Nifty Commodities,ATUL,2020-06-26,2023-09-29,,press_release,https://niftyindices.com/Press_Release/ind_prs10062020.pdf,closed by ind_prs17082023.pdf
3001,Nifty Commodities,NAVINFLUOR,2022-08-08,2024-03-28,,press_release,https://niftyindices.com/Press_Release/ind_prs11072022.pdf,closed by ind_prs28022024.pdf
3001,Nifty Commodities,DALBHARAT,2019-09-27,2024-09-30,,press_release,https://niftyindices.com/Press_Release/ind_prs28082019.pdf,closed by ind_prs23082024.pdf
3001,Nifty Commodities,DEEPAKNTR,2022-03-31,2024-09-30,,press_release,https://niftyindices.com/Press_Release/ind_prs08032022.pdf,closed by ind_prs23082024.pdf
3001,Nifty Commodities,TATACHEM,2022-05-04,2024-09-30,,press_release,https://niftyindices.com/Press_Release/ind_prs05042022.pdf,closed by ind_prs23082024.pdf
3001,Nifty Commodities,ACC,2014-01-01,2025-03-28,,snapshot_floor,,closed by ind_prs21022025.pdf
3001,Nifty Commodities,SAIL,2021-09-30,2025-03-28,,press_release,https://niftyindices.com/Press_Release/ind_prs23082021.pdf,closed by ind_prs21022025.pdf
3001,Nifty Commodities,ULTRACEMCO,2014-01-01,,,snapshot_floor,,
3001,Nifty Commodities,COALINDIA,2014-01-01,,,snapshot_floor,,
3001,Nifty Commodities,HINDPETRO,2014-01-01,,,snapshot_floor,,
3001,Nifty Commodities,BPCL,2014-01-01,,,snapshot_floor,,
3001,Nifty Commodities,TATAPOWER,2014-01-01,,,snapshot_floor,,
3001,Nifty Commodities,SHREECEM,2014-01-01,,,snapshot_floor,,
3001,Nifty Commodities,HINDALCO,2014-01-01,,,snapshot_floor,,
3001,Nifty Commodities,AMBUJACEM,2014-01-01,,,snapshot_floor,,
3001,Nifty Commodities,TATASTEEL,2014-01-01,,,snapshot_floor,,
3001,Nifty Commodities,ONGC,2014-01-01,,,snapshot_floor,,
3001,Nifty Commodities,NTPC,2014-01-01,,,snapshot_floor,,
3001,Nifty Commodities,UPL,2014-01-01,,,snapshot_floor,,
3001,Nifty Commodities,SRF,2014-01-01,,,snapshot_floor,,
3001,Nifty Commodities,RELIANCE,2014-01-01,,,snapshot_floor,,
3001,Nifty Commodities,JSWSTEEL,2014-01-01,,,snapshot_floor,,
3001,Nifty Commodities,PIDILITIND,2014-03-28,,,press_release,https://niftyindices.com/Press_Release/ind_prs27022014.pdf,
3001,Nifty Commodities,IOC,2014-09-26,,,press_release,https://niftyindices.com/Press_Release/ind_prs26082014.pdf,
3001,Nifty Commodities,GRASIM,2018-02-05,,,press_release,https://niftyindices.com/Press_Release/ind_prs08012018.pdf,
3001,Nifty Commodities,JINDALSTEL,2018-09-28,,,press_release,https://niftyindices.com/Press_Release/ind_prs28082018.pdf,
3001,Nifty Commodities,PIIND,2018-12-28,,,press_release,https://niftyindices.com/Press_Release/ind_prs14122018.pdf,
3001,Nifty Commodities,ADANIGREEN,2020-06-26,,,press_release,https://niftyindices.com/Press_Release/ind_prs10062020.pdf,
3001,Nifty Commodities,VEDL,2021-03-31,,,press_release,https://niftyindices.com/Press_Release/ind_prs23022021.pdf,
3001,Nifty Commodities,ADANIPOWER,2023-03-31,,,press_release,https://niftyindices.com/Press_Release/ind_prs17022023_1.pdf,
3001,Nifty Commodities,APLAPOLLO,2023-09-29,,,press_release,https://niftyindices.com/Press_Release/ind_prs17082023.pdf,
3001,Nifty Commodities,ADANIENSOL,2024-03-28,,,press_release,https://niftyindices.com/Press_Release/ind_prs28022024.pdf,
3001,Nifty Commodities,JSWENERGY,2024-09-30,,,press_release,https://niftyindices.com/Press_Release/ind_prs23082024.pdf,
3001,Nifty Commodities,NHPC,2024-09-30,,,press_release,https://niftyindices.com/Press_Release/ind_prs23082024.pdf,
3001,Nifty Commodities,NMDC,2024-09-30,,,press_release,https://niftyindices.com/Press_Release/ind_prs23082024.pdf,
3001,Nifty Commodities,OIL,2025-03-28,,,press_release,https://niftyindices.com/Press_Release/ind_prs21022025.pdf,
3001,Nifty Commodities,TORNTPOWER,2025-03-28,,,press_release,https://niftyindices.com/Press_Release/ind_prs21022025.pdf,
3002,Nifty Consumption,TORNTPOWER,2014-01-01,2014-03-28,,snapshot_floor,,closed by ind_prs27022014.pdf
3002,Nifty Consumption,MCDOWELL-N,2014-01-01,2014-09-19,,snapshot_floor,,closed by ind_prs20082014.pdf
3002,Nifty Consumption,CADILAHC,2014-01-01,2015-03-27,,snapshot_floor,,closed by ind_prs20022015.pdf
3002,Nifty Consumption,TRENT,2014-01-01,2015-03-27,,snapshot_floor,,closed by ind_prs20022015.pdf
3002,Nifty Consumption,BATAINDIA,2014-01-01,2015-09-28,,snapshot_floor,,closed by ind_prs12082015.pdf
3002,Nifty Consumption,ADANIPOWER,2014-01-01,,,snapshot_floor,,
3002,Nifty Consumption,DMART,2014-01-01,,,snapshot_floor,,
3002,Nifty Consumption,MAXHEALTH,2014-01-01,,,snapshot_floor,,
3002,Nifty Consumption,APOLLOHOSP,2014-01-01,,,snapshot_floor,,
3002,Nifty Consumption,BHARTIARTL,2014-01-01,,,snapshot_floor,,
3002,Nifty Consumption,TATAPOWER,2014-01-01,,,snapshot_floor,,
3002,Nifty Consumption,TITAN,2014-01-01,,,snapshot_floor,,
3002,Nifty Consumption,INDHOTEL,2014-01-01,,,snapshot_floor,,
3002,Nifty Consumption,VBL,2014-01-01,,,snapshot_floor,,
3002,Nifty Consumption,HEROMOTOCO,2014-01-01,,,snapshot_floor,,
3002,Nifty Consumption,BAJAJ-AUTO,2014-01-01,,,snapshot_floor,,
3002,Nifty Consumption,DLF,2014-01-01,,,snapshot_floor,,
3002,Nifty Consumption,GODREJCP,2014-01-01,,,snapshot_floor,,
3002,Nifty Consumption,NESTLEIND,2014-01-01,,,snapshot_floor,,
3002,Nifty Consumption,INDIGO,2014-01-01,,,snapshot_floor,,
3002,Nifty Consumption,ITC,2014-01-01,,,snapshot_floor,,
3002,Nifty Consumption,TVSMOTOR,2014-01-01,,,snapshot_floor,,
3002,Nifty Consumption,M&M,2014-01-01,,,snapshot_floor,,
3002,Nifty Consumption,ETERNAL,2014-01-01,,,snapshot_floor,,
3002,Nifty Consumption,ASIANPAINT,2014-01-01,,,snapshot_floor,,
3002,Nifty Consumption,UNITDSPR,2014-01-01,,,snapshot_floor,,
3002,Nifty Consumption,MARUTI,2014-01-01,,,snapshot_floor,,
3002,Nifty Consumption,BRITANNIA,2014-01-01,,,snapshot_floor,,
3002,Nifty Consumption,EICHERMOT,2014-01-01,,,snapshot_floor,,
3002,Nifty Consumption,NAUKRI,2014-01-01,,,snapshot_floor,,
3002,Nifty Consumption,TATACONSUM,2014-01-01,,,snapshot_floor,,
3002,Nifty Consumption,HINDUNILVR,2014-01-01,,,snapshot_floor,,
3002,Nifty Consumption,DIXON,2014-01-01,,,snapshot_floor,,
3002,Nifty Consumption,AUROPHARMA,2014-03-28,2014-03-31,,press_release,https://niftyindices.com/Press_Release/ind_prs27022014.pdf,"inferred-exclude: not in NSE current snapshot, no PR found (closed at next semi-annual review)"
3002,Nifty Consumption,MARICO,2014-09-19,2014-09-30,,press_release,https://niftyindices.com/Press_Release/ind_prs20082014.pdf,"inferred-exclude: not in NSE current snapshot, no PR found (closed at next semi-annual review)"
3002,Nifty Consumption,HAVELLS,2015-03-27,,,press_release,https://niftyindices.com/Press_Release/ind_prs20022015.pdf,
3002,Nifty Consumption,MCDOWELL-N,2015-03-27,2015-03-31,,press_release,https://niftyindices.com/Press_Release/ind_prs20022015.pdf,"inferred-exclude: not in NSE current snapshot, no PR found (closed at next semi-annual review)"
3002,Nifty Consumption,PAGEIND,2015-09-28,2015-09-30,,press_release,https://niftyindices.com/Press_Release/ind_prs12082015.pdf,"inferred-exclude: not in NSE current snapshot, no PR found (closed at next semi-annual review)"
3002,Nifty Consumption,TRENT,2026-03-31,,,snapshot,,"inferred-include: in NSE current snapshot, no PR found (opened at most-recent semi-annual review)"
3003,Nifty CPSE,RECLTD,2014-03-18,2019-07-15,,snapshot_floor,,closed by ind_prs08072019.pdf
3003,Nifty CPSE,NMDC,2014-03-18,2022-08-08,,snapshot_floor,,closed by ind_prs11072022.pdf
3003,Nifty CPSE,COALINDIA,2014-03-18,,,snapshot_floor,,
3003,Nifty CPSE,NLCINDIA,2014-03-18,,,snapshot_floor,,
3003,Nifty CPSE,COCHINSHIP,2014-03-18,,,snapshot_floor,,
3003,Nifty CPSE,ONGC,2014-03-18,,,snapshot_floor,,
3003,Nifty CPSE,NTPC,2014-03-18,,,snapshot_floor,,
3003,Nifty CPSE,SJVN,2014-03-18,,,snapshot_floor,,
3003,Nifty CPSE,NBCC,2014-03-18,,,snapshot_floor,,
3003,Nifty CPSE,BEL,2014-03-18,,,snapshot_floor,,
3003,Nifty CPSE,POWERGRID,2014-03-18,,,snapshot_floor,,
3003,Nifty CPSE,OIL,2014-03-18,,,snapshot_floor,,
3003,Nifty CPSE,NHPC,2014-03-18,,,snapshot_floor,,
3004,Nifty Infrastructure,ADANIPOWER,2014-01-01,2014-09-26,,snapshot_floor,,closed by ind_prs26082014.pdf
3004,Nifty Infrastructure,JPPOWER,2014-01-01,2015-09-28,,snapshot_floor,,closed by ind_prs12082015.pdf
3004,Nifty Infrastructure,CROMPGREAV,2014-01-01,2015-09-28,,snapshot_floor,,closed by ind_prs24082015.pdf
3004,Nifty Infrastructure,JSWENERGY,2014-01-01,2017-09-29,,snapshot_floor,,closed by ind_prs28082017.pdf
3004,Nifty Infrastructure,RCOM,2014-01-01,2017-09-29,,snapshot_floor,,closed by ind_prs28082017.pdf
3004,Nifty Infrastructure,CESC,2014-01-01,2018-02-05,,snapshot_floor,,closed by ind_prs08012018.pdf
3004,Nifty Infrastructure,TATACOMM,2014-01-01,2018-06-29,,snapshot_floor,,closed by ind_prs24052018.pdf
3004,Nifty Infrastructure,VOLTAS,2014-01-01,2019-03-29,,snapshot_floor,,closed by ind_prs25022019.pdf
3004,Nifty Infrastructure,CGPOWER,2014-01-01,2019-06-28,,snapshot_floor,,closed by ind_prs13062019.pdf
3004,Nifty Infrastructure,IRB,2014-01-01,2019-06-28,,snapshot_floor,,closed by ind_prs13062019.pdf
3004,Nifty Infrastructure,NHPC,2014-01-01,2019-06-28,,snapshot_floor,,closed by ind_prs13062019.pdf
3004,Nifty Infrastructure,RPOWER,2014-01-01,2019-06-28,,snapshot_floor,,closed by ind_prs13062019.pdf
3004,Nifty Infrastructure,SUZLON,2017-09-29,2019-06-28,,press_release,https://niftyindices.com/Press_Release/ind_prs28082017.pdf,closed by ind_prs13062019.pdf
3004,Nifty Infrastructure,EICHERMOT,2014-01-01,2021-03-31,,snapshot_floor,,closed by ind_prs23022021.pdf
3004,Nifty Infrastructure,EXIDEIND,2014-01-01,2021-09-30,,snapshot_floor,,closed by ind_prs23082021.pdf
3004,Nifty Infrastructure,RAMCOCEM,2014-01-01,2022-03-31,,snapshot_floor,,closed by ind_prs08032022.pdf
3004,Nifty Infrastructure,IGL,2014-01-01,2022-09-30,,snapshot_floor,,closed by ind_prs01092022.pdf
3004,Nifty Infrastructure,INDUSTOWER,2014-01-01,2023-09-29,,snapshot_floor,,closed by ind_prs17082023.pdf
3004,Nifty Infrastructure,ACC,2014-01-01,2024-03-28,,snapshot_floor,,closed by ind_prs28022024.pdf
3004,Nifty Infrastructure,BALKRISIND,2021-03-31,2024-09-30,,press_release,https://niftyindices.com/Press_Release/ind_prs23022021.pdf,closed by ind_prs23082024.pdf
3004,Nifty Infrastructure,PETRONET,2014-01-01,2024-09-30,,snapshot_floor,,closed by ind_prs23082024.pdf
3004,Nifty Infrastructure,CONCOR,2014-01-01,2025-03-28,,snapshot_floor,,closed by ind_prs21022025.pdf
3004,Nifty Infrastructure,IRCTC,2022-03-31,2025-03-28,,press_release,https://niftyindices.com/Press_Release/ind_prs08032022.pdf,closed by ind_prs21022025.pdf
3004,Nifty Infrastructure,MRF,2014-01-01,2025-03-28,,snapshot_floor,,closed by ind_prs21022025.pdf
3004,Nifty Infrastructure,SIEMENS,2014-01-01,2025-09-30,,snapshot_floor,,closed by ind_prs22082025.pdf
3004,Nifty Infrastructure,GODREJPROP,2021-09-30,2026-03-30,,press_release,https://niftyindices.com/Press_Release/ind_prs23082021.pdf,closed by ind_prs23022026.pdf
3004,Nifty Infrastructure,ULTRACEMCO,2014-01-01,,,snapshot_floor,,
3004,Nifty Infrastructure,APOLLOHOSP,2014-01-01,,,snapshot_floor,,
3004,Nifty Infrastructure,HINDPETRO,2014-01-01,,,snapshot_floor,,
3004,Nifty Infrastructure,BPCL,2014-01-01,,,snapshot_floor,,
3004,Nifty Infrastructure,TATAPOWER,2014-01-01,,,snapshot_floor,,
3004,Nifty Infrastructure,SHREECEM,2014-01-01,,,snapshot_floor,,
3004,Nifty Infrastructure,POWERGRID,2014-01-01,,,snapshot_floor,,
3004,Nifty Infrastructure,AMBUJACEM,2014-01-01,,,snapshot_floor,,
3004,Nifty Infrastructure,ADANIPORTS,2014-01-01,,,snapshot_floor,,
3004,Nifty Infrastructure,ASHOKLEY,2014-01-01,,,snapshot_floor,,
3004,Nifty Infrastructure,LT,2014-01-01,,,snapshot_floor,,
3004,Nifty Infrastructure,ONGC,2014-01-01,,,snapshot_floor,,
3004,Nifty Infrastructure,NTPC,2014-01-01,,,snapshot_floor,,
3004,Nifty Infrastructure,BHARTIARTL,2014-01-01,,,snapshot_floor,,
3004,Nifty Infrastructure,DLF,2014-01-01,,,snapshot_floor,,
3004,Nifty Infrastructure,GRASIM,2014-01-01,,,snapshot_floor,,
3004,Nifty Infrastructure,RELIANCE,2014-01-01,,,snapshot_floor,,
3004,Nifty Infrastructure,IOC,2014-01-01,,,snapshot_floor,,
3004,Nifty Infrastructure,GAIL,2014-01-01,,,snapshot_floor,,
3004,Nifty Infrastructure,ENGINERSIN,2015-03-27,2015-03-31,,press_release,https://niftyindices.com/Press_Release/ind_prs20022015.pdf,"inferred-exclude: not in NSE current snapshot, no PR found (closed at next semi-annual review)"
3004,Nifty Infrastructure,ADANIPOWER,2015-09-28,2015-09-30,,press_release,https://niftyindices.com/Press_Release/ind_prs12082015.pdf,"inferred-exclude: not in NSE current snapshot, no PR found (closed at next semi-annual review)"
3004,Nifty Infrastructure,INDIGO,2017-09-29,,,press_release,https://niftyindices.com/Press_Release/ind_prs28082017.pdf,
3004,Nifty Infrastructure,NBCC,2018-02-05,2018-03-31,,press_release,https://niftyindices.com/Press_Release/ind_prs08012018.pdf,"inferred-exclude: not in NSE current snapshot, no PR found (closed at next semi-annual review)"
3004,Nifty Infrastructure,TORNTPOWER,2018-06-29,2018-09-30,,press_release,https://niftyindices.com/Press_Release/ind_prs24052018.pdf,"inferred-exclude: not in NSE current snapshot, no PR found (closed at next semi-annual review)"
3004,Nifty Infrastructure,CESC,2019-03-29,2019-03-31,,press_release,https://niftyindices.com/Press_Release/ind_prs25022019.pdf,"inferred-exclude: not in NSE current snapshot, no PR found (closed at next semi-annual review)"
3004,Nifty Infrastructure,INDHOTEL,2022-09-30,,,press_release,https://niftyindices.com/Press_Release/ind_prs01092022.pdf,
3004,Nifty Infrastructure,CUMMINSIND,2023-09-29,,,press_release,https://niftyindices.com/Press_Release/ind_prs17082023.pdf,
3004,Nifty Infrastructure,BHARATFORG,2024-03-28,,,press_release,https://niftyindices.com/Press_Release/ind_prs28022024.pdf,
3004,Nifty Infrastructure,INDUSTOWER,2024-09-30,,,press_release,https://niftyindices.com/Press_Release/ind_prs23082024.pdf,
3004,Nifty Infrastructure,MOTHERSON,2024-09-30,,,press_release,https://niftyindices.com/Press_Release/ind_prs23082024.pdf,
3004,Nifty Infrastructure,ADANIGREEN,2025-03-28,,,press_release,https://niftyindices.com/Press_Release/ind_prs21022025.pdf,
3004,Nifty Infrastructure,CGPOWER,2025-03-28,,,press_release,https://niftyindices.com/Press_Release/ind_prs21022025.pdf,
3004,Nifty Infrastructure,MAXHEALTH,2025-03-28,,,press_release,https://niftyindices.com/Press_Release/ind_prs21022025.pdf,
3004,Nifty Infrastructure,SUZLON,2025-09-30,,,press_release,https://niftyindices.com/Press_Release/ind_prs22082025.pdf,
3004,Nifty Infrastructure,FORTIS,2026-03-30,,,press_release,https://niftyindices.com/Press_Release/ind_prs23022026.pdf,
3005,Nifty MNC,CASTROL,2014-01-01,2014-02-28,,snapshot_floor,,closed by ind_prs21022014.pdf
3005,Nifty MNC,ASHOKLEY,2014-01-01,2014-03-28,,snapshot_floor,,closed by ind_prs27022014.pdf
3005,Nifty MNC,MPHASIS,2014-01-01,2015-03-27,,snapshot_floor,,closed by ind_prs20022015.pdf
3005,Nifty MNC,SCHAEFFLER,2018-09-28,2019-09-27,,press_release,https://niftyindices.com/Press_Release/ind_prs28082018.pdf,closed by ind_prs28082019.pdf
3005,Nifty MNC,STRTECH,2018-09-28,2020-06-26,,press_release,https://niftyindices.com/Press_Release/ind_prs28082018.pdf,closed by ind_prs10062020.pdf
3005,Nifty MNC,VEDL,2014-01-01,2020-07-31,,snapshot_floor,,closed by ind_prs02072020_1.pdf
3005,Nifty MNC,SKFINDIA,2018-09-28,2021-03-31,,press_release,https://niftyindices.com/Press_Release/ind_prs28082018.pdf,closed by ind_prs23022021.pdf
3005,Nifty MNC,CRISIL,2018-09-28,2021-09-30,,press_release,https://niftyindices.com/Press_Release/ind_prs28082018.pdf,closed by ind_prs23082021.pdf
3005,Nifty MNC,NAM-INDIA,2020-07-31,2021-09-30,,press_release,https://niftyindices.com/Press_Release/ind_prs02072020_1.pdf,closed by ind_prs23082021.pdf
3005,Nifty MNC,AAVAS,2020-09-25,2022-03-31,,press_release,https://niftyindices.com/Press_Release/ind_prs20082020.pdf,closed by ind_prs08032022.pdf
3005,Nifty MNC,CASTROLIND,2014-01-01,2022-09-30,,snapshot_floor,,closed by ind_prs01092022.pdf
3005,Nifty MNC,WHIRLPOOL,2018-09-28,2022-09-30,,press_release,https://niftyindices.com/Press_Release/ind_prs28082018.pdf,closed by ind_prs01092022.pdf
3005,Nifty MNC,IDEA,2019-09-27,2023-03-31,,press_release,https://niftyindices.com/Press_Release/ind_prs28082019.pdf,closed by ind_prs17022023_1.pdf
3005,Nifty MNC,GLAXO,2018-09-28,2023-09-29,,press_release,https://niftyindices.com/Press_Release/ind_prs28082018.pdf,closed by ind_prs17082023.pdf
3005,Nifty MNC,SANOFI,2018-09-28,2023-09-29,,press_release,https://niftyindices.com/Press_Release/ind_prs28082018.pdf,closed by ind_prs17082023.pdf
3005,Nifty MNC,KANSAINER,2018-09-28,2024-03-28,,press_release,https://niftyindices.com/Press_Release/ind_prs28082018.pdf,closed by ind_prs28022024.pdf
3005,Nifty MNC,PFIZER,2018-09-28,2024-03-28,,press_release,https://niftyindices.com/Press_Release/ind_prs28082018.pdf,closed by ind_prs28022024.pdf
3005,Nifty MNC,MPHASIS,2018-09-28,2024-09-30,,press_release,https://niftyindices.com/Press_Release/ind_prs28082018.pdf,closed by ind_prs23082024.pdf
3005,Nifty MNC,BATAINDIA,2018-09-28,2025-03-28,,press_release,https://niftyindices.com/Press_Release/ind_prs28082018.pdf,closed by ind_prs21022025.pdf
3005,Nifty MNC,GRINDWELL,2022-09-30,2025-03-28,,press_release,https://niftyindices.com/Press_Release/ind_prs01092022.pdf,closed by ind_prs21022025.pdf
3005,Nifty MNC,PGHH,2018-09-28,2025-03-28,,press_release,https://niftyindices.com/Press_Release/ind_prs28082018.pdf,closed by ind_prs21022025.pdf
3005,Nifty MNC,HONAUT,2018-09-28,2025-09-30,,press_release,https://niftyindices.com/Press_Release/ind_prs28082018.pdf,closed by ind_prs22082025.pdf
3005,Nifty MNC,JBCHEPHARM,2024-03-28,2025-09-30,,press_release,https://niftyindices.com/Press_Release/ind_prs28022024.pdf,closed by ind_prs22082025.pdf
3005,Nifty MNC,SKFINDIA,2022-03-31,2025-12-31,,press_release,https://niftyindices.com/Press_Release/ind_prs08032022.pdf,closed by ind_prs11122025.pdf
3005,Nifty MNC,PGHH,2025-09-30,2026-03-30,,press_release,https://niftyindices.com/Press_Release/ind_prs22082025.pdf,closed by ind_prs23022026.pdf
3005,Nifty MNC,CUMMINSIND,2014-01-01,,,snapshot_floor,,
3005,Nifty MNC,3MINDIA,2014-01-01,,,snapshot_floor,,
3005,Nifty MNC,COHANCE,2014-01-01,,,snapshot_floor,,
3005,Nifty MNC,AMBUJACEM,2014-01-01,,,snapshot_floor,,
3005,Nifty MNC,COLPAL,2014-01-01,,,snapshot_floor,,
3005,Nifty MNC,OFSS,2014-01-01,,,snapshot_floor,,
3005,Nifty MNC,HINDUNILVR,2014-01-01,,,snapshot_floor,,
3005,Nifty MNC,SIEMENS,2014-01-01,,,snapshot_floor,,
3005,Nifty MNC,UBL,2014-01-01,,,snapshot_floor,,
3005,Nifty MNC,BOSCHLTD,2014-01-01,,,snapshot_floor,,
3005,Nifty MNC,MARUTI,2014-01-01,,,snapshot_floor,,
3005,Nifty MNC,UNITDSPR,2014-01-01,,,snapshot_floor,,
3005,Nifty MNC,GSKCONS,2014-02-28,2014-03-31,,press_release,https://niftyindices.com/Press_Release/ind_prs21022014.pdf,"inferred-exclude: not in NSE current snapshot, no PR found (closed at next semi-annual review)"
3005,Nifty MNC,BRITANNIA,2014-03-28,,,press_release,https://niftyindices.com/Press_Release/ind_prs27022014.pdf,
3005,Nifty MNC,MCDOWELL-N,2015-03-27,2015-03-31,,press_release,https://niftyindices.com/Press_Release/ind_prs20022015.pdf,"inferred-exclude: not in NSE current snapshot, no PR found (closed at next semi-annual review)"
3005,Nifty MNC,HEXAWARE,2018-09-28,2018-09-30,,press_release,https://niftyindices.com/Press_Release/ind_prs28082018.pdf,"inferred-exclude: not in NSE current snapshot, no PR found (closed at next semi-annual review)"
3005,Nifty MNC,ABBOTINDIA,2019-09-27,,,press_release,https://niftyindices.com/Press_Release/ind_prs28082019.pdf,
3005,Nifty MNC,NESTLEIND,2019-09-27,,,press_release,https://niftyindices.com/Press_Release/ind_prs28082019.pdf,
3005,Nifty MNC,ABB,2020-06-26,,,press_release,https://niftyindices.com/Press_Release/ind_prs10062020.pdf,
3005,Nifty MNC,VEDL,2021-03-31,,,press_release,https://niftyindices.com/Press_Release/ind_prs23022021.pdf,
3005,Nifty MNC,GLAND,2021-09-30,,,press_release,https://niftyindices.com/Press_Release/ind_prs23082021.pdf,
3005,Nifty MNC,SCHAEFFLER,2022-09-30,,,press_release,https://niftyindices.com/Press_Release/ind_prs01092022.pdf,
3005,Nifty MNC,CRISIL,2023-03-31,,,press_release,https://niftyindices.com/Press_Release/ind_prs17022023_1.pdf,
3005,Nifty MNC,LINDEINDIA,2023-09-29,,,press_release,https://niftyindices.com/Press_Release/ind_prs17082023.pdf,
3005,Nifty MNC,TIMKEN,2023-09-29,,,press_release,https://niftyindices.com/Press_Release/ind_prs17082023.pdf,
3005,Nifty MNC,ESCORTS,2024-03-28,,,press_release,https://niftyindices.com/Press_Release/ind_prs28022024.pdf,
3005,Nifty MNC,CASTROLIND,2024-09-30,,,press_release,https://niftyindices.com/Press_Release/ind_prs23082024.pdf,
3005,Nifty MNC,POWERINDIA,2025-03-28,,,press_release,https://niftyindices.com/Press_Release/ind_prs21022025.pdf,
3005,Nifty MNC,HYUNDAI,2025-03-28,,,press_release,https://niftyindices.com/Press_Release/ind_prs21022025.pdf,
3005,Nifty MNC,SUVENPHAR,2025-03-28,2025-03-31,,press_release,https://niftyindices.com/Press_Release/ind_prs21022025.pdf,"inferred-exclude: not in NSE current snapshot, no PR found (closed at next semi-annual review)"
3005,Nifty MNC,ENRIN,2025-09-30,,,press_release,https://niftyindices.com/Press_Release/ind_prs22082025.pdf,
3005,Nifty MNC,NAM-INDIA,2025-12-31,,,press_release,https://niftyindices.com/Press_Release/ind_prs11122025.pdf,
3005,Nifty MNC,AWL,2026-03-30,,,press_release,https://niftyindices.com/Press_Release/ind_prs23022026.pdf,
3005,Nifty MNC,ASHOKLEY,2026-03-31,,,snapshot,,"inferred-include: in NSE current snapshot, no PR found (opened at most-recent semi-annual review)"
3006,Nifty PSE,MMTC,2014-01-01,2014-03-28,,snapshot_floor,,closed by ind_prs27022014.pdf
3006,Nifty PSE,GMDCLTD,2014-01-01,2014-09-26,,snapshot_floor,,closed by ind_prs26082014.pdf
3006,Nifty PSE,IFCI,2014-01-01,2017-09-29,,snapshot_floor,,closed by ind_prs28082017.pdf
3006,Nifty PSE,ENGINERSIN,2014-09-26,2018-04-02,,press_release,https://niftyindices.com/Press_Release/ind_prs26082014.pdf,closed by ind_prs21022018.pdf
3006,Nifty PSE,NBCC,2017-09-29,2018-09-28,,press_release,https://niftyindices.com/Press_Release/ind_prs28082017.pdf,closed by ind_prs28082018.pdf
3006,Nifty PSE,GICRE,2018-04-02,2021-03-31,,press_release,https://niftyindices.com/Press_Release/ind_prs21022018.pdf,closed by ind_prs23022021.pdf
3006,Nifty PSE,NIACL,2018-09-28,2021-03-31,,press_release,https://niftyindices.com/Press_Release/ind_prs28082018.pdf,closed by ind_prs23022021.pdf
3006,Nifty PSE,NMDC,2014-01-01,2022-08-08,,snapshot_floor,,closed by ind_prs11072022.pdf
3006,Nifty PSE,NATIONALUM,2014-03-28,2023-03-31,,press_release,https://niftyindices.com/Press_Release/ind_prs27022014.pdf,closed by ind_prs17022023_1.pdf
3006,Nifty PSE,LICI,2022-08-08,2024-09-30,,press_release,https://niftyindices.com/Press_Release/ind_prs11072022.pdf,closed by ind_prs23082024.pdf
3006,Nifty PSE,SAIL,2014-01-01,2025-03-28,,snapshot_floor,,closed by ind_prs21022025.pdf
3006,Nifty PSE,COALINDIA,2014-01-01,,,snapshot_floor,,
3006,Nifty PSE,HINDPETRO,2014-01-01,,,snapshot_floor,,
3006,Nifty PSE,ONGC,2014-01-01,,,snapshot_floor,,
3006,Nifty PSE,BPCL,2014-01-01,,,snapshot_floor,,
3006,Nifty PSE,NTPC,2014-01-01,,,snapshot_floor,,
3006,Nifty PSE,BEL,2014-01-01,,,snapshot_floor,,
3006,Nifty PSE,POWERGRID,2014-01-01,,,snapshot_floor,,
3006,Nifty PSE,BHEL,2014-01-01,,,snapshot_floor,,
3006,Nifty PSE,NHPC,2014-01-01,,,snapshot_floor,,
3006,Nifty PSE,CONCOR,2014-01-01,,,snapshot_floor,,
3006,Nifty PSE,PFC,2014-01-01,,,snapshot_floor,,
3006,Nifty PSE,IOC,2014-01-01,,,snapshot_floor,,
3006,Nifty PSE,RECLTD,2014-01-01,,,snapshot_floor,,
3006,Nifty PSE,OIL,2014-01-01,,,snapshot_floor,,
3006,Nifty PSE,GAIL,2014-01-01,,,snapshot_floor,,
3006,Nifty PSE,HAL,2021-03-31,,,press_release,https://niftyindices.com/Press_Release/ind_prs23022021.pdf,
3006,Nifty PSE,IRCTC,2021-03-31,,,press_release,https://niftyindices.com/Press_Release/ind_prs23022021.pdf,
3006,Nifty PSE,NMDC,2023-03-31,,,press_release,https://niftyindices.com/Press_Release/ind_prs17022023_1.pdf,
3006,Nifty PSE,IRFC,2024-09-30,,,press_release,https://niftyindices.com/Press_Release/ind_prs23082024.pdf,
3006,Nifty PSE,RVNL,2025-03-28,,,press_release,https://niftyindices.com/Press_Release/ind_prs21022025.pdf,
3007,Nifty Services Sector,CANBK,2014-01-01,2014-03-28,,snapshot_floor,,closed by ind_prs27022014.pdf
3007,Nifty Services Sector,RPOWER,2014-01-01,2015-03-27,,snapshot_floor,,closed by ind_prs20022015.pdf
3007,Nifty Services Sector,BANKINDIA,2014-01-01,2015-09-28,,snapshot_floor,,closed by ind_prs12082015.pdf
3007,Nifty Services Sector,RELINFRA,2014-01-01,2015-09-28,,snapshot_floor,,closed by ind_prs12082015.pdf
3007,Nifty Services Sector,PNB,2014-01-01,2017-09-29,,snapshot_floor,,closed by ind_prs28082017.pdf
3007,Nifty Services Sector,RECLTD,2014-01-01,2018-09-28,,snapshot_floor,,closed by ind_prs28082018.pdf
3007,Nifty Services Sector,IDEA,2014-01-01,2019-03-29,,snapshot_floor,,closed by ind_prs25022019.pdf
3007,Nifty Services Sector,BANKBARODA,2014-01-01,2019-09-27,,snapshot_floor,,closed by ind_prs28082019.pdf
3007,Nifty Services Sector,TATAPOWER,2014-01-01,2019-09-27,,snapshot_floor,,closed by ind_prs28082019.pdf
3007,Nifty Services Sector,YESBANK,2014-01-01,2020-03-19,,snapshot_floor,,closed by ind_prs16032020.pdf
3007,Nifty Services Sector,SAMMAANCAP,2015-09-28,2020-06-26,,press_release,https://niftyindices.com/Press_Release/ind_prs12082015.pdf,closed by ind_prs10062020.pdf
3007,Nifty Services Sector,LICHSGFIN,2014-01-01,2020-06-26,,snapshot_floor,,closed by ind_prs10062020.pdf
3007,Nifty Services Sector,RBLBANK,2018-09-28,2020-09-25,,press_release,https://niftyindices.com/Press_Release/ind_prs28082018.pdf,closed by ind_prs20082020.pdf
3007,Nifty Services Sector,CONCOR,2015-09-28,2021-03-31,,press_release,https://niftyindices.com/Press_Release/ind_prs12082015.pdf,closed by ind_prs23022021.pdf
3007,Nifty Services Sector,FEDERALBNK,2015-03-27,2021-03-31,,press_release,https://niftyindices.com/Press_Release/ind_prs20022015.pdf,closed by ind_prs23022021.pdf
3007,Nifty Services Sector,PETRONET,2019-03-29,2021-09-30,,press_release,https://niftyindices.com/Press_Release/ind_prs25022019.pdf,closed by ind_prs23082021.pdf
3007,Nifty Services Sector,BANDHANBNK,2020-03-19,2022-03-31,,press_release,https://niftyindices.com/Press_Release/ind_prs16032020.pdf,closed by ind_prs08032022.pdf
3007,Nifty Services Sector,ICICIPRULI,2020-09-25,2022-03-31,,press_release,https://niftyindices.com/Press_Release/ind_prs20082020.pdf,closed by ind_prs08032022.pdf
3007,Nifty Services Sector,ZEEL,2014-01-01,2022-09-30,,snapshot_floor,,closed by ind_prs01092022.pdf
3007,Nifty Services Sector,HDFC,2014-01-01,2023-07-13,,snapshot_floor,,closed by ind_prs04072023.pdf
3007,Nifty Services Sector,ATGL,2022-03-31,2023-09-29,,press_release,https://niftyindices.com/Press_Release/ind_prs08032022.pdf,closed by ind_prs17082023.pdf
3007,Nifty Services Sector,ADANIENSOL,2022-03-31,2024-03-28,,press_release,https://niftyindices.com/Press_Release/ind_prs08032022.pdf,closed by ind_prs28022024.pdf
3007,Nifty Services Sector,ICICIGI,2020-06-26,2024-03-28,,press_release,https://niftyindices.com/Press_Release/ind_prs10062020.pdf,closed by ind_prs28022024.pdf
3007,Nifty Services Sector,ADANIGREEN,2021-03-31,2025-03-28,,press_release,https://niftyindices.com/Press_Release/ind_prs23022021.pdf,closed by ind_prs21022025.pdf
3007,Nifty Services Sector,LTM,2023-07-13,2025-09-30,,press_release,https://niftyindices.com/Press_Release/ind_prs04072023.pdf,closed by ind_prs22082025.pdf
3007,Nifty Services Sector,AXISBANK,2014-01-01,,,snapshot_floor,,
3007,Nifty Services Sector,ICICIBANK,2014-01-01,,,snapshot_floor,,
3007,Nifty Services Sector,WIPRO,2014-01-01,,,snapshot_floor,,
3007,Nifty Services Sector,POWERGRID,2014-01-01,,,snapshot_floor,,
3007,Nifty Services Sector,HDFCBANK,2014-01-01,,,snapshot_floor,,
3007,Nifty Services Sector,SBIN,2014-01-01,,,snapshot_floor,,
3007,Nifty Services Sector,INFY,2014-01-01,,,snapshot_floor,,
3007,Nifty Services Sector,BAJFINANCE,2014-01-01,,,snapshot_floor,,
3007,Nifty Services Sector,INDUSINDBK,2014-01-01,,,snapshot_floor,,
3007,Nifty Services Sector,NTPC,2014-01-01,,,snapshot_floor,,
3007,Nifty Services Sector,BHARTIARTL,2014-01-01,,,snapshot_floor,,
3007,Nifty Services Sector,SHRIRAMFIN,2014-01-01,,,snapshot_floor,,
3007,Nifty Services Sector,TCS,2014-01-01,,,snapshot_floor,,
3007,Nifty Services Sector,TECHM,2014-01-01,,,snapshot_floor,,
3007,Nifty Services Sector,KOTAKBANK,2014-01-01,,,snapshot_floor,,
3007,Nifty Services Sector,HCLTECH,2014-01-01,,,snapshot_floor,,
3007,Nifty Services Sector,GAIL,2014-01-01,,,snapshot_floor,,
3007,Nifty Services Sector,ADANIPORTS,2014-03-28,,,press_release,https://niftyindices.com/Press_Release/ind_prs27022014.pdf,
3007,Nifty Services Sector,BAJAJFINSV,2017-09-29,,,press_release,https://niftyindices.com/Press_Release/ind_prs28082017.pdf,
3007,Nifty Services Sector,HDFCLIFE,2019-09-27,,,press_release,https://niftyindices.com/Press_Release/ind_prs28082019.pdf,
3007,Nifty Services Sector,SBILIFE,2019-09-27,,,press_release,https://niftyindices.com/Press_Release/ind_prs28082019.pdf,
3007,Nifty Services Sector,NAUKRI,2020-06-26,,,press_release,https://niftyindices.com/Press_Release/ind_prs10062020.pdf,
3007,Nifty Services Sector,DMART,2021-03-31,,,press_release,https://niftyindices.com/Press_Release/ind_prs23022021.pdf,
3007,Nifty Services Sector,APOLLOHOSP,2021-09-30,,,press_release,https://niftyindices.com/Press_Release/ind_prs23082021.pdf,
3007,Nifty Services Sector,TATAPOWER,2022-09-30,,,press_release,https://niftyindices.com/Press_Release/ind_prs01092022.pdf,
3007,Nifty Services Sector,MAXHEALTH,2023-09-29,,,press_release,https://niftyindices.com/Press_Release/ind_prs17082023.pdf,
3007,Nifty Services Sector,JIOFIN,2024-03-28,,,press_release,https://niftyindices.com/Press_Release/ind_prs28022024.pdf,
3007,Nifty Services Sector,ETERNAL,2024-03-28,,,press_release,https://niftyindices.com/Press_Release/ind_prs28022024.pdf,
3007,Nifty Services Sector,INDIGO,2025-03-28,,,press_release,https://niftyindices.com/Press_Release/ind_prs21022025.pdf,
3007,Nifty Services Sector,BSE,2025-09-30,,,press_release,https://niftyindices.com/Press_Release/ind_prs22082025.pdf,
3008,Nifty India Manufacturing,ABBOTINDIA,2021-08-04,2021-09-30,,snapshot_floor,,closed by ind_prs15092021.pdf
3008,Nifty India Manufacturing,ALKEM,2021-08-04,2021-09-30,,snapshot_floor,,closed by ind_prs15092021.pdf
3008,Nifty India Manufacturing,COCHINSHIP,2021-08-04,2021-09-30,,snapshot_floor,,closed by ind_prs15092021.pdf
3008,Nifty India Manufacturing,VIPIND,2021-08-04,2021-09-30,,snapshot_floor,,closed by ind_prs15092021.pdf
3008,Nifty India Manufacturing,CASTROLIND,2021-08-04,2022-03-31,,snapshot_floor,,closed by ind_prs08032022.pdf
3008,Nifty India Manufacturing,ENDURANCE,2021-09-30,2022-03-31,,press_release,https://niftyindices.com/Press_Release/ind_prs15092021.pdf,closed by ind_prs08032022.pdf
3008,Nifty India Manufacturing,GMMPFAUDLR,2021-08-04,2022-03-31,,snapshot_floor,,closed by ind_prs08032022.pdf
3008,Nifty India Manufacturing,HINDPETRO,2021-08-04,2022-03-31,,snapshot_floor,,closed by ind_prs08032022.pdf
3008,Nifty India Manufacturing,JINDALSTEL,2021-09-30,2022-03-31,,press_release,https://niftyindices.com/Press_Release/ind_prs15092021.pdf,closed by ind_prs08032022.pdf
3008,Nifty India Manufacturing,SCHAEFFLER,2021-08-04,2022-03-31,,snapshot_floor,,closed by ind_prs08032022.pdf
3008,Nifty India Manufacturing,AARTIIND,2021-08-04,2022-05-04,,snapshot_floor,,closed by ind_prs05042022.pdf
3008,Nifty India Manufacturing,NIFTY,2021-08-04,2022-05-04,,snapshot_floor,,closed by ind_prs05042022.pdf
3008,Nifty India Manufacturing,BHEL,2021-08-04,2022-09-30,,snapshot_floor,,closed by ind_prs01092022.pdf
3008,Nifty India Manufacturing,EXIDEIND,2021-08-04,2022-09-30,,snapshot_floor,,closed by ind_prs01092022.pdf
3008,Nifty India Manufacturing,HEG,2021-09-30,2022-09-30,,press_release,https://niftyindices.com/Press_Release/ind_prs15092021.pdf,closed by ind_prs01092022.pdf
3008,Nifty India Manufacturing,SAIL,2021-09-30,2022-09-30,,press_release,https://niftyindices.com/Press_Release/ind_prs15092021.pdf,closed by ind_prs01092022.pdf
3008,Nifty India Manufacturing,WELSPUNIND,2022-03-31,2022-09-30,,press_release,https://niftyindices.com/Press_Release/ind_prs08032022.pdf,closed by ind_prs01092022.pdf
3008,Nifty India Manufacturing,ZYDUSLIFE,2021-08-04,2022-09-30,,snapshot_floor,,closed by ind_prs01092022.pdf
3008,Nifty India Manufacturing,ALOKINDS,2022-09-30,2023-03-31,,press_release,https://niftyindices.com/Press_Release/ind_prs01092022.pdf,closed by ind_prs17022023_1.pdf
3008,Nifty India Manufacturing,ARE&M,2021-08-04,2023-03-31,,snapshot_floor,,closed by ind_prs17022023_1.pdf
3008,Nifty India Manufacturing,AUROPHARMA,2021-08-04,2023-03-31,,snapshot_floor,,closed by ind_prs17022023_1.pdf
3008,Nifty India Manufacturing,BIOCON,2021-08-04,2023-03-31,,snapshot_floor,,closed by ind_prs17022023_1.pdf
3008,Nifty India Manufacturing,GLAND,2021-09-30,2023-03-31,,press_release,https://niftyindices.com/Press_Release/ind_prs15092021.pdf,closed by ind_prs17022023_1.pdf
3008,Nifty India Manufacturing,GNFC,2022-09-30,2023-03-31,,press_release,https://niftyindices.com/Press_Release/ind_prs01092022.pdf,closed by ind_prs17022023_1.pdf
3008,Nifty India Manufacturing,SUNDRMFAST,2021-08-04,2023-03-31,,snapshot_floor,,closed by ind_prs17022023_1.pdf
3008,Nifty India Manufacturing,UNOMINDA,2022-03-31,2023-03-31,,press_release,https://niftyindices.com/Press_Release/ind_prs08032022.pdf,closed by ind_prs17022023_1.pdf
3008,Nifty India Manufacturing,WHIRLPOOL,2021-08-04,2023-03-31,,snapshot_floor,,closed by ind_prs17022023_1.pdf
3008,Nifty India Manufacturing,ATUL,2021-08-04,2023-09-29,,snapshot_floor,,closed by ind_prs17082023.pdf
3008,Nifty India Manufacturing,GRAPHITE,2021-08-04,2023-09-29,,snapshot_floor,,closed by ind_prs17082023.pdf
3008,Nifty India Manufacturing,GRINDWELL,2022-03-31,2023-09-29,,press_release,https://niftyindices.com/Press_Release/ind_prs08032022.pdf,closed by ind_prs17082023.pdf
3008,Nifty India Manufacturing,LAURUSLABS,2021-09-30,2023-09-29,,press_release,https://niftyindices.com/Press_Release/ind_prs15092021.pdf,closed by ind_prs17082023.pdf
3008,Nifty India Manufacturing,MOTHERSON,2023-03-31,2023-09-29,,press_release,https://niftyindices.com/Press_Release/ind_prs17022023_1.pdf,closed by ind_prs17082023.pdf
3008,Nifty India Manufacturing,CHAMBLFERT,2021-08-04,2024-03-28,,snapshot_floor,,closed by ind_prs28022024.pdf
3008,Nifty India Manufacturing,FLUOROCHEM,2023-03-31,2024-03-28,,press_release,https://niftyindices.com/Press_Release/ind_prs17022023_1.pdf,closed by ind_prs28022024.pdf
3008,Nifty India Manufacturing,HINDCOPPER,2021-09-30,2024-03-28,,press_release,https://niftyindices.com/Press_Release/ind_prs15092021.pdf,closed by ind_prs28022024.pdf
3008,Nifty India Manufacturing,RELAXO,2021-08-04,2024-03-28,,snapshot_floor,,closed by ind_prs28022024.pdf
3008,Nifty India Manufacturing,TIMKEN,2023-09-29,2024-03-28,,press_release,https://niftyindices.com/Press_Release/ind_prs17082023.pdf,closed by ind_prs28022024.pdf
3008,Nifty India Manufacturing,TRIDENT,2022-03-31,2024-03-28,,press_release,https://niftyindices.com/Press_Release/ind_prs08032022.pdf,closed by ind_prs28022024.pdf
3008,Nifty India Manufacturing,BATAINDIA,2021-08-04,2024-09-30,,snapshot_floor,,closed by ind_prs23082024.pdf
3008,Nifty India Manufacturing,GRINDWELL,2024-03-28,2024-09-30,,press_release,https://niftyindices.com/Press_Release/ind_prs28022024.pdf,closed by ind_prs23082024.pdf
3008,Nifty India Manufacturing,KAJARIACER,2021-08-04,2024-09-30,,snapshot_floor,,closed by ind_prs23082024.pdf
3008,Nifty India Manufacturing,NAVINFLUOR,2021-08-04,2024-09-30,,snapshot_floor,,closed by ind_prs23082024.pdf
3008,Nifty India Manufacturing,SUNDRMFAST,2023-09-29,2024-09-30,,press_release,https://niftyindices.com/Press_Release/ind_prs17082023.pdf,closed by ind_prs23082024.pdf
3008,Nifty India Manufacturing,CARBORUNIV,2023-09-29,2025-03-28,,press_release,https://niftyindices.com/Press_Release/ind_prs17082023.pdf,closed by ind_prs21022025.pdf
3008,Nifty India Manufacturing,LLOYDSME,2024-09-30,2025-03-28,,press_release,https://niftyindices.com/Press_Release/ind_prs23082024.pdf,closed by ind_prs21022025.pdf
3008,Nifty India Manufacturing,METROBRAND,2024-09-30,2025-03-28,,press_release,https://niftyindices.com/Press_Release/ind_prs23082024.pdf,closed by ind_prs21022025.pdf
3008,Nifty India Manufacturing,SCHAEFFLER,2023-03-31,2025-03-28,,press_release,https://niftyindices.com/Press_Release/ind_prs17022023_1.pdf,closed by ind_prs21022025.pdf
3008,Nifty India Manufacturing,SKFINDIA,2021-08-04,2025-03-28,,snapshot_floor,,closed by ind_prs21022025.pdf
3008,Nifty India Manufacturing,TIMKEN,2024-09-30,2025-03-28,,press_release,https://niftyindices.com/Press_Release/ind_prs23082024.pdf,closed by ind_prs21022025.pdf
3008,Nifty India Manufacturing,DEEPAKNTR,2022-03-31,2025-09-30,,press_release,https://niftyindices.com/Press_Release/ind_prs08032022.pdf,closed by ind_prs22082025.pdf
3008,Nifty India Manufacturing,EXIDEIND,2023-09-29,2025-09-30,,press_release,https://niftyindices.com/Press_Release/ind_prs17082023.pdf,closed by ind_prs22082025.pdf
3008,Nifty India Manufacturing,HEROMOTOCO,2021-08-04,2025-09-30,,snapshot_floor,,closed by ind_prs22082025.pdf
3008,Nifty India Manufacturing,HINDCOPPER,2024-09-30,2025-09-30,,press_release,https://niftyindices.com/Press_Release/ind_prs23082024.pdf,closed by ind_prs22082025.pdf
3008,Nifty India Manufacturing,TATACHEM,2021-08-04,2025-09-30,,snapshot_floor,,closed by ind_prs22082025.pdf
3008,Nifty India Manufacturing,TEJASNET,2023-09-29,2025-09-30,,press_release,https://niftyindices.com/Press_Release/ind_prs17082023.pdf,closed by ind_prs22082025.pdf
3008,Nifty India Manufacturing,ABREL,2021-08-04,2026-03-30,,snapshot_floor,,closed by ind_prs23022026.pdf
3008,Nifty India Manufacturing,FLUOROCHEM,2024-09-30,2026-03-30,,press_release,https://niftyindices.com/Press_Release/ind_prs23082024.pdf,closed by ind_prs23022026.pdf
3008,Nifty India Manufacturing,MANKIND,2025-09-30,2026-03-30,,press_release,https://niftyindices.com/Press_Release/ind_prs22082025.pdf,closed by ind_prs23022026.pdf
3008,Nifty India Manufacturing,MRF,2021-08-04,,,snapshot_floor,,
3008,Nifty India Manufacturing,BPCL,2021-08-04,,,snapshot_floor,,
3008,Nifty India Manufacturing,TMPV,2021-08-04,,,snapshot_floor,,
3008,Nifty India Manufacturing,HAVELLS,2021-08-04,,,snapshot_floor,,
3008,Nifty India Manufacturing,CROMPTON,2021-08-04,,,snapshot_floor,,
3008,Nifty India Manufacturing,HINDALCO,2021-08-04,,,snapshot_floor,,
3008,Nifty India Manufacturing,HONAUT,2021-08-04,,,snapshot_floor,,
3008,Nifty India Manufacturing,ESCORTS,2021-08-04,,,snapshot_floor,,
3008,Nifty India Manufacturing,PIIND,2021-08-04,,,snapshot_floor,,
3008,Nifty India Manufacturing,SIEMENS,2021-08-04,,,snapshot_floor,,
3008,Nifty India Manufacturing,COROMANDEL,2021-08-04,,,snapshot_floor,,
3008,Nifty India Manufacturing,VOLTAS,2021-08-04,,,snapshot_floor,,
3008,Nifty India Manufacturing,HAL,2021-08-04,,,snapshot_floor,,
3008,Nifty India Manufacturing,CIPLA,2021-08-04,,,snapshot_floor,,
3008,Nifty India Manufacturing,LUPIN,2021-08-04,,,snapshot_floor,,
3008,Nifty India Manufacturing,SOLARINDS,2021-08-04,,,snapshot_floor,,
3008,Nifty India Manufacturing,BEL,2021-08-04,,,snapshot_floor,,
3008,Nifty India Manufacturing,BOSCHLTD,2021-08-04,,,snapshot_floor,,
3008,Nifty India Manufacturing,AIAENG,2021-08-04,,,snapshot_floor,,
3008,Nifty India Manufacturing,RELIANCE,2021-08-04,,,snapshot_floor,,
3008,Nifty India Manufacturing,ASTRAL,2021-08-04,,,snapshot_floor,,
3008,Nifty India Manufacturing,MARUTI,2021-08-04,,,snapshot_floor,,
3008,Nifty India Manufacturing,EICHERMOT,2021-08-04,,,snapshot_floor,,
3008,Nifty India Manufacturing,IOC,2021-08-04,,,snapshot_floor,,
3008,Nifty India Manufacturing,BHARATFORG,2021-08-04,,,snapshot_floor,,
3008,Nifty India Manufacturing,DIXON,2021-08-04,,,snapshot_floor,,
3008,Nifty India Manufacturing,DIVISLAB,2021-08-04,,,snapshot_floor,,
3008,Nifty India Manufacturing,CUMMINSIND,2021-08-04,,,snapshot_floor,,
3008,Nifty India Manufacturing,ABB,2021-08-04,,,snapshot_floor,,
3008,Nifty India Manufacturing,PIDILITIND,2021-08-04,,,snapshot_floor,,
3008,Nifty India Manufacturing,ASHOKLEY,2021-08-04,,,snapshot_floor,,
3008,Nifty India Manufacturing,M&M,2021-08-04,,,snapshot_floor,,
3008,Nifty India Manufacturing,VEDL,2021-08-04,,,snapshot_floor,,
3008,Nifty India Manufacturing,TORNTPHARM,2021-08-04,,,snapshot_floor,,
3008,Nifty India Manufacturing,DRREDDY,2021-08-04,,,snapshot_floor,,
3008,Nifty India Manufacturing,APLAPOLLO,2021-08-04,,,snapshot_floor,,
3008,Nifty India Manufacturing,TATASTEEL,2021-08-04,,,snapshot_floor,,
3008,Nifty India Manufacturing,UPL,2021-08-04,,,snapshot_floor,,
3008,Nifty India Manufacturing,SRF,2021-08-04,,,snapshot_floor,,
3008,Nifty India Manufacturing,TIINDIA,2021-08-04,,,snapshot_floor,,
3008,Nifty India Manufacturing,BAJAJ-AUTO,2021-08-04,,,snapshot_floor,,
3008,Nifty India Manufacturing,PAGEIND,2021-08-04,,,snapshot_floor,,
3008,Nifty India Manufacturing,SUNPHARMA,2021-08-04,,,snapshot_floor,,
3008,Nifty India Manufacturing,POLYCAB,2021-08-04,,,snapshot_floor,,
3008,Nifty India Manufacturing,BALKRISIND,2021-08-04,,,snapshot_floor,,
3008,Nifty India Manufacturing,JSWSTEEL,2021-08-04,,,snapshot_floor,,
3008,Nifty India Manufacturing,SUPREMEIND,2021-08-04,,,snapshot_floor,,
3008,Nifty India Manufacturing,HINDZINC,2021-08-04,,,snapshot_floor,,
3008,Nifty India Manufacturing,LINDEINDIA,2021-09-30,,,press_release,https://niftyindices.com/Press_Release/ind_prs15092021.pdf,
3008,Nifty India Manufacturing,CGPOWER,2022-03-31,,,press_release,https://niftyindices.com/Press_Release/ind_prs08032022.pdf,
3008,Nifty India Manufacturing,SONACOMS,2022-03-31,,,press_release,https://niftyindices.com/Press_Release/ind_prs08032022.pdf,
3008,Nifty India Manufacturing,KPRMILL,2022-09-30,,,press_release,https://niftyindices.com/Press_Release/ind_prs01092022.pdf,
3008,Nifty India Manufacturing,MAZDOCK,2023-03-31,,,press_release,https://niftyindices.com/Press_Release/ind_prs17022023_1.pdf,
3008,Nifty India Manufacturing,AUROPHARMA,2023-09-29,,,press_release,https://niftyindices.com/Press_Release/ind_prs17082023.pdf,
3008,Nifty India Manufacturing,JINDALSTEL,2023-09-29,,,press_release,https://niftyindices.com/Press_Release/ind_prs17082023.pdf,
3008,Nifty India Manufacturing,KEI,2023-09-29,,,press_release,https://niftyindices.com/Press_Release/ind_prs17082023.pdf,
3008,Nifty India Manufacturing,TVSMOTOR,2023-09-29,,,press_release,https://niftyindices.com/Press_Release/ind_prs17082023.pdf,
3008,Nifty India Manufacturing,ZYDUSLIFE,2023-09-29,,,press_release,https://niftyindices.com/Press_Release/ind_prs17082023.pdf,
3008,Nifty India Manufacturing,CASTROLIND,2024-03-28,,,press_release,https://niftyindices.com/Press_Release/ind_prs28022024.pdf,
3008,Nifty India Manufacturing,CENTURYTEX,2024-03-28,2024-03-31,,press_release,https://niftyindices.com/Press_Release/ind_prs28022024.pdf,"inferred-exclude: not in NSE current snapshot, no PR found (closed at next semi-annual review)"
3008,Nifty India Manufacturing,SUZLON,2024-03-28,,,press_release,https://niftyindices.com/Press_Release/ind_prs28022024.pdf,
3008,Nifty India Manufacturing,BHEL,2024-09-30,,,press_release,https://niftyindices.com/Press_Release/ind_prs23082024.pdf,
3008,Nifty India Manufacturing,COCHINSHIP,2024-09-30,,,press_release,https://niftyindices.com/Press_Release/ind_prs23082024.pdf,
3008,Nifty India Manufacturing,ALKEM,2025-03-28,,,press_release,https://niftyindices.com/Press_Release/ind_prs21022025.pdf,
3008,Nifty India Manufacturing,BLUESTARCO,2025-03-28,,,press_release,https://niftyindices.com/Press_Release/ind_prs21022025.pdf,
3008,Nifty India Manufacturing,HSCL,2025-03-28,,,press_release,https://niftyindices.com/Press_Release/ind_prs21022025.pdf,
3008,Nifty India Manufacturing,HYUNDAI,2025-03-28,,,press_release,https://niftyindices.com/Press_Release/ind_prs21022025.pdf,
3008,Nifty India Manufacturing,KAYNES,2025-03-28,,,press_release,https://niftyindices.com/Press_Release/ind_prs21022025.pdf,
3008,Nifty India Manufacturing,NAVINFLUOR,2025-09-30,,,press_release,https://niftyindices.com/Press_Release/ind_prs22082025.pdf,
3008,Nifty India Manufacturing,ENRIN,2025-09-30,,,press_release,https://niftyindices.com/Press_Release/ind_prs22082025.pdf,
3008,Nifty India Manufacturing,UNOMINDA,2025-09-30,,,press_release,https://niftyindices.com/Press_Release/ind_prs22082025.pdf,
3008,Nifty India Manufacturing,ANTHEM,2026-03-30,,,press_release,https://niftyindices.com/Press_Release/ind_prs23022026.pdf,
3008,Nifty India Manufacturing,GVT&D,2026-03-30,,,press_release,https://niftyindices.com/Press_Release/ind_prs23022026.pdf,
3008,Nifty India Manufacturing,HINDCOPPER,2026-03-30,,,press_release,https://niftyindices.com/Press_Release/ind_prs23022026.pdf,
3008,Nifty India Manufacturing,LAURUSLABS,2026-03-30,,,press_release,https://niftyindices.com/Press_Release/ind_prs23022026.pdf,
3008,Nifty India Manufacturing,TMCV,2026-03-30,,,press_release,https://niftyindices.com/Press_Release/ind_prs23022026.pdf,
3008,Nifty India Manufacturing,MOTHERSON,2026-03-31,,,snapshot,,"inferred-include: in NSE current snapshot, no PR found (opened at most-recent semi-annual review)"
3009,Nifty India Defence,IDEAFORGE,2024-04-02,2025-03-28,,snapshot_floor,,closed by ind_prs21022025.pdf
3009,Nifty India Defence,DCXINDIA,2024-04-02,2025-09-30,,snapshot_floor,,closed by ind_prs22082025.pdf
3009,Nifty India Defence,CYIENTDLM,2025-03-28,2026-03-30,,press_release,https://niftyindices.com/Press_Release/ind_prs21022025.pdf,closed by ind_prs23022026.pdf
3009,Nifty India Defence,UNIMECH,2025-03-28,2026-03-30,,press_release,https://niftyindices.com/Press_Release/ind_prs21022025.pdf,closed by ind_prs23022026.pdf
3009,Nifty India Defence,HAL,2024-04-02,,,snapshot_floor,,
3009,Nifty India Defence,COCHINSHIP,2024-04-02,,,snapshot_floor,,
3009,Nifty India Defence,PARAS,2024-04-02,,,snapshot_floor,,
3009,Nifty India Defence,GRSE,2024-04-02,,,snapshot_floor,,
3009,Nifty India Defence,SOLARINDS,2024-04-02,,,snapshot_floor,,
3009,Nifty India Defence,MTARTECH,2024-04-02,,,snapshot_floor,,
3009,Nifty India Defence,BEL,2024-04-02,,,snapshot_floor,,
3009,Nifty India Defence,MIDHANI,2024-04-02,,,snapshot_floor,,
3009,Nifty India Defence,ASTRAMICRO,2024-04-02,,,snapshot_floor,,
3009,Nifty India Defence,BDL,2024-04-02,,,snapshot_floor,,
3009,Nifty India Defence,ZENTEC,2024-04-02,,,snapshot_floor,,
3009,Nifty India Defence,DATAPATTNS,2024-04-02,,,snapshot_floor,,
3009,Nifty India Defence,MAZDOCK,2024-04-02,,,snapshot_floor,,
3009,Nifty India Defence,DYNAMATECH,2024-09-30,,,press_release,https://niftyindices.com/Press_Release/ind_prs23082024.pdf,
3009,Nifty India Defence,BEML,2025-03-28,,,press_release,https://niftyindices.com/Press_Release/ind_prs21022025.pdf,
3009,Nifty India Defence,BHARATFORG,2025-09-30,,,press_release,https://niftyindices.com/Press_Release/ind_prs22082025.pdf,
3009,Nifty India Defence,AEQUS,2026-03-30,,,press_release,https://niftyindices.com/Press_Release/ind_prs23022026.pdf,
3009,Nifty India Defence,APOLLO,2026-03-30,,,press_release,https://niftyindices.com/Press_Release/ind_prs23022026.pdf,
3009,Nifty India Defence,AXISCADES,2026-03-30,,,press_release,https://niftyindices.com/Press_Release/ind_prs23022026.pdf,
3010,Nifty India Corporate Group - Tata 25% Cap,TATACOMM,2014-09-23,2018-06-29,,snapshot_floor,,closed by ind_prs24052018.pdf
3010,Nifty India Corporate Group - Tata 25% Cap,TAJGVK,2014-09-23,2020-09-25,,snapshot_floor,,closed by ind_prs20082020.pdf
3010,Nifty India Corporate Group - Tata 25% Cap,TATASTLBSL,2020-09-25,2021-04-29,,press_release,https://niftyindices.com/Press_Release/ind_prs20082020.pdf,closed by ind_prs22042021.pdf
3010,Nifty India Corporate Group - Tata 25% Cap,NSE,2014-09-23,2021-04-29,,snapshot_floor,,closed by ind_prs22042021.pdf
3010,Nifty India Corporate Group - Tata 25% Cap,TATASTLLP,2014-09-23,2023-11-17,,snapshot_floor,,closed by ind_prs09112023.pdf
3010,Nifty India Corporate Group - Tata 25% Cap,TINPLATE,2014-09-23,2024-01-19,,snapshot_floor,,closed by ind_prs10012024.pdf
3010,Nifty India Corporate Group - Tata 25% Cap,TATAMETALI,2014-09-23,2024-02-06,,snapshot_floor,,closed by ind_prs30012024.pdf
3010,Nifty India Corporate Group - Tata 25% Cap,VOLTAS,2014-09-23,,,snapshot_floor,,
3010,Nifty India Corporate Group - Tata 25% Cap,TATASTEEL,2014-09-23,,,snapshot_floor,,
3010,Nifty India Corporate Group - Tata 25% Cap,TMCV,2014-09-23,,,snapshot_floor,,
3010,Nifty India Corporate Group - Tata 25% Cap,TITAN,2014-09-23,,,snapshot_floor,,
3010,Nifty India Corporate Group - Tata 25% Cap,TATAPOWER,2014-09-23,,,snapshot_floor,,
3010,Nifty India Corporate Group - Tata 25% Cap,INDHOTEL,2014-09-23,,,snapshot_floor,,
3010,Nifty India Corporate Group - Tata 25% Cap,TMPV,2014-09-23,,,snapshot_floor,,
3010,Nifty India Corporate Group - Tata 25% Cap,TCS,2014-09-23,,,snapshot_floor,,
3010,Nifty India Corporate Group - Tata 25% Cap,TATACONSUM,2014-09-23,,,snapshot_floor,,
3010,Nifty India Corporate Group - Tata 25% Cap,TRENT,2018-06-29,,,press_release,https://niftyindices.com/Press_Release/ind_prs24052018.pdf,
3010,Nifty India Corporate Group - Tata 25% Cap,TATACHEM,2020-09-25,2020-09-30,,press_release,https://niftyindices.com/Press_Release/ind_prs20082020.pdf,"inferred-exclude: not in NSE current snapshot, no PR found (closed at next semi-annual review)"
3010,Nifty India Corporate Group - Tata 25% Cap,TATACOMM,2020-09-25,2020-09-30,,press_release,https://niftyindices.com/Press_Release/ind_prs20082020.pdf,"inferred-exclude: not in NSE current snapshot, no PR found (closed at next semi-annual review)"
3010,Nifty India Corporate Group - Tata 25% Cap,TTML,2020-09-25,2020-09-30,,press_release,https://niftyindices.com/Press_Release/ind_prs20082020.pdf,"inferred-exclude: not in NSE current snapshot, no PR found (closed at next semi-annual review)"
3010,Nifty India Corporate Group - Tata 25% Cap,TATATECH,2023-12-29,2024-03-31,,press_release,https://niftyindices.com/Press_Release/ind_prs07122023.pdf,"inferred-exclude: not in NSE current snapshot, no PR found (closed at next semi-annual review)"
3011,Nifty India Select 5 Corporate Groups (MAATR),TATAINVEST,2024-12-26,,,snapshot_floor,,
3011,Nifty India Select 5 Corporate Groups (MAATR),ADANIPOWER,2024-12-26,,,snapshot_floor,,
3011,Nifty India Select 5 Corporate Groups (MAATR),ULTRACEMCO,2024-12-26,,,snapshot_floor,,
3011,Nifty India Select 5 Corporate Groups (MAATR),IDEA,2024-12-26,,,snapshot_floor,,
3011,Nifty India Select 5 Corporate Groups (MAATR),ADANIGREEN,2024-12-26,,,snapshot_floor,,
3011,Nifty India Select 5 Corporate Groups (MAATR),TATAELXSI,2024-12-26,,,snapshot_floor,,
3011,Nifty India Select 5 Corporate Groups (MAATR),ATGL,2024-12-26,,,snapshot_floor,,
3011,Nifty India Select 5 Corporate Groups (MAATR),ABLBL,2024-12-26,,,snapshot_floor,,
3011,Nifty India Select 5 Corporate Groups (MAATR),TATAPOWER,2024-12-26,,,snapshot_floor,,
3011,Nifty India Select 5 Corporate Groups (MAATR),TMPV,2024-12-26,,,snapshot_floor,,
3011,Nifty India Select 5 Corporate Groups (MAATR),ADANIENSOL,2024-12-26,,,snapshot_floor,,
3011,Nifty India Select 5 Corporate Groups (MAATR),HINDALCO,2024-12-26,,,snapshot_floor,,
3011,Nifty India Select 5 Corporate Groups (MAATR),AMBUJACEM,2024-12-26,,,snapshot_floor,,
3011,Nifty India Select 5 Corporate Groups (MAATR),TATACHEM,2024-12-26,,,snapshot_floor,,
3011,Nifty India Select 5 Corporate Groups (MAATR),TATACOMM,2024-12-26,,,snapshot_floor,,
3011,Nifty India Select 5 Corporate Groups (MAATR),TRENT,2024-12-26,,,snapshot_floor,,
3011,Nifty India Select 5 Corporate Groups (MAATR),ADANIPORTS,2024-12-26,,,snapshot_floor,,
3011,Nifty India Select 5 Corporate Groups (MAATR),ABCAPITAL,2024-12-26,,,snapshot_floor,,
3011,Nifty India Select 5 Corporate Groups (MAATR),M&M,2024-12-26,,,snapshot_floor,,
3011,Nifty India Select 5 Corporate Groups (MAATR),VOLTAS,2024-12-26,,,snapshot_floor,,
3011,Nifty India Select 5 Corporate Groups (MAATR),ABSLAMC,2024-12-26,,,snapshot_floor,,
3011,Nifty India Select 5 Corporate Groups (MAATR),TATASTEEL,2024-12-26,,,snapshot_floor,,
3011,Nifty India Select 5 Corporate Groups (MAATR),ADANIENT,2024-12-26,,,snapshot_floor,,
3011,Nifty India Select 5 Corporate Groups (MAATR),M&MFIN,2024-12-26,,,snapshot_floor,,
3011,Nifty India Select 5 Corporate Groups (MAATR),TITAN,2024-12-26,,,snapshot_floor,,
3011,Nifty India Select 5 Corporate Groups (MAATR),TTML,2024-12-26,,,snapshot_floor,,
3011,Nifty India Select 5 Corporate Groups (MAATR),INDHOTEL,2024-12-26,,,snapshot_floor,,
3011,Nifty India Select 5 Corporate Groups (MAATR),INDIACEM,2024-12-26,,,snapshot_floor,,
3011,Nifty India Select 5 Corporate Groups (MAATR),TCS,2024-12-26,,,snapshot_floor,,
3011,Nifty India Select 5 Corporate Groups (MAATR),TATACAP,2024-12-26,,,snapshot_floor,,
3011,Nifty India Select 5 Corporate Groups (MAATR),TMCV,2024-12-26,,,snapshot_floor,,
3011,Nifty India Select 5 Corporate Groups (MAATR),TECHM,2024-12-26,,,snapshot_floor,,
3011,Nifty India Select 5 Corporate Groups (MAATR),RELIANCE,2024-12-26,,,snapshot_floor,,
3011,Nifty India Select 5 Corporate Groups (MAATR),JIOFIN,2024-12-26,,,snapshot_floor,,
3011,Nifty India Select 5 Corporate Groups (MAATR),GRASIM,2024-12-26,,,snapshot_floor,,
3011,Nifty India Select 5 Corporate Groups (MAATR),ABFRL,2024-12-26,,,snapshot_floor,,
3011,Nifty India Select 5 Corporate Groups (MAATR),CEMPRO,2024-12-26,,,snapshot_floor,,
3011,Nifty India Select 5 Corporate Groups (MAATR),TEJASNET,2024-12-26,,,snapshot_floor,,
3011,Nifty India Select 5 Corporate Groups (MAATR),ACC,2024-12-26,,,snapshot_floor,,
3011,Nifty India Select 5 Corporate Groups (MAATR),TATATECH,2024-12-26,,,snapshot_floor,,
3011,Nifty India Select 5 Corporate Groups (MAATR),TATACONSUM,2024-12-26,,,snapshot_floor,,
3011,Nifty India Select 5 Corporate Groups (MAATR),ABREL,2024-12-26,,,snapshot_floor,,
